"Authors","Author full names","Author(s) ID","Title","Year","Source title","Volume","Issue","Art. No.","Page start","Page end","Cited by","DOI","Link","Abstract","Index Keywords","Document Type","Publication Stage","Open Access","Source","EID"
"Liu H.; Wei Z.; Du Y.; Lu B.; Yang F.; Li X.; Feng Z.","Liu, Haotian (58631776300); Wei, Zhiqing (59662782800); Du, Yucong (57887538900); Lu, Bohao (60651412900); Yang, Furong (59074493300); Li, Xingwang (56152312500); Feng, Zhiyong (59599234100)","58631776300; 59662782800; 57887538900; 60651412900; 59074493300; 56152312500; 59599234100","WCTNet-ISAC: A Two-Stage Scheme With CSI Enhancement and High-Precision Synchronization for Uplink ISAC Signal Processing","2026","IEEE Transactions on Mobile Computing","25","10","","17634","17652","0","10.1109/TMC.2026.3697394","https://www.scopus.com/pages/publications/105040170712?origin=resultslist","Uplink (UL) integrated sensing and communication (ISAC) has attracted significant attention for sixth-generation mobile networks due to its low hardware modification costs and compatibility with standard communication signals. However, UL ISAC signal processing faces two main challenges: 1) Effectively mitigating the impact of time offset (TO) and carrier frequency offset (CFO) on both communication and sensing remains a key challenge. 2) High-precision separation and parameter estimation for congested UL echoes are challenging. To address these challenges, this paper proposes a novel two-stage signal processing scheme for UL ISAC, termed “WCTNet-ISAC”, to achieve reliable communication and high-precision sensing. The first stage designs a new neural network, the wireless channel transformer network (WCTNet), for the estimation of TO and CFO as well as for channel state information enhancement, thereby mitigating the impact of synchronization errors on UL ISAC. In the second stage, we propose an iterative grid matching sensing (IGMS) method for low-complexity and high-precision parameter estimation, thereby obtaining high-precision localization and velocity estimation of the scatterers. The simulation results demonstrate the superiority of the WCTNet-ISAC scheme over the existing UL ISAC signal processing schemes in terms of communication and sensing performance. Compared to the state-of-the-art grid search-based parameter estimation method, the IGMS method reduces runtime by 23.7% with the same estimation accuracy. © 2026 IEEE. All rights reserved.","Carrier communication; Data handling; Frequency estimation; Mobile telecommunication systems; Signal processing; Synchronization; Wireless networks; Carrier frequency offset; Carrier frequency offsets; Data driven; Data-driven signal processing; Integrated sensing; Integrated sensing and communication; Signal-processing; Time offset; Time offsets; Uplink sensing; Iterative methods","Article","Final","","Scopus","2-s2.0-105040170712"
"Li J.; Sun Z.; Sha T.; Zong W.; Lu Q.; Jin Z.; Xiong H.; Xie Y.","Li, Jiahui (57788243400); Sun, Zhuxi (57697229600); Sha, Tongyu (60819139200); Zong, Weijia (60818746200); Lu, Qiudi (60419137200); Jin, Zhangping (59741523300); Xiong, Hao (57190293745); Xie, Yannan (26026164400)","57788243400; 57697229600; 60819139200; 60818746200; 60419137200; 59741523300; 57190293745; 26026164400","N-type Ag2Te/Mo2TiC2Tx hybrid film for flexible thermoelectric sensing system enabled rapid IoT-enabled fire early warning","2026","Chemical Engineering Journal","547","","180993","","","0","10.1016/j.cej.2026.180993","https://www.scopus.com/pages/publications/105048924120?origin=resultslist","Rapid and reliable fire early-warning technologies are essential for safeguarding human safety in the Internet of Things (IoT) era, yet remain limited by insufficient response speed, lack of energy autonomy, and poor system integration. Here, we develop a flexible thermoelectric sensing system for high-temperature fire early warning by integrating material design with system-level engineering. The sensing element is constructed from a one-dimensional/two-dimensional (1D/2D) hybrid composed of high-aspect-ratio Ag2Te nanowires and dual-transition-metal Mo2TiC2Tₓ o-MXene nanosheets, enabling efficient carrier transport and enhanced thermal sensitivity. The Ag2Te/Mo2TiC2Tx hybrid film show a high-power factor of 7.2 μW m−1 K−2 at 40% MXene content. By coupling the thermoelectric module with a microcontroller and wireless communication unit, an IoT-enabled platform is established for real-time heat-source detection and remote alarm. The system delivers rapid signal generation (3 s) and supports tunable threshold-based warning (100 °C), allowing accurate identification of fire hazards and proactive response under dynamic conditions. This work demonstrates a materials-to-system integrated strategy for thermoelectric sensing and provides a practical pathway toward wearable, intelligent fire early-warning technologies in smart environments. © 2026","Fire hazards; Fire protection; Fires; High temperature engineering; Molybdenum compounds; Silver compounds; Tellurium compounds; Temperature; Thermoelectric equipment; Thermoelectricity; Early warning; Flexible thermometric; Human safety; Hybrid film; Internet of thing sensing; O-mxene; Sensing systems; Temperature early warning; Thermoelectric; Warning technologies; Aspect ratio","Article","Final","","Scopus","2-s2.0-105048924120"
"Choi S.-H.; Kim Y.-J.; Seo J.-W.; Lee D.-H.; Lee J.-H.; Choi S.-J.","Choi, Seung-Ho (57412848400); Kim, Yeon-Joo (59402778000); Seo, Jae-Woo (57412990600); Lee, Dong-Hee (60040971600); Lee, Ji-Hyun (58029752000); Choi, Seon-Jin (37101425600)","57412848400; 59402778000; 57412990600; 60040971600; 58029752000; 37101425600","Metal-dependent sensitivity modulation in chemiresistive anion sensing with meso-squaramide-substituted metalloporphyrin selectors","2026","Chemical Engineering Journal","545","","178754","","","0","10.1016/j.cej.2026.178754","https://www.scopus.com/pages/publications/105044422981?origin=resultslist","Molecular selectors with multiple binding sites are crucial for developing highly sensitive chemical sensors by increasing the density of chemical interactions within sensing layers. However, multiple analyte binding in a single selector is challenging due to the repulsion between the analytes. Herein, we synthesized selectors (MP4SQs, M = Co, Cu, and Zn) by incorporating squaramide moieties onto metalloporphyrins (MTPyPs). The porphyrin scaffold provides a spatially arranged platform for four squaramide moieties, while the central metal modulates the electron density of the macrocycle. The anion binding properties of MP4SQs revealed deprotonation of squaramide moieties upon the addition of acetate (AcO−) and fluoride (F−). To transduce chemical interactions into electrical signals, chemiresistive sensors were developed by functionalizing MP4SQs onto poly(4-vinylpyridine)-wrapped single-walled carbon nanotubes. The sensitivity of the sensor was varied depending on the central metal, and the ZnP4SQ functionalized sensor exhibited much improved responses of 43.45 ± 2.29% and 38.75 ± 2.49% toward 167 μM of AcO− and F−, respectively. Finally, the chemiresistive sensors were integrated with a wireless communication module to demonstrate real-time and on-site detection. By adopting deep learning-based data analysis, the sensor system discriminated AcO−, F−, and interfering anions, achieving accurate concentration predictions. © 2026 Elsevier B.V.","Binding energy; Binding sites; Chemical sensors; Copper compounds; Learning systems; Negative ions; Porphyrins; Scaffolds; Single-walled carbon nanotubes (SWCN); Yarn; Zinc compounds; Anion selector; Anion sensing; Central metals; Chemical interactions; Chemiresistive sensors; Deep-learning; Metalloporphyrins; Multiple binding sites; Sensing layers; Squaramides; Deep learning; Deprotonation","Article","Final","","Scopus","2-s2.0-105044422981"
"SONG Z.; ZHANG L.; WANG S.; JIN X.; AN J.","SONG, Zhe (57227722400); ZHANG, Luyou (60748142600); WANG, Shuai (55924577100); JIN, Xin (60748142700); AN, Jianping (13607037700)","57227722400; 60748142600; 55924577100; 60748142700; 13607037700","An integrated sensing and random access scheme for the aircraft-to-LEO satellite uplink","2026","Chinese Journal of Aeronautics","39","10","104349","","","0","10.1016/j.cja.2026.104349","https://www.scopus.com/pages/publications/105045112842?origin=resultslist","The Low-Altitude Economy (LAE) has become an important emerging industry and a key growth driver for leading economies worldwide. As a new generation of space-based information infrastructure, Low-Earth Orbit (LEO) satellites can provide wide-area, highly reliable, and low-latency communication support for LAE applications. However, the extensive coverage of a single LEO satellite may lead to contention for uplink resources among hundreds or even thousands of aerial nodes within its service area. In this context, achieving efficient collision avoidance alongside precise sensing of range and velocity is critical. This paper proposes an integrated sensing and random access scheme based on Contention Resolution Diversity Slotted ALOHA (CRDSA) for the aircraft-to-LEO satellite uplink. The proposed scheme establishes a unified transmission framework that facilitates simultaneous random access and independent sensing, while maintaining the standard frame structure and the inherent conflict resolution performance of CRDSA. Building upon this framework, we further develop range and velocity estimation algorithms that leverage both coherent and non-coherent integration, thereby providing an efficient integrated communication and sensing solution for low-altitude infrastructure. To benchmark the performance of the estimators, the Cramér-Rao Lower Bound for the estimation error is derived. Numerical results demonstrate that the proposed coherent integration-based sensing algorithm outperforms its non-coherent counterpart, and that the integrated design achieves a performance gain of approximately 3 dB compared to conventional separated approaches. © 2026 The Authors","Antennas; Benchmarking; Communication satellites; Cramer-Rao bounds; Earth (planet); Economics; Fighter aircraft; Satellite communication systems; Structural frames; Contention resolution; Contention resolution diversity slotted ALOHA; Crame-Rao lower bounds; Cramer Rao lower bound; Integrated sensing; Integrated sensing and random access; Low altitudes; Low earth orbit satellites; Low-altitude economy; Random access; Orbits","Article","Final","All Open Access; Hybrid Gold Open Access","Scopus","2-s2.0-105045112842"
"Rui Y.; Zhuge Y.; Shi J.; Liao P.; Skruch P.; Xu Y.; Mei P.; Lu X.; Karimi H.R.","Rui, Yingxu (57199211828); Zhuge, Yi (60714475500); Shi, Junqing (26531704200); Liao, Peng (57204572482); Skruch, Paweł (26538956900); Xu, Yang (60725449000); Mei, Peng (57219599832); Lu, Xiaoshu (60725353700); Karimi, Hamid Reza (59268604900)","57199211828; 60714475500; 26531704200; 57204572482; 26538956900; 60725449000; 57219599832; 60725353700; 59268604900","Learning-Based Risk-Perception Strategies for Intelligent Co-Control of Energy Efficiency and Safety in Autonomous Driving: A Survey","2026","Journal of Artificial Intelligence and Soft Computing Research","16","4","","367","395","0","10.2478/jaiscr-2026-0018","https://www.scopus.com/pages/publications/105043937657?origin=resultslist","The integration of intelligent transportation systems and autonomous driving is reshaping modern mobility by mitigating the longstanding trade-off between traffic efficiency and road safety. Enabled by vehicle-to-everything (V2X) communications, connected and autonomous vehicles (CAVs) are increasingly integrated into vehicle-road-cloud collaborative networks, resulting in measurable improvements in traffic capacity, energy efficiency, and collision avoidance. However, the coexistence of CAVs, human-driven vehicles, and vulnerable road users (VRUs) introduces complex challenges in collaborative control, real-time risk perception, and data security. To address these issues, this review synthesizes recent advances through a tripartite lens: collaborative driving, risk-aware perception, and energy-efficient operation. Our analysis identifies three recurring scientific questions: (i) how to effectively couple dynamic risk perception with cooperative control under uncertainty; (ii) how to enable secure, privacy-preserving collaboration across heterogeneous agents; and (iii) how to guarantee VRU safety in mixed-autonomy traffic. Representative approaches fall into three categories: (1) multimodal collaborative decision-making frameworks combining hierarchical deep reinforcement learning and model predictive control; (2) federated learning architectures that preserve data privacy while enabling cross-vehicle knowledge sharing; and (3) human-centric safety mechanisms leveraging ultra-wideband sensing and heterogeneous graph neural networks for VRU detection and intent prediction. Collectively, these findings demonstrate that risk-aware, energy-efficient cooperative driving is technically feasible, yet its large-scale deployment hinges on interdisciplinary innovation, standardized communication protocols, and regulatory alignment. © 2026 Yingxu Rui et al.","","Article","Final","All Open Access; Gold Open Access; Green Open Access","Scopus","2-s2.0-105043937657"
"Meena V.; Indra G.","Meena, Vaishali (59704016400); Indra, Gaurav (58537724500)","59704016400; 58537724500","Q-Defender: Admission-time mitigation of persistent coordinated sybil attacks in Semantic-ISAC healthcare systems","2026","Computer Networks","290","","112768","","","0","10.1016/j.comnet.2026.112768","https://www.scopus.com/pages/publications/105051150234?origin=resultslist","Semantic Integrated Sensing and Communication (Semantic-ISAC) is emerging as a key enabler of next-generation Smart Healthcare by supporting on-demand coordination and resource-efficient operation in dense IoMT environments. As these systems grow in scale and complexity, they face increasingly sophisticated threats, including fabricated identities, replayed credentials, impersonation, and Advanced Persistent Coordinated Sybil (APC-Sybil) attacks that can undermine clinical reliability. This paper presents Q-Defender, an admission-time security framework that combines PQC-supported anonymous identity attestation with semantic-temporal coordination analysis to detect persistent Sybil behavior before network access is granted. Q-Defender provides hardware-rooted device onboarding, unlinkable anonymous admission, and lightweight secure communication for medical telemetry. By analyzing the timing and behavioral characteristics of attestation requests, the Semantic-ISAC gateway detects coordinated Sybil formations, identity forgery, replay attempts, and anomalous device behavior before admission. Experimental results show gateway-side decisions within 19.6–32.4 ms and approximately 228 ms end-to-end session establishment for admitted devices, with 1.6 KB communication overhead, a 99.89% Authentication Success Rate (ASR), and a 99.43%–99.53% Sybil Detection Rate (SDR) across default-threshold and mixed APC-Sybil evaluations. Q-Defender therefore enables semantically informed admission with post-quantum credential and session protection, improving the reliability of Semantic-ISAC Smart Healthcare Ecosystems. © 2026 Elsevier B.V.","","Article","Final","","Scopus","2-s2.0-105051150234"
"Han M.; Zhao Y.; Jia Q.; Wei J.; Liu J.; Li J.","Han, Mengjie (58665235000); Zhao, Yiru (57221285611); Jia, Qianqian (57218643597); Wei, Jia (60618636400); Liu, Jianguo (55115957900); Li, Jinye (57211272044)","58665235000; 57221285611; 57218643597; 60618636400; 55115957900; 57211272044","Integrated narrow-linewidth microwave photonic emission front-end based on thin-film lithium niobate and application in FMCW ranging system","2026","Optics and Laser Technology","203","","115434","","","0","10.1016/j.optlastec.2026.115434","https://www.scopus.com/pages/publications/105038208742?origin=resultslist","The development trend of microwave photonics systems is towards integration and miniaturization. In this work, we demonstrate a highly integrated narrow-linewidth microwave photonic emission front-end operating at 1550 nm band. The module simultaneously delivers high-performance characteristics, including a narrow laser linewidth, high output optical power, and broad modulation bandwidth, offering a compact and efficient alternative for microwave photonic transmitters. The monolithic integration of a thin-film lithium niobate (TFLN) microring resonator with an electro-optic modulator enables simultaneous external cavity linewidth narrowing and high-speed signal modulation on a single chip. Experimental results show a laser linewidth of 942.5 Hz, a maximum output power of 8.9 dBm, and a modulation bandwidth of 26.8 GHz. To validate its practicality, the module was employed in a frequency-modulated continuous-wave (FMCW) LiDAR system, achieving a ranging standard deviation of 1.2 cm. This integration significantly simplifies the architecture of photonic ranging systems while improving overall efficiency. The successful realization of this device provides a promising platform for future microwave photonic systems, with considerable application potential in areas such as remote sensing, LiDAR, and high-speed coherent optical communications. © 2026","Frequency modulation; Linewidth; Lithium; Microwave photonics; Modulators; Monolithic integrated circuits; Optical communication; Optical signal processing; Optical transmitters; Photonic devices; Photonic integration technology; Range finding; Frequency modulated continous waves; Front end; Laser line-width; Lithium niobate; Microwave Photonics; Modulation bandwidth; Narrow-line width; Photonic systems; Ranging systems; Thin-films; Optical radar","Article","Final","All Open Access; Hybrid Gold Open Access","Scopus","2-s2.0-105038208742"
"Buttar H.M.; Rahman M.M.U.; Nawaz M.W.; Mian A.N.; Zahid A.; Abbasi Q.H.","Buttar, Hasan Mujtaba (57638512100); Rahman, Muhammad Mahboob Ur (55444274800); Nawaz, Muhammad Wasim (58594643600); Mian, Adnan Noor (57192402708); Zahid, Adnan (57198859755); Abbasi, Qammer H. (35408616600)","57638512100; 55444274800; 58594643600; 57192402708; 57198859755; 35408616600","Non-contact lung disease classification via orthogonal frequency division multiplexing-based passive 6G integrated sensing and communication","2026","Communications Medicine","6","1","9","","","3","10.1038/s43856-025-01181-2","https://www.scopus.com/pages/publications/105026868147?origin=resultslist","Background: The screening tools for respiratory diseases typically involve spirometry (for asthma and COPD), CT scans (for interstitial lung disease), chest X-rays (for pneumonia and tuberculosis), and sputum analysis (for tuberculosis). Methods: This work examines a diagnostic approach whereby a subject’s chest is radio-exposed to non-ionizing 6G/WiFi multi-carrier radio signals at a frequency of 5.23 GHz. The fact that each respiratory disease modulates the amplitude, frequency, and phase of each radio frequency differently allows us to screen for five respiratory diseases: asthma, chronic obstructive pulmonary disease, interstitial lung disease, pneumonia, and tuberculosis. We collect a new dataset (OFDM-Breathe) from 220 individuals in a hospital setting, including 190 patients and 30 healthy controls. The dataset contains over 26,000 s of radio signal recordings across 64 frequencies. Several machine learning and deep learning models are evaluated to classify disease type based on the discriminatory signatures of radio signals. Results: We learn that a vanilla convolutional neural network achieves 98% accuracy in differentiating between the five respiratory diseases, along with strong performance in precision, recall, and F1-score. An ablation study demonstrates that reliable screening with up to 96% accuracy is possible using only eight frequencies, representing just 12.5% of the total bandwidth and leaving 87.5% available for 6G/WiFi data communication. Conclusions: The proposed method could enable real-time respiratory disease screening, could help realize the health equity in developing countries, and lays the groundwork for 6G/WiFi-enabled integrated sensing and communication platforms for healthcare systems of the future. © The Author(s) 2025.","","Article","Final","All Open Access; Gold Open Access; Green Open Access","Scopus","2-s2.0-105026868147"
"Xiao Q.; Chen L.; Ma Q.; Ning Y.M.; Cai Z.X.; Zhang Y.; Gu Z.; You J.W.; Tsai D.P.; Cui T.J.","Xiao, Qiang (57209661949); Chen, Long (58553900500); Ma, Qian (57195936510); Ning, Yu Ming (55524336100); Cai, Zi Xuan (59648306100); Zhang, Yi (59828575400); Gu, Ze (57226256448); You, Jian Wei (59654967800); Tsai, Din Ping (57216484515); Cui, Tie Jun (59438300000)","57209661949; 58553900500; 57195936510; 55524336100; 59648306100; 59828575400; 57226256448; 59654967800; 57216484515; 59438300000","Trivial-nontrivial programmable topological metasurfaces for sensing and communication","2026","Light: Science and Applications","15","1","354","","","0","10.1038/s41377-026-02419-x","https://www.scopus.com/pages/publications/105047940875?origin=resultslist","Trivial-nontrivial topological switching provides a distinctive physical pathway for multifunctional electromagnetic systems, yet has never been exploited for integrated sensing and communication (ISAC). Existing ISAC architectures rely almost exclusively on trivial spatial-wave beamforming, constraining near-field sensing robustness and limiting hardware scalability in 6 G scenarios. Here, we propose an intelligent ISAC platform enabled by a programmable topological metasurface (PTM) that dynamically switches between trivial radiation states and non-trivial valley-Hall states, which is achieved through FPGA-controlled symmetry modulation of the PTM’s unit cells. In its non-trivial state, the PTM forms multiple topologically protected domain-wall channels, guiding surface waves with robustness and enabling the extraction of electromagnetic signatures for human localization. A convolutional neural network trained on these signatures achieves a localization accuracy of 99.54%. Upon position recognition, the PTM transitions to its trivial radiation phase, generating spatial phase-gradient beams for directional wireless communication without requiring additional hardware. Experimental results are consistent with theoretical predictions, validating an implementation of topological state switching for dual-mode ISAC functionality. It suggests that topological state programmability could be a potential mechanism for building compact, robust, and intelligent electromagnetic platforms for next-generation wireless systems. © The Author(s) 2026.","Topology; Communication architectures; Electromagnetic systems; Hardware scalability; Integrated sensing; Metasurface; Multifunctionals; Near fields; Non-trivial; Topological state; Wave beamforming; Surface waves","Article","Final","All Open Access; Gold Open Access; Green Open Access","Scopus","2-s2.0-105047940875"
"Tongpaeng Y.; Chernbumroong S.; Sricharoen W.; Sakarinkhul P.","Tongpaeng, Yootthapong (55975615800); Chernbumroong, Suepphong (57193877293); Sricharoen, Warinda (60810520300); Sakarinkhul, Pokin (57218267675)","55975615800; 57193877293; 60810520300; 57218267675","Conceptual Framework for Multimodal AI-Augmented Depression Screening in Type 2 Diabetes Remission Care","2027","Communications in Computer and Information Science","3094 CCIS","","","287","296","0","10.1007/978-981-92-4305-1_21","https://www.scopus.com/pages/publications/105048471604?origin=resultslist","Type 2 diabetes mellitus (T2DM) remission requires sustained lifestyle modification, which may be associated with psychological burden, thereby increasing the need for timely depression screening. Although the Patient Health Questionnaire-9 (PHQ-9) is widely used for depression screening, it primarily relies on self-reported symptoms and may not fully capture verbal, non-verbal, and physiological cues expressed during assessment. This study proposes a Multimodal Depression Screening Framework to augment PHQ-9-based screening among patients undergoing T2DM remission care. The framework consists of three integrated components: Multimodal Indicator Acquisition, Multimodal Large Language Model-Based Interpretation, and Visualization and Hyper-Realistic Interaction. It captures visual, acoustic, linguistic, heart rate, and breathing rate indicators through webcam, microphone, automatic speech recognition, and non-contact mmWave sensing. These indicators are transformed into structured patient-level summaries and interpreted through an MLLM-based pipeline supported by vision-language modelling, speech-to-text processing, physiological signal interpretation, large language model-based reasoning, and retrieval-augmented generation. The resulting evidence-grounded output is delivered through a hyper-realistic virtual nurse interface that provides real-time dialogue, voice rendering, and emotionally aligned visual feedback. The proposed framework is intended to support, rather than replace, clinical judgment by providing additional interpretable evidence on how patients present during PHQ-9-based assessment. © The Author(s), under exclusive license to Springer Nature Singapore Pte Ltd. 2027.","Biomedical engineering; Biomedical signal processing; Computational linguistics; Diagnosis; Interactive computer systems; Nursing; Physiological models; Physiology; Speech communication; Speech recognition; Virtual reality; Visual communication; Visual languages; Depression screening; Hyper-realistic avatar; Language model; Multi-modal; Multimodal large language model; Patient health; Retrieval-augmented generation; Type 2 diabetes mellitus; Type 2 diabetes remission; Type-2 diabetes; Modeling languages","Conference paper","Final","","Scopus","2-s2.0-105048471604"
"Bandela R.; Komanapalli G.","Bandela, Rajani (60594843700); Komanapalli, Gurumurthy (56964314500)","60594843700; 56964314500","Design and Analysis of SOGV-TFET-Based Photodetectors for Low-Power and High-Sensitivity Applications","2026","Sensing and Imaging","27","1","96","","","2","10.1007/s11220-026-00793-9","https://www.scopus.com/pages/publications/105039420989?origin=resultslist","In this work, a Silicon Optical Gate Vertical Tunnel Field-Effect Transistor (SOGV-TFET) photodetector is investigated for high-performance near-infrared (NIR) sensing in the wavelength range of 750–1050 nm. The incorporation of a vertical optical gate enables efficient photon absorption and effective modulation of the tunneling barrier, thereby enhancing band-to-band tunneling (BTBT) probability at the source–channel interface. The device achieves a steep subthreshold swing (SSavg) of ~48 mV/dec, a high ON-current of A/µm, and an ultra-low dark current of A/µm, collectively contributing to improved photosensitivity. At = 750 nm and an optical intensity of 0.8 W/, the SOGV-TFET demonstrates a responsivity (R) of, an external quantum efficiency of, and a spectral sensitivity (S) of 55.1, with a maximum signal-to-noise ratio (SNR) of 105 dB. Furthermore, trap-assisted analysis reveals that device performance is strongly influenced by trap nature, acceptor-type traps suppress dark current and enhance sensitivity and SNR in the subthreshold regime, while donor-type traps elevate dark leakage and degrade noise performance. These findings prove that the proposed SOGV-TFET combines low-power operation with strong spectral selectivity making it a strong contender for optical communication, biomedical imaging and integrated optoelectronic systems. © The Author(s), under exclusive licence to Springer Science+Business Media, LLC, part of Springer Nature 2026.","Electron tunneling; Gates (transistor); Integrated optoelectronics; Light sensitive materials; Medical imaging; Optical signal processing; Photodetectors; Photons; Quantum efficiency; Sensitivity analysis; Tunnel field effect transistors; Tunnels; Band-to-band tunneling; Band-to-band tunnelling; External quantum efficiency; Near infrared photodetectors; Noise ratio; Optical gates; Responsivity; Signal to noise; Signal-to-noise ratio; Silicon optical gate vertical tunnel field-effect transistor; Trap assisted tunneling; Vertical tunnel field effect transistor; Signal to noise ratio","Article","Final","","Scopus","2-s2.0-105039420989"
"Patwari A.; Pandey A.; Dabade A.; Raiguru P.","Patwari, Ashish (57194198693); Pandey, Ananya (60129327200); Dabade, Aditya (60129790500); Raiguru, Priyadarshini (57113568900)","57194198693; 60129327200; 60129790500; 57113568900","Design and validation of a MATLAB-based GUI for coarray domain analysis of sparse linear arrays","2026","Journal on Advances in Signal Processing","2026","1","16","","","0","10.1186/s13634-025-01284-x","https://www.scopus.com/pages/publications/105041460745?origin=resultslist","This work presents a first-of-its-kind graphical user interface (GUI)-based simulator developed using MATLAB App designer for the comprehensive analysis of sparse linear arrays (SLAs) in the difference coarray (DCA) domain. Sparse sensor arrays have emerged as a critical solution in enhancing signal detection, direction of arrival (DOA) estimation, and beamforming in fields such as wireless communication, radar, sonar, and integrated sensing systems. They offer several advantages over traditional uniform arrays, including reduced system complexity, lower deployment costs, and improved mitigation of mutual coupling effects. The tool enables users to input array configurations, compute DCAs, visualize weight function graphs, and assess the hole-free status of arrays, as applicable for coarray processing. Unlike conventional simulators that focus on radiation pattern visualization (array pattern, main lobe and sidelobe characteristics, azimuth cut, rectangular view, polar view, etc.), this tool addresses the behavior of SLAs from a coarray domain perspective. Numerical validations demonstrate the tool’s correctness, effectiveness, and its potential to foster further research in sparse arrays. This simulator could also be used as a teaching aid to drive home complicated topics and attract young minds toward the fascinating field of sparse array design. © The Author(s) 2025.","Array processing; Direction of arrival; Graphical user interfaces; Array signal processing; Comprehensive analysis; Difference coarray; Domain analysis; MATLAB app designer; Nested arrays; Sensors array; Sparse arrays; Sparse linear arrays; Weight functions; MATLAB","Article","Final","All Open Access; Green Open Access; Hybrid Gold Open Access","Scopus","2-s2.0-105041460745"
"Mohseni Vadeghani E.; Shalileh S.; Ellis A.; Moore T.; Thompson J.; Shahriari D.","Mohseni Vadeghani, Elham (57211937688); Shalileh, Shahriar (57208670512); Ellis, Arthur (60395157700); Moore, Teela (60912799400); Thompson, Jordan (60912799500); Shahriari, Dena (56006873900)","57211937688; 57208670512; 60395157700; 60912799400; 60912799500; 56006873900","A Soft, Conformal, and Implantable Sensor for On-Demand Bladder Volume Monitoring","2026","ACS Applied Bio Materials","9","18","","8765","8778","0","10.1021/acsabm.6c01267","https://www.scopus.com/pages/publications/105051164527?origin=resultslist","Reliable bladder volume monitoring remains a major unmet need for individuals living with an impaired bladder sensation. Current clinical methods provide only intermittent measurements, while recent implantable sensors often rely on localized sensing or relatively rigid interfaces that may limit conformability to the bladder and reliable monitoring of large volumetric changes. These limitations highlight the need for a soft, conformal, and low-power sensing platform capable of capturing bladder deformation during filling and emptying. We present a soft bladder interface (SBI) consisting of a stretchable piezoresistive composite layer that is integrated within a conformal elastomeric frame. The device uses a circumferential sensing architecture to mechanically conform to the external bladder wall without the need for sutures or adhesives and captures volume-dependent expansion. Developed through a rapid laser patterning prototyping approach, the SBI provides a scalable design adaptation for future personalization to different bladder geometries in preclinical animal models and potential human applications. The device was evaluated through benchtop phantom bladder and in vivo rodent studies and demonstrated repeatable volume-dependent responses and real-time bladder volume monitoring. To enable wireless readout, the sensor was interfaced with a commercially available battery-free near-field communication (NFC) evaluation platform, externally powered by a smartphone and connected to a custom-developed application, as a proof-of-concept for on-demand wireless sensing. © 2026 American Chemical Society","Adhesives; Volume measurement; 'current; Bladder interface; Bladder monitoring; Clinical methods; Implantable sensors; Intermittent measurements; Localised; On demands; Soft sensors; Wireless readout; Near field communication","Article","Final","","Scopus","2-s2.0-105051164527"
"Turkmen H.; Sezer B.B.; Şen M.","Turkmen, Hasret (58173639500); Sezer, Bora Bugra (57222992622); Şen, Mustafa (54380915500)","58173639500; 57222992622; 54380915500","Integration of label-free electrochemical sensing, differential privacy deep learning, and blockchain for secure cytotoxicity monitoring","2026","Toxicology in Vitro","116","","106273","","","0","10.1016/j.tiv.2026.106273","https://www.scopus.com/pages/publications/105043079873?origin=resultslist","Here, we present a blockchain-enabled, privacy-preserving platform that integrates label-free differential pulse voltammetry (DPV) measurements with image-based cell viability references for rapid and real-time monitoring of doxorubicin (DOX) induced cytotoxicity in L929 cells. A poly-L-lysine surface modified screen-printed carbon electrode was integrated with a petri dish to develop a cytotoxicity assay that converts toxicity-induced changes in cell coverage and viability into time- and dose-sensitive DPV signals. These signals were paired with percentage viability values obtained from a U-Net-based deep learning segmentation model trained using pseudo-masks generated from Live/Dead images via HSV-based rule-driven thresholding. To mitigate the risk of information leakage from individual images in future shared-data settings, the model was trained with Differential Privacy Stochastic Gradient Descent (DP-SGD) and maintained a validation performance of ≈ 0.94 at an ϵ ≈ 2.6 level. The regression model, built with normalized DPV current, duration, and dose, achieved R2 = 0.943, reflecting time-dose-dependent toxicity. To reduce communication overhead, the data hash was processed on the blockchain via an event-based smart contract. © 2026 Elsevier Ltd","Animals; Antibiotics, Antineoplastic; Blockchain; Cell Line; Cell Survival; Deep Learning; Doxorubicin; Electrochemical Techniques; Mice; Toxicity Tests; doxorubicin; polylysine; antineoplastic antibiotic; doxorubicin; Article; blockchain; cell viability; computer security; cytotoxicity test; data privacy; data processing; deep learning; differential privacy; differential pulse voltammetry; dose response; electrochemical detection; fluorescence imaging; image analysis; information leakage; NCTC clone 929 cell line; process design; segmentation algorithm; validation study; animal; cell line; cell survival; drug effect; electrochemical analysis; mouse; procedures; toxicity testing","Article","Final","","Scopus","2-s2.0-105043079873"
"Tung Y.-C.; Liou E.-C.; Yu C.-H.; Hu P.-C.","Tung, Yi-Chih (57564393500); Liou, En-Cheng (37119090400); Yu, Cheng-Han (59255065900); Hu, Pen-Chih (59255065800)","57564393500; 37119090400; 59255065900; 59255065800","ISAC-inspired hybrid 5G and Wi-Fi fingerprinting for indoor localization: Time-separated evaluation in a multi-story facility","2026","Pervasive and Mobile Computing","123","","102275","","","0","10.1016/j.pmcj.2026.102275","https://www.scopus.com/pages/publications/105047663908?origin=resultslist","This paper presents an Integrated Sensing and Communications (ISAC)-inspired hybrid fingerprinting framework for building-scale indoor localization on commodity smartphones. The framework adopts an opportunistic sensing paradigm, reusing existing 5G NR and Wi-Fi signals without dedicated waveform design. It fuses heterogeneous measurements, including 5G cellular metrics (RSRP/RSRQ/RSSI) and Wi-Fi RSSI from BSSIDs, into fixed-length descriptors. A supervised learning model then maps these descriptors to three-dimensional coordinates (x,y,z), where z encodes floor height. We make three contributions. First, we design a practical NR+Wi-Fi pipeline that lowers surveying overhead and targets deployments in campuses and hospitals. Second, we define a time-separated evaluation protocol: models are trained on an offline campaign and tested on measurements gathered later at the same anchors, probing robustness to ambient changes. Third, we compare DNN, CNN, and Transformer architectures under identical preprocessing and optimization schedules. Experiments in a three-story facility show that the Transformer achieves the best accuracy under the time-separated protocol. Across all floors, it attains a mean error of 4.6m and a median error of 4.2m, outperforming the CNN baseline (5.8m mean, 5.2m median) and the DNN baseline (7.1m mean, 6.5m median). This corresponds to mean-error reductions of approximately 21% vs. CNN and 35% vs. DNN, with similar gains for median error (about 19% and 35%, respectively). Cross-device tests with Google Pixel and Samsung handsets indicate device-robust operation without per-device calibration. A modality ablation further shows that the three 5G NR cellular metrics—just 1.6% of the 189-dimensional input—yield a 13% mean-error reduction over a Wi-Fi-only configuration, evidencing a disproportionately high per-feature contribution from the cellular modality. © 2026","Architecture; Computer architecture; Errors; Indoor positioning systems; Mobile telecommunication systems; Network architecture; Radio communication; Smartphones; Supervised learning; Wi-Fi; Wireless local area networks (WLAN); 5g new radio; Cellulars; Descriptors; Hybrid fingerprinting; Indoor localization; Integrated sensing; Integrated sensing and communication; Mean errors; Transformer architecture; WI - FI; Floors","Article","Final","","Scopus","2-s2.0-105047663908"
"Zhu Y.; Qiu Y.; Zhang S.; Sun Q.; Wang Y.","Zhu, Yinglin (59739672400); Qiu, Yunxi (60789256000); Zhang, Shifu (60912543600); Sun, Qi (57199812632); Wang, Yintao (39763119600)","59739672400; 60789256000; 60912543600; 57199812632; 39763119600","Edge-enhanced graph attention-based multi-agent reinforcement learning for multi-UUV cooperative area protection under communication and sensing constraints","2027","Expert Systems with Applications","334","","134415","","","0","10.1016/j.eswa.2026.134415","https://www.scopus.com/pages/publications/105051196107?origin=resultslist","Multiple unmanned underwater vehicles (multi-UUV) cooperative area protection task imposes high demands on policy adaptability due to time-varying interaction topologies and participant numbers. To address these challenges, this paper proposes a decision-making framework based on edge-enhanced graph attention-based multi-agent twin delayed deep deterministic policy gradient (E2GAT-MATD3), considering limited communication and sensing ranges, communication delays, and measurement noise. Firstly, local observations are modeled as a heterogeneous graph, and an information-constrained state representation is constructed by incorporating communication delays and measurement noise. Secondly, an edge-enhanced graph attention-based (E2GAT) grouped feature representation method is developed, in which communication delays and measurement noise are embedded into attention calculation to enable reliability-aware aggregation of neighboring information. Meanwhile, a placeholder padding mechanism is designed to mitigate dynamic graph sparsification during task execution, thereby improving learning stability. Then, E2GAT is integrated into the actor-critic networks of MATD3, and a coverage increment-based cooperative reward function is designed to optimize cooperative policies. Finally, multi-scenario simulations evaluate the effectiveness of the proposed method, as well as the cross-scale generalization and task adaptability of the learned policy. The results show that it outperforms the baselines in task success rate and completion efficiency. Under the DDPG-based target strategy, E2GAT-MATD3 reduces motion distance, maneuver variation, and interception time by 58.9%, 67.3%, and 62.6%, respectively, compared with DGAE-MATD3, the best-performing baseline. © 2026 Elsevier Ltd. All rights are reserved, including those for text and data mining, AI training, and similar technologies.","Cooperative communication; Decision making; Intelligent agents; Maneuverability; Multi agent systems; Spurious signal noise; Area protection; Communication constraints; Communication delays; Edge-enhanced feature; Graph attention network; Graph sparsification; Measurement Noise; Multi-agent reinforcement learning; Multi-UUV; Multiple unmanned underwater vehicles; Reinforcement learning","Article","Final","","Scopus","2-s2.0-105051196107"
"Mangala N.; Rangwala M.; Aishwarya S.; Reddy B.E.; Buyya R.; Venugopal K.R.; Iyengar S.S.; Patnaik L.M.","Mangala, N. (24344828800); Rangwala, Murtaza (57224856568); Aishwarya, S. (60331747000); Reddy, B. Eswara (59805716300); Buyya, Rajkumar (57194845546); Venugopal, K.R. (58307186900); Iyengar, S.S. (57204520228); Patnaik, L.M. (35481059600)","24344828800; 57224856568; 60331747000; 59805716300; 57194845546; 58307186900; 57204520228; 35481059600","Differential privacy for secure machine learning in healthcare IoT–Cloud systems","2026","Future Generation Computer Systems","183","","108548","","","1","10.1016/j.future.2026.108548","https://www.scopus.com/pages/publications/105037659588?origin=resultslist","Healthcare has become exceptionally sophisticated, as wearables and connected medical devices revolutionize remote patient monitoring, emergency response, medication management, diagnosis, and predictive and prescriptive analytics. Internet of Things and Cloud computing integrated systems (IoT–Cloud) facilitate sensing, automation, and processing for these healthcare applications. While real-time response is crucial for alleviating patient emergencies, protecting patient privacy is paramount in data-driven healthcare. In this paper, we propose a multi-layer IoT, Edge, and Cloud architecture to enhance emergency healthcare response times by distributing tasks based on response criticality and data permanence requirements. We ensure patient privacy through a Differential Privacy framework applied across several machine learning models: K-means, Logistic Regression, Random Forest, and Naive Bayes. We establish a comprehensive threat model identifying three adversary classes and evaluate Laplace, Gaussian, and hybrid noise mechanisms across varying privacy budgets, with supervised algorithms achieving up to 83.6% accuracy. The proposed hybrid Laplace–Gaussian noise mechanism with adaptive budget allocation provides a balanced approach, offering moderate tails and better privacy-utility trade-offs for both low- and high-dimension datasets. At the practical threshold of ɛ[jls-end-space/]=5.0, supervised algorithms achieve 80%–81% accuracy while reducing attribute inference attacks by up to 18% and data reconstruction correlation by 70%. We further enhance security through Blockchain integration, which ensures trusted communication through time-stamping, traceability, and immutability for analytics applications. Edge computing demonstrates 8× latency reduction for emergency scenarios, validating the hierarchical architecture for time-critical operations. © 2026 Published by Elsevier B.V.","Biomedical equipment; Blockchain; Budget control; Cloud computing architecture; Data privacy; Diagnosis; Differential privacy; Edge computing; Emergency services; Gaussian noise (electronic); Health care; Inference engines; Learning systems; Logistic regression; Machine learning; Medical computing; Patient monitoring; Predictive analytics; Response time (computer systems); Cloud systems; Differential privacies; Gaussians; Healthcare IoT; Machine-learning; Noise mechanisms; Patient privacies; Privacy protection; Secure machine learning; Supervised algorithm; Economic and social effects","Article","Final","All Open Access; Green Open Access","Scopus","2-s2.0-105037659588"
"Liang Y.; Wang Y.; Chang F.; Li G.; Zhou W.; Su X.; Li X.; Jiang D.; Wu D.; Wang G.; Qian G.; Xu Y.; Niu Z.; Zheng Y.; Shi Y.","Liang, Yan (58310671800); Wang, Yuxuan (60617284500); Chang, Faran (57195354075); Li, Guanyu (57205753377); Zhou, Wenguang (57730233100); Su, Xiangbin (57203506106); Li, Xiaochen (57211409852); Jiang, Dongwei (56518877300); Wu, Donghai (57188693249); Wang, Guowei (55738682200); Qian, Guang (60616653800); Xu, Yingqiang (36119274500); Niu, Zhichuan (7101688913); Zheng, Youdou (7404836634); Shi, Yi (57324485000)","58310671800; 60617284500; 57195354075; 57205753377; 57730233100; 57203506106; 57211409852; 56518877300; 57188693249; 55738682200; 60616653800; 36119274500; 7101688913; 7404836634; 57324485000","High-speed and broadband μTP-heterogeneously integrated InGaAs/GaAsSb photodetectors for next-generation optical interconnects","2026","PhotoniX","7","1","28","","","1","10.1186/s43074-026-00244-4","https://www.scopus.com/pages/publications/105037928901?origin=resultslist","As communication rates continue to increase and wavelength-division multiplexing (WDM) becomes ubiquitous, the conventional fiber-optic O and C bands no longer suffice. The 2 μm wavelength region has emerged as a promising new window in silicon photonics to meet future high-capacity demands and support next-generation optical communication and sensing. Here, we present a high-speed, high-responsivity InGaAs/GaAsSb type-II superlattice (T2SL) photodetector heterogeneously integrated on silicon via micro-transfer printing (μTP), achieving broadband operation from 0.8 to 2.5 μm. By introducing a cavity between backside Au reflector and low refractive index BCB, the broadband responsivity is significantly enhanced with a 57.9% increase at 2 μm overcoming the conventional trade-off between responsivity and bandwidth. The optimized device demonstrates responsivities of 0.85 A/W at 1.55 μm and 0.6 A/W at 2.0 μm, together with 3dB bandwidths of 17 GHz and 18.7 GHz, respectively, approaching the intrinsic carrier transit limit. A clear eye diagram at 50 Gbps further confirms the high-speed performance. These results establish a new benchmark in the responsivity–bandwidth trade-off for broadband photodetectors and demonstrate μTP as a versatile integration platform for future silicon photonic integrated circuits and optical systems. © The Author(s) 2026.","Bandwidth; Gallium compounds; Integrated circuit interconnects; Optical fiber communication; Optical systems; Optical waveguides; Photonic devices; Photonic integrated circuits; Photonic integration technology; Photons; Refractive index; Semiconducting indium; Silicon photonics; +GaAsSb; Communication rate; Conventional fibers; Fiber-optics; High Speed; Optical interconnect; Responsivity; Trade off; Wavelength division; ΜTP integrated; Economic and social effects; Optical interconnects; Photodetectors","Article","Final","All Open Access; Gold Open Access; Green Open Access","Scopus","2-s2.0-105037928901"
"Wang Z.; Zhang X.; Wei Y.; Xu H.; Zhao L.; Zhao J.; Tian B.","Wang, Zhiming (56508569100); Zhang, Ximing (60430730200); Wei, Yupeng (60121257100); Xu, Huan (58038981500); Zhao, Liang (59326054700); Zhao, Jiguang (57219626337); Tian, Bing (57220993444)","56508569100; 60430730200; 60121257100; 58038981500; 59326054700; 57219626337; 57220993444","Energy efficient resource allocation for power transmission line monitoring sensor networks","2026","Journal on Wireless Communications and Networking","2026","1","44","","","2","10.1186/s13638-025-02536-y","https://www.scopus.com/pages/publications/105035331098?origin=resultslist","With the large-scale deployment of integrated sensing devices for power transmission line monitoring sensor networks (PTLMSN), the shortage of wireless spectrum resources is a growing problem in advanced communication and networking technology for smart grid. Device to-Device (D2D)-based green cognitive radio networks are considered as a key technology to alleviate wireless spectrum scarcity, but it faces the challenge of channel uncertainty. How to ensure energy efficiency and meet delay requirements in the presence of channel information uncertainty is a key issue to be addressed for PTLMSN. To address this issue, we consider the impact of channel uncertainty on PTLMSN using Device-to-Device (D2D) techniques and propose an energy-efficient resource allocation scheme for delay-constrained PTLMSN. We develop a queue-based delay model and propose an Energy Efficiency(EE)stochastic optimization model with delay constraints. The model is difficult to solve due to channel uncertainty. We simplify the stochastic constraints and propose a resource allocation algorithm that balances energy efficiency and delay guarantee performance of PTLMSN under uncertain channel information. In addition, we analyze the performance of the resource allocation algorithm, including complexity and feasibility. Simulation results show that the proposed algorithm has good Interference Efficiency (IE) and EE. © The Author(s) 2026.","Cognitive radio; Computational complexity; Energy efficiency; Green computing; Optimization; Radio systems; Resource allocation; Smart power grids; Stochastic systems; Uncertainty analysis; Wireless sensor networks; Channel uncertainties; Communication and computing; D2D communications; Energy; Integrated sensing; Monitoring sensors; Power transmission line monitoring sensor network; Power transmission lines; Sensors network; Transmission line monitoring; Stochastic models","Article","Final","All Open Access; Hybrid Gold Open Access","Scopus","2-s2.0-105035331098"
"Nguyen D.M.; Tran H.P.M.; Le D.T.; Nguyen H.A.; Nguyen N.H.; Luu T.H.; Nguyen T.Q.H.","Nguyen, Duc Manh (60148736500); Tran, Huynh Phuong Mai (60774354300); Le, Dac Tuyen (57197252708); Nguyen, Hai Anh (58726728100); Nguyen, Ngoc Hieu (57224310284); Luu, Tien Hung (60774109600); Nguyen, Thi Quynh Hoa (22985385700)","60148736500; 60774354300; 57197252708; 58726728100; 57224310284; 60774109600; 22985385700","Design of a broadband and high-efficiency metasurface for anomalous reflection and focusing in the terahertz region","2026","Physica B: Condensed Matter","741","","419092","","","0","10.1016/j.physb.2026.419092","https://www.scopus.com/pages/publications/105046521694?origin=resultslist","Terahertz metasurfaces provide an attractive route toward compact wavefront-shaping devices. However, achieving broadband and high-efficiency operation simultaneously remains challenging owing to the difficulty of sustaining a complete phase response while maintaining high reflection amplitude across a wide spectral range within conventional metasurface architectures. Here, we propose a broadband reflective metasurface platform for efficient manipulation of circularly polarized (CP) THz waves based on geometric-phase engineering. The proposed metasurface consists of a dielectric substrate integrated with a double-side axes resonator backed by a metallic ground plane. By rotating the anisotropic resonator, a complete 2π phase modulation is achieved through the Pancharatnam–Berry (PB) mechanism while maintaining reflected orthogonal CP amplitudes higher than 0.9 over the broad frequency range from 0.78 to 1.82 THz. Utilizing the broadband response of the unit cell, broadband anomalous reflection and planar focusing functionalities for reflected CP waves are numerically demonstrated for reflected CP waves over 1.0–1.8 THz and 1.0–1.6 THz, respectively. In particular, stable anomalous reflection is achieved over 1.0–1.8 THz with anomalous reflection efficiencies reaching 94.5%, while tunable reflection angles ranging from approximately 15° to 71° are realized through engineered phase gradients from 45° to 90°. In addition, the proposed reflective CP metalens demonstrates broadband focusing performance from 1.0 to 1.6 THz, producing well-defined focal spots with focal lengths varying from 1.042 to 1.600 mm. These findings provide an effective route toward multifunctional and highly efficient THz metadevices for broadband wavefront engineering, imaging, sensing, and next-generation wireless communication systems. © 2026 Elsevier B.V.","Dielectric materials; Efficiency; Focusing; Metamaterials; Resonators; Substrates; Wavefronts; Anomalous reflection; Circularly polarized waves; Circularly-polarized; Higher efficiency; MetaLens; Metasurface; Tera Hertz; Terahertz region; THz; Wave front shaping; Terahertz waves","Article","Final","","Scopus","2-s2.0-105046521694"
"Shang Y.; Li H.","Shang, Yibo (59457377200); Li, Hongling (55438278700)","59457377200; 55438278700","IGWO-AS: An enhanced grey wolf optimizer for relay-node deployment in LoRa-based smart greenhouse systems","2026","Smart Agricultural Technology","15","","102538","","","0","10.1016/j.atech.2026.102538","https://www.scopus.com/pages/publications/105049279876?origin=resultslist","Greenhouse Internet of Things (IoT) systems often suffer from uneven sensing coverage and unstable long-range communication links in obstacle-constrained environments, which limits the stability of environmental monitoring and control. To address these issues, this study proposes an integrated algorithm–system framework for relay-node deployment in LoRa-based smart greenhouse systems. An improved Grey Wolf Optimizer, termed IGWO-AS, is developed by incorporating an adaptive phase adjustment mechanism (APAM), a stochastic disturbance-based diversity enhancement mechanism (SDDE), and a communication-aware simulated annealing acceptance criterion (SAIAC). These mechanisms are designed to regulate the exploration–exploitation transition, maintain population diversity, and improve local-optimum escape while considering communication feasibility. In addition, a LoRa-based three-layer greenhouse architecture is constructed, consisting of the perception layer, network layer, and application layer, to support environmental sensing, data transmission, cloud-side management, and closed-loop regulation.Field experiments conducted in a (Formula presented) obstacle-constrained greenhouse show that IGWO-AS achieved a measured effective coverage rate of 93.5% and the lowest average packet-loss rate of 0.2% at 100 m among the tested deployment schemes. After mapping the fine-grid simulation output to the (Formula presented) field-scale grid, the deviation between mapped simulation coverage and measured field coverage was 3.5 percentage points. Parameter sensitivity analysis, ablation experiments, multi-scenario comparative simulations, and statistical stability analysis further demonstrated that IGWO-AS achieved faster convergence, higher final coverage, and more stable optimization results than the selected benchmark algorithms, especially in larger and obstacle-constrained greenhouse scenarios. The results indicate that the proposed IGWO-AS-based deployment method and LoRa system architecture provide a practical basis for reliable greenhouse monitoring and future integration with advanced closed-loop control strategies. © 2026 Published by Elsevier B.V. This is an open access article under the CC BY-NC-ND license. http://creativecommons.org/licenses/by-nc-nd/4.0/","","Article","Final","All Open Access; Gold Open Access; Green Open Access","Scopus","2-s2.0-105049279876"
"Hernández-Martín L.; Pellegrini S.; Rizzelli G.; Ania-Castañón J.D.; Martins H.F.; Gaudino R.","Hernández-Martín, Laura (59941144200); Pellegrini, Saverio (58303981400); Rizzelli, Giuseppe (36701870000); Ania-Castañón, Juan Diego (6602472316); Martins, Hugo F. (37124516000); Gaudino, Roberto (35617110500)","59941144200; 58303981400; 36701870000; 6602472316; 37124516000; 35617110500","Experimental Study on Chirped-Pulse DAS Coexistence With DWDM High-Speed Coherent Communication Systems in C + L Bands","2026","IEEE Photonics Journal ","18","5","0601609","","","0","10.1109/JPHOT.2026.3726117","https://www.scopus.com/pages/publications/105048512927?origin=resultslist","The coexistence of optical fiber sensing technologies with densely deployed telecommunication infrastructures is a topic of high interest in the context of integrated sensing and communication (ISAC). In recent years, distributed acoustic sensing (DAS), based on the φOTDR principle, has gained significant attention for its high sensitivity and localization capabilities. However, it relies on the transmission of high-peak-power optical pulses (up to ∼23 dBm), which may interfere with coexisting communication channels. In this work, we experimentally investigate the coexistence of chirped-pulse DAS operating in the C-band with telecommunication channels across the C+L bands. By analyzing post-FEC errors, we show that Kerr-induced nonlinearities from high-peak-power pulses can distort neighboring C-band channels, with measurable impairments at 100 GHz spacing and pulse peak powers as low as 16.5 dBm. These effects can be partially mitigated by increasing channel spacing, adopting longer FEC overhead, or using lower-order modulation formats (e.g., QPSK instead of 16QAM). In contrast, L-band channels experience weaker nonlinear effects, allowing higher tolerated pulse powers (up to ∼23 dBm for sufficiently spaced channels). Our findings highlighted Raman impairments on the L-band, reducing with increasing frequency distance, and mitigated by the chromatic dispersion walk-off. Additionally, our findings show that counter-propagation between DAS and telecom signals does not introduce measurable penalties. Finally, we did not record any worsening of the DAS sensing performances in any of the coexistence (co- and counter-propagating) scenarios tested. © 2026 The Authors.","Chirp modulation; Chromatic dispersion; Nonlinear optics; Optical fibers; Acoustic sensing; C-bands; Chirped pulse; Chirped-pulse distributed acoustic sensing; Coexistence; Coherent communication; Coherent communication system; Communications systems; High Speed; Sensing; Optical fiber communication","Article","Final","All Open Access; Gold Open Access","Scopus","2-s2.0-105048512927"
"Jiang W.; Cheng M.; Guo L.; Forbes A.","Jiang, Wenjie (57665921000); Cheng, Mingjian (56113593400); Guo, Lixin (56498191400); Forbes, Andrew (35607329000)","57665921000; 56113593400; 56498191400; 35607329000","Spatially-resolved atmospheric turbulence sensing with two-dimensional orbital angular momentum spectroscopy","2026","Communications Physics","9","1","159","","","2","10.1038/s42005-026-02587-7","https://www.scopus.com/pages/publications/105038872200?origin=resultslist","Precise characterization of atmospheric turbulence is fundamental to free-space optical communications and imaging. While vortex beams are effective turbulence probes, existing sensing methods rely on a spatially integrated one-dimensional (1D) orbital angular momentum (OAM) spectrum, which obscures the heterogeneous nature of atmospheric distortions. Via numerical simulations, here we introduce radially resolved two-dimensional (2D) OAM spectroscopy, P(m, n), which resolves the azimuthal OAM spectrum (topological charge m) across discrete radial annuli (index n). This framework captures the spatially dependent beam-turbulence interactions of complex structured probes, such as multi-ringed Bessel–Gaussian beams. Coupled with a Support Vector Machine classifier, this method achieves a median classification accuracy of 86% across 25 distinct turbulence conditions, a 23% improvement over conventional 1D techniques. Additionally, we establish a targeted feature-selection protocol to mitigate peripheral noise. Our proposed technique to co-design the probe field is of immediate use in optical sensing as it can enable high-fidelity environmental characterization. © The Author(s) 2026.","Atmospheric thermodynamics; Atmospheric turbulence; Optical communication; Probes; Atmospheric distortion; Free Space Optical communication; Momentum spectra; One-dimensional; Optical imaging; Orbital angular momentum; Spatially resolved; Topological charges; Two-dimensional; Vortex beams; Angular momentum","Article","Final","All Open Access; Gold Open Access","Scopus","2-s2.0-105038872200"
"Fan X.; Zhang B.; Li N.; Xue C.; Chang Q.; Liu L.; Guo Q.; Qi G.; Hu S.","Fan, Xiangqian (57209580441); Zhang, Biao (60635910700); Li, Ning (57223020765); Xue, Chaorui (35099875900); Chang, Qing (57204321607); Liu, Lei (59052900500); Guo, Qiang (56651461700); Qi, Guisheng (55927157600); Hu, Shengliang (23099991100)","57209580441; 60635910700; 57223020765; 35099875900; 57204321607; 59052900500; 56651461700; 55927157600; 23099991100","Two birds with one stone: simple pyrrole polymerization induces photothermal, conductive and antiswellable hydrogel membrane for integrated solar evaporation and underwater communication","2026","Journal of Membrane Science","759","","126107","","","0","10.1016/j.memsci.2026.126107","https://www.scopus.com/pages/publications/105049052724?origin=resultslist","Hydrogel membrane are highly ideal for integrating solar evaporation with underwater sensing into one unit for synchronous collecting freshwater and monitoring ocean information. However, hydrogel membrane that combines efficient photothermal ability, superior conductivity and swelling resistance simultaneously is indispensable yet remain challenging. Herein, a simple pyrrole polymerization induction strategy is proposed to produce an integrated multifunctional device based on the carbon nanotubes hydrogel membrane. In which, the synergistic effect of carbon nanotubes and polypyrrole enables optimized photothermal conversion and electric transmission paths. And the Fe3+ that promote polymerization can induce the formation of ionic coordination interactions, thereby constructing stable covalent/noncovalent cross-linked networks within the hydrogel membrane to improve its anti-swelling ability. Therefore, the evaporation rate of the hydrogel evaporator can reach to 2.626 kg m−2 h−1 under 1 sun irradiation. Meanwhile, the hydrogel membrane exhibits low swelling ratio (<18%) without light and this hydrogel sensor are able to detect ocean waves and small living creatures stably. This work provides a facile avenue for preparing hydrogel membrane that can simultaneously collect freshwater and conduct underwater sensing. © 2026 Elsevier B.V.","Evaporation; Fresh Water; Polymerization; Swelling; Yarn; Carbon nanotubes; Evaporation; Polymerization; Swelling; Water; Yarn; carbon; carbon nanotube; fresh water; hydrogel; polyacrylamide; polyimide; polyvinyl alcohol; pyrrole derivative; sea water; water; Antiswellable; Fresh Water; Hydrogel membrane; Photo-thermal; Photothermal conversion; Pyrrole polymerization; Simple++; Solar evaporation; Swelling resistance; Underwater communication; Article; conductance; environmental monitoring; evaporation; membrane structure; monitoring; polymerization; scanning electron microscopy; solar energy; sunlight; synergistic effect; upcycling; water management; X ray diffraction; Hydrogels","Article","Final","All Open Access; Green Open Access","Scopus","2-s2.0-105049052724"
"Zhang Z.; Hao W.; Chen Z.; Zhou Z.; Yu X.; Liu J.; Ji X.; Yan S.; Tang M.","Zhang, Ze (58607710700); Hao, Wenyu (58916878200); Chen, Zihan (60119361700); Zhou, Ziwen (57579198000); Yu, Xinyang (59214477200); Liu, Jingze (58524551600); Ji, Xiao (55654135400); Yan, Siqi (55892965200); Tang, Ming (56689012300)","58607710700; 58916878200; 60119361700; 57579198000; 59214477200; 58524551600; 55654135400; 55892965200; 56689012300","Photonic Frequency-Sensing Adaptive Microwave Metasurface","2026","Laser and Photonics Reviews","20","18","e71362","","","0","10.1002/lpor.71362","https://www.scopus.com/pages/publications/105039880172?origin=resultslist","Frequency-selective metasurface (FSM) plays a pivotal role in adaptive control of electromagnetic waves in radar, aerospace, and wireless communication. Conventional tunable metasurfaces rely on external electronic circuits or antenna front ends to sense and adjust their spectral states, which restricts system compactness and autonomy. Here, we demonstrate a photonic frequency-sensing adaptive FSM that eliminates the need for antennas by integrating frequency perception and spectral reconfiguration. The device directly receives spatial microwave signals through a thin-film lithium-niobate chip and performs frequency discrimination in the optical domain, driving closed-loop tuning of the metasurface response. A proof-of-concept demonstration confirms adaptive reconfiguration in absorption modes under frequency-unknown excitations. By combining photonic frequency sensing with adaptive metasurface control in a unified proof-of-concept platform, this work suggests a compact route toward future integrated electromagnetic systems for communication, sensing, and shielding applications. © 2026 Wiley-VCH GmbH.","Electromagnetic waves; Adaptive Control; Chip; Control reconfiguration; Electromagnetics; Frequency sensing; Frequency-selective; Metasurface; Proof of concept; Radar communication; Electromagnetic shielding","Article","Final","","Scopus","2-s2.0-105039880172"
"Zhang Z.; Zhang Z.; Ren Z.; Hu Z.","Zhang, Zizhen (58318411600); Zhang, Zirui (58318091000); Ren, Ziqi (60412068600); Hu, Zhirun (7404211483)","58318411600; 58318091000; 60412068600; 7404211483","Decoupling in a joint communication and sensing system with metasurface","2026","Scientific Reports","16","1","14526","","","0","10.1038/s41598-026-44469-6","https://www.scopus.com/pages/publications/105038407651?origin=resultslist","The increasing demand for integrated communication and sensing has led to the development of Joint Communication and Sensing (JCAS) systems. However, strong self-interference (SI) between transmitting (TX) and receiving (RX) antennas remains a major obstacle, significantly degrading system performance in compact MIMO arrays. Traditional signal-processing-based cancellation methods face limitations in wideband scenarios due to high complexity and potential signal distortion. In this work, a novel metasurface-assisted decoupling structure is presented. The metasurface based on modified split-ring resonators (MSRRs) can suppress surface currents and reduce the coupling between TX and RX arrays. To further enhance isolation and reduce front-end self-interference in sensing-centric full-duplex JCAS, a multi-frequency null-space projection (NSP) beamforming algorithm is integrated with the antenna array design, forming a hardware–algorithm co-optimization framework. As proof of concept, a 2 2 patch antenna array incorporating the proposed metasurface operating in the 9–10 GHz band has been designed, fabricated, and characterized. The measurement results validate effectiveness. The findings suggest that the proposed decoupling approach offers a promising solution for enhancing electromagnetic isolation and overall system performance in next-generation JCAS applications such as intelligent transportation and indoor wireless sensing. © The Author(s) 2026.","adult; algorithm; article; controlled study; degradation; electric potential; human; proof of concept; signal processing","Article","Final","All Open Access; Gold Open Access; Green Open Access","Scopus","2-s2.0-105038407651"
"Aman M.; Rehman G.U.; Zubair M.; Alharbey R.; Daud A.; Khan S.U.","Aman, Madeeha (53983686600); Rehman, Ghani Ur (57216964756); Zubair, Muhammad (57217570952); Alharbey, Riad (57208305519); Daud, Ali (28267686800); Khan, Sajid Ullah (59144486200)","53983686600; 57216964756; 57217570952; 57208305519; 28267686800; 59144486200","Dynamic power and frequency domain allocation for dedicated sensing signals in downlink ISAC","2026","Scientific Reports","16","1","4305","","","0","10.1038/s41598-025-32895-x","https://www.scopus.com/pages/publications/105028951164?origin=resultslist","This paper presents a dynamic joint resource allocation framework for downlink Integrated Sensing and Communication (ISAC) systems. The proposed approach simultaneously optimizes power and frequency assignment using an iterative optimization algorithm that adapts to real-time channel state information and sensing requirements. A composite utility function is introduced to balance sensing accuracy and communication throughput, enabling flexible trade-offs for different application scenarios. Comparative analysis against benchmark schemes demonstrates that the proposed method achieves notable improvements in both sensing accuracy and communication rate, while also providing insights into power distribution across users and sensing tasks. These results highlight the potential of the framework as a practical and adaptive solution for ISAC-enabled 6G networks. © The Author(s) 2025.","algorithm; article; benchmarking; controlled study; frequency; resource allocation; utility value","Article","Final","All Open Access; Gold Open Access; Green Open Access","Scopus","2-s2.0-105028951164"
"Wang T.; Wang Y.; Wu Y.; Dui X.; He S.; Hu J.; Wang W.","Wang, Tianyu (58736185300); Wang, Yi (56023516600); Wu, Yuze (58910219400); Dui, Xiaobo (60429697800); He, Shijia (57222473856); Hu, Jiang (58353454300); Wang, Wenxin (57191567543)","58736185300; 56023516600; 58910219400; 60429697800; 57222473856; 58353454300; 57191567543","Generating polarized amplified spontaneous emission at high symmetry points of square lattices","2026","Microsystems and Nanoengineering","12","1","73","","","0","10.1038/s41378-025-01023-0","https://www.scopus.com/pages/publications/105031561858?origin=resultslist","Plasmonic lattices offer a promising platform for overcoming the optical diffraction limit and suppressing radiative losses, which are crucial for advancing large-scale integration in nanophotonic devices. The performance of such integrated devices are strongly influenced by the arrangement and unit geometry of plasmonic lattices, highlighting the need for precise and scalable fabrication strategies. Here, we systematically design and fabricate a series of plasmonic square lattices with decreasing unit symmetries, from C∞v (O-hole) to C4v (X-hole) and Cs (OX-hole). The polarization-resolved emission intensities at high symmetry points are thoroughly investigated, revealing a 45° deflection in the polarization angle at Γ(1) as the structural symmetry decreased, while the other four high symmetry points, X(1), M(1), Γ(2), and X(2), exhibited a 90° polarization shift. This tunability provides an effective approach for modulating the polarization characteristics of plasmonic lattices. The highest polarization degree of 0.59 was observed at the X(2) point, where the energy matched the 720 nm emission of the Nile Red gain medium, resulting in directional and polarized amplified spontaneous emission under 532 nm optical pumping. This study establishes a framework for generating polarized amplified spontaneous emission at high symmetry points in plasmonic lattices, providing innovative strategies for tunable light sources in sensing and photonics communication applications. (Figure presented.) © The Author(s) 2026.","Crystal lattices; Diffraction; Fabrication; Light polarization; Nanophotonics; Optical lattices; Spontaneous emission; Amplified spontaneous emissions; High-symmetry points; Large-scales; Nanophotonic devices; Optical diffraction limit; Performance; Plasmonics; Radiative loss; Scale integration; Square lattices; Plasmonics","Article","Final","All Open Access; Gold Open Access; Green Open Access","Scopus","2-s2.0-105031561858"
"Martínez-Romeu J.; Martínez A.; Vázquez-Lozano J.E.","Martínez-Romeu, Josep (58678737500); Martínez, Alejandro (57214307053); Vázquez-Lozano, J. Enrique (56711252700)","58678737500; 57214307053; 56711252700","On-chip chiroptical sensor based on directional deflection of light: a Stern–Gerlach integrated optical analog [Invited]","2026","Journal of the Optical Society of America B: Optical Physics","43","10","","C18","C23","0","10.1364/JOSAB.596711","https://www.scopus.com/pages/publications/105044184587?origin=resultslist","Chiroptical techniques for detecting and characterizing the chirality of matter and artificial nanostructures are traditionally based on their interaction with chiral light, typically circularly polarized fields propagating in free space. More recently, these approaches have been extended to integrated photonic platforms, offering significant practical advantages. However, the generation of chiral guided light is challenging: it requires degeneracy of the fundamental modes of the integrated waveguide, which occurs at a single wavelength and limits broadband characterization. Here, we introduce and simulate numerically a new alternative integrated optical configuration inspired by the Stern–Gerlach experiment, in which a chiral sample is illuminated by a linearly polarized light beam. Such a beam exits from a dielectric waveguide that propagates the fundamental TE mode, thereby eliminating the need for circularly polarized excitation. On this basis, enantio-discrimination is achieved through a spatially resolved scheme using a symmetric arrangement of optical antennas on either side of the propagation axis. Our simulation results suggest that the selective scattering and/or absorption of the circular polarization component matching the chirality of the sample induces an imbalance of (spin) angular momentum of the optical field, resulting in a transverse deflection of the beam toward the corresponding side. This on-chip platform then provides a direct route to chiroptical functionalities under linearly polarized illumination, enabling compact implementations of chiral sensing, spectroscopy, optical computing, and communication schemes. © 2026 Optica Publishing Group under the terms of the Optica Open Access Publishing Agreement","Chirality; Dielectric waveguides; Electron optics; Optical communication; Optical data processing; Photonic integration technology; Quantum electronics; Circularly-polarized; Deflection of light; Free spaces; Fundamental modes; Guided light; Integrated photonics; Integrated waveguides; On chips; Optical analogues; Single wavelength; Circular polarization","Article","Final","","Scopus","2-s2.0-105044184587"
"Qu Y.; Zhang Y.; Wang Y.; Yang Y.","Qu, Yanfeng (60333848500); Zhang, Yizhong (60333590500); Wang, Yadong (60333640100); Yang, Yaoqi (57210929172)","60333848500; 60333590500; 60333640100; 57210929172","Secure and privacy-preserving issues in integrated sensing and communication-enabled wireless networks: a survey","2026","Journal on Advances in Signal Processing","2026","1","4","","","6","10.1186/s13634-025-01277-w","https://www.scopus.com/pages/publications/105027535913?origin=resultslist","Integrated sensing and communication (ISAC) is a promising paradigm for next-generation wireless networks, offering enhanced resource utilization and improved performance across diverse applications. However, the inherent openness of wireless environments and the integration of sensing and communication functionalities introduce unique security and privacy challenges. This paper presents a comprehensive survey of the existing literature on security and privacy preservation in ISAC-enabled wireless networks. We first analyze and synthesize current approaches, categorize security solutions based on physical and network layer protections, and then address privacy concerns related to terminal end and ISAC data. Subsequently, we highlight key open issues, including the need for scalable and adaptable security frameworks, trustworthy collaborative ISAC techniques, and standardized regulations for ISAC security and privacy. By providing a structured overview of the field, this survey charts a roadmap for future research, aiming at realizing robust, secure, and privacy-conscious ISAC systems. © The Author(s) 2025.","Distributed computer systems; Network security; Privacy-preserving techniques; Secure communication; Surveying; Diverse applications; Integrated sensing; Integrated sensing and communication; Performance; Privacy preservation; Privacy preserving; Resources utilizations; Security and privacy; Wireless environment; Wireless network security; Wireless networks","Article","Final","All Open Access; Gold Open Access; Green Open Access","Scopus","2-s2.0-105027535913"
"Zhang G.; Xu L.; Wang Y.; Tian H.; Yin Z.; Deng G.; Li Y.; Hu Y.; Yang J.","Zhang, Guozhen (57439531000); Xu, Lu (57438843200); Wang, Yu (54959897800); Tian, Hao (57191091269); Yin, Zhiping (55647720600); Deng, Guangsheng (24168571600); Li, Ying (56381627000); Hu, Yaohui (56163052800); Yang, Jun (57029454700)","57439531000; 57438843200; 54959897800; 57191091269; 55647720600; 24168571600; 56381627000; 56163052800; 57029454700","Six-band continuously tunable terahertz polarization control enabled by liquid crystal-integrated metasurfaces","2026","Optics and Laser Technology","204","","116222","","","0","10.1016/j.optlastec.2026.116222","https://www.scopus.com/pages/publications/105047327965?origin=resultslist","We experimentally demonstrate a liquid crystal-integrated metasurface that dynamically controls millimeter wave polarization across six distinct frequency bands. Specifically, incident y-polarization electromagnetic waves are converted into x-polarization, left-handed circular polarization, and right-handed circular polarization upon reflection. In our experiments, we characterized the evolution of the polarization states over different frequency bands. The results indicate that as the bias voltage is tuned from 0 V to 4 V: the cross-polarization conversion peaks exhibit a tuning range spanning 270–287 GHz and 383–412 GHz; the LHCP peaks are tunable within 263–269 GHz and 408–476 GHz; the RHCP peaks demonstrate a tuning range of 296–314 GHz and 374–387 GHz. The cross-polarization conversion ratio exceeds 0.95, and the axial ratio is less than 1.9 dB during the modulation process. In frequency bands with overlapping tuning ranges, the bias voltage allows switching among distinct polarization states, including cross-polarization, LHCP, and RHCP. This work provides novel insights into the development of multifunctional integrated millimeter wave devices. The proposed technology holds promise for applications in encrypted THz communication, wireless power transfer, and sensing systems. © 2026 Elsevier Ltd","Bias voltage; Circular polarization; Electromagnetic wave reflection; Energy transfer; Frequency bands; Millimeter wave devices; Millimeter waves; Terahertz waves; Tuning; Cross polarizations; Liquid-crystals; Metasurface; Polarization control; Polarization conversion; Polarization state; Tera Hertz; Tunables; Tuning ranges; Wave polarizations; Liquid crystals","Article","Final","","Scopus","2-s2.0-105047327965"
"Hafeez S.; Abro G.E.M.; Memon S.A.; Khan T.A.; Memon I.; Nasir H.","Hafeez, Sana (57211147231); Abro, Ghulam E Mustafa (59910377500); Memon, Sufyan Ali (57132317100); Khan, Talha Ahmed (57202944878); Memon, Imran (56596461100); Nasir, Haidawati (54684557800)","57211147231; 59910377500; 57132317100; 57202944878; 56596461100; 54684557800","Quantum-secured routing in drone communication for 6G-enabled smart mobility","2026","Scientific Reports","16","1","8626","","","1","10.1038/s41598-026-36297-5","https://www.scopus.com/pages/publications/105033289272?origin=resultslist","The emergence of sixth-generation (6G) wireless networks introduces unprecedented requirements for ultra-secure, low-latency communication across heterogeneous space–air–ground integrated network (SAGIN). Existing drone communication frameworks including LoRaWAN, Long Term Evolution, and Ad Hoc mesh architectures exhibit critical vulnerabilities to eavesdropping, jamming, and quantum-computational attacks due to their reliance on classical cryptographic primitives. To address these challenges, this work presents the Quantum-Secured Adaptive Routing Algorithm (QSARA), a novel framework designed for 6G-enabled unmanned aerial vehicle (UAV) networks that integrates Quantum Key Distribution (QKD), Reconfigurable Intelligent Surfaces (RIS), and Joint Communication and Sensing (JCAS) to enhance information-theoretic security and real-time performance. The proposed framework employs a quantum-augmented dynamic graph model to represent UAV swarm networking and uses Proximal Policy Optimisation (PPO)-based deep reinforcement learning to optimise routing under adversarial and uncertain conditions. A multi-objective cost function jointly captures classical quality of service metrics, such as latency, bandwidth, and energy consumption alongside with quantum-layer security indicators, including quantum bit error rate, key pool entropy, and key availability. High-fidelity simulations with 500 mobile drones under diverse adversarial threats demonstrate that the proposed framework achieves a key establishment success rate of 96.2%, end-to-end latency of 23.7 milliseconds, energy consumption of 7.8 watt-hours, and a packet delivery ratio of 94.1%, outperforming state-of-the-art classical and quantum-aware baselines. These results position the QSARA as a scalable and quantum-resilient routing solution for mission-critical UAV networking in next-generation 6G smart mobility ecosystems. © The Author(s) 2026.","algorithm; article; controlled study; diagnosis; drone; nonhuman; unmanned aerial vehicle","Article","Final","All Open Access; Gold Open Access; Green Open Access","Scopus","2-s2.0-105033289272"
"Lin S.; Xu Z.; Wei J.; Qiao Y.; Wang Y.; Wang R.; Yu S.","Lin, Shu (60882806700); Xu, Zehang (58759107900); Wei, Jincheng (58759254800); Qiao, Yu (60882689900); Wang, Yanfang (60882806800); Wang, Ruijun (60882806900); Yu, Siyuan (60882779800)","60882806700; 58759107900; 58759254800; 60882689900; 60882806800; 60882806900; 60882779800","Broadband InP-based 2-μm semiconductor optical amplifier enabling hybrid integrated external-cavity lasers","2026","Optics letters","51","18","","5056","5059","0","10.1364/OL.611276","https://www.scopus.com/pages/publications/105050448942?origin=resultslist","Optoelectronic devices and photonic integrated circuits (PICs) operating in the 2-μm wavelength region are attracting increasing interest for gas sensing, optical communications, and light detection and ranging (LiDAR). Here, we demonstrate a broadband InP-based semiconductor optical amplifier (SOA) as a gain platform for 2 μm photonic systems. The SOA achieves a small-signal gain exceeding 20 dB, a maximum output power of 13 dBm, and a 3-dB gain bandwidth of more than 100 nm. Using this broadband gain material, we further realize hybrid integrated external-cavity lasers by coupling a reflective SOA with a low-loss silicon nitride PIC. The lasers exhibit single-mode wavelength coverage of 82 nm, with an on-chip output power of 5.0 mW and a side-mode suppression ratio of 45 dB.","silicon nitride; amplifier; article; bandwidth; clinical article; gas; hybrid; integrated circuit; laser; nonhuman; optics; post intensive care syndrome; semiconductor","Article","Final","","Scopus","2-s2.0-105050448942"
"Iizawa M.; Narita Y.","Iizawa, Masatomi (56638449500); Narita, Yasuhito (55872622800)","56638449500; 55872622800","Realizing integrated solid-state quantum devices: overcoming current hurdles in ultra-precise atomic injection","2026","Communications Materials","7","1","164","","","0","10.1038/s43246-026-01254-2","https://www.scopus.com/pages/publications/105043471720?origin=resultslist","Scalable quantum computing and communication systems strictly require the development of highly integrated quantum hardware. While prominent implementations like superconducting and semiconductor spin qubits show integration progress, their reliance on extreme cryogenic conditions raises substantial sustainability concerns, especially given global helium depletion. In contrast, solid-state quantum devices, such as nitrogen-vacancy (NV) centers, offer room-temperature operation. Although ensemble solid-state defects have been successfully utilized in quantum sensing, the realization of complex quantum registers requires highly precise arrays of single, coupled qubits. Currently, their practical integration into scalable multi-qubit arrays is fundamentally limited by the technical challenge of achieving deterministic, ultra-precise atomic injection at the angstrom scale. This Perspective examines the current state of solid-state quantum system integration, identifying recent advances and persistent bottlenecks, particularly focusing on the limitations of cooling ion sources based on Paul traps. We then propose a novel architecture combining established neutral-particle decelerator techniques with deterministic ionization to overcome these fundamental operational hurdles. This analysis aims to present a viable path for advanced integrated solid-state quantum platform development, fostering broader adoption and sustainable evolution. © The Author(s) 2026.","Cryogenics; Integration; Quantum optics; Qubits; Solid state devices; 'current; Atomic injection; Cryogenic conditions; Deterministics; Nitrogen-vacancy center; Quantum communication systems; Quantum computing systems; Scalable quantum computing; Solid-state quantum devices; Spin qubit; Ion sources","Article","Final","All Open Access; Gold Open Access","Scopus","2-s2.0-105043471720"
"Chen Y.; Chen Y.; Wang G.; Huang L.; Han R.; Zuo L.; Mei R.; Chen Y.; Liu W.; Li G.; Zhang G.","Chen, Yanting (60210824800); Chen, Yuhao (60785599500); Wang, Gongwen (23013190600); Huang, Leilei (57221166070); Han, Ruiliang (60785599600); Zuo, Ling (57742754700); Mei, Rong (59757190600); Chen, Yue (60785599700); Liu, Weicheng (60785304500); Li, Guohao (60785206000); Zhang, Guoqing (60785401000)","60210824800; 60785599500; 23013190600; 57221166070; 60785599600; 57742754700; 59757190600; 60785599700; 60785304500; 60785206000; 60785401000","Big data mining, knowledge discovery and 4D intelligent management and control of intelligent mines: An example of Yanshan open-pit iron deposit; [智能矿山大数据挖掘与知识发现及四维智慧管控:以研山露天铁矿为例]","2026","Earth Science Frontiers","33","5","","170","190","1","10.13745/j.esf.sf.2024.11.63","https://www.scopus.com/pages/publications/105047054927?origin=resultslist","In the era of Industry 4.0 in the 21st century, big data and artificial intelligence technology have promoted the development of large-scale mining from digital mining and intelligent mining to the intelligent mining integrating “geology, mining, mineral processing and smelting”. Large and very large metal mines at home and abroad usually adopt the “resource-environment-economy” integrated management and control mode, and the artificial intelligence technology methods of “digitalization, information technology, visualization, quantification and intelligence” are being applied more and more widely, especially the expansion and application of stereo observation and 5G+ real-time communication technology. So far, a new scientific paradigm, deep knowledge discovery and four-dimensional control of wisdom have been born. By combing the data sets of geology, orebody, survey, mining and mineral processing of Yanshan iron mine in Hebei Province, this paper carries out multi-temporal remote sensing (spectrum and radar) UAV image acquisition of the exposed mining site and its explosive pile, and uses artificial intelligence technology and methods to dig deep geological information of the mine to serve the intelligent management and control of the real-time mining industry. Specific research contents and achievements are summarized as follows: (1) Construct high-precision 3D geological and ore body and engineering models by using mineral exploration and mining borehole data set, mining meter blasting borehole data set and centimeter engineering survey data set; (2) Using “UAV” (high) spectrum, radar point cloud and ground spectrum, and in-situ analysis of rock and ore microzones, the multi-parameter (identification of mineral, grade, radiation) accurate information model of 3D ore body is established; (3) Using the intelligent pattern recognition of sub-meter images of UAV, the geological factors affecting mine production are identified, showing that the difference between the formation lithology and the low-grade ore in the periphery of the ore body is not significant in terms of tone, structure and texture, and the inclusion of lens-shaped intrusive dike and fault structure are in the ore-rich section; (4) The 3D ore body model, mathematical statistics and geostatistics mining were used to identify the hyperspectral band information of the ore body and construct the empirical mathematical model formula; (5) Develop the workflow to identify geological and environmental factors (variables and parameters) affecting ore body mining by integrating multi-parameter three-dimensional models of geology, minerals, spectra, radar point cloud, magnetic method, etc., and to identify the visible (visual) and near-infrared bands of surrounding rock formation, lean ore, ore significant difference information, and carry out real-time dynamic mining intelligent spatial decision-making in open pit mines. It serves the integrated control of geology, mining and mineral processing of smart mining, and improves the recovery rate of mining and mineral processing. © 2026, Science Frontiers editorial department. All rights reserved.","3D modeling; Blasting; Boreholes; Cutting machines (mining); Data integration; Deposits; Economic geology; Explosives; Laser applications; Mineral exploration; Ore analysis; Ore deposits; Pattern recognition; Stereo image processing; Structural geology; Technology transfer; Three dimensional computer graphics; Artificial intelligence technologies; Big data mining; Data set; Hyper spectra; Mineral processing; Mining processing; Orebodies; Rock hyperspectrum; Smart mine; Yanshan iron mine; Lithology","Article","Final","","Scopus","2-s2.0-105047054927"
"Liu C.; Du Y.; Zou X.; Zou F.; Zhang J.; Zhang J.; Xie X.; Pan W.; Yan L.; Yao J.","Liu, Changlin (59616193700); Du, Yongtao (57959332300); Zou, Xihua (59664728900); Zou, Fang (57191911627); Zhang, Jiejun (55986549400); Zhang, Junkai (58769340100); Xie, Xiaojun (56226485900); Pan, Wei (7402219762); Yan, Lianshan (24777727100); Yao, Jianping (7403503344)","59616193700; 57959332300; 59664728900; 57191911627; 55986549400; 58769340100; 56226485900; 7402219762; 24777727100; 7403503344","Synergistic antenna-modulator integration for a monolithic photonic RF receiver","2026","Nature Communications ","17","1","7088","","","0","10.1038/s41467-026-73862-y","https://www.scopus.com/pages/publications/105045352890?origin=resultslist","Integrated radio-frequency (RF) photonics plays a pivotal role in wireless communications, sensing, and radar applications. However, the bulky feature of essential RF components still constrains practical deployments in covert, conformal, and space-limited applications. As a promising solution through synergistic integration of both RF and photonics, we demonstrate a photonic RF receiver chip integrating a bow-tie antenna and a microring modulator on thin-film lithium niobate platform. The chip leverages a dual-resonance enhancement mechanism, combining RF and optical resonances, to significantly boost the RF-to-optical conversion efficiency. A record-high figure of merit of 3.88 W−1/2 was achieved within a compact footprint of 2 × 1.7 mm2. Following full packaging, the receiver enabled centimeter-level radar ranging accuracy, 3.2 Gbps wireless communication capacity, and real-time high-definition video transmission in moving scenarios. This work paves a viable way toward covert, conformal, and miniature photonic RF frontends for unmanned aerial vehicles, high-speed trains, and electronic warfare systems. © The Author(s) 2026.","lithium; electron spin resonance; lithium; radar; real time; signal processing; unmanned vehicle; Article; chemical analysis; comparative study; design; modulation; nanofabrication; performance indicator; photonics; radiofrequency; synergistic effect; telecommunication; wireless communication; article; packaging; photonics; radiofrequency; unmanned aerial vehicle; velocity; videorecording","Article","Final","All Open Access; Gold Open Access; Green Open Access","Scopus","2-s2.0-105045352890"
"Quan J.; Feng L.; Wang X.; Yang Z.; Li W.; Liu G.; Zhao C.","Quan, Jiale (58179066100); Feng, Lei (55844978300); Wang, Xudong (56237882400); Yang, Zhixiang (57216263330); Li, Wenjing (55718709600); Liu, Guangyuan (58546740800); Zhao, Changyuan (58021867300)","58179066100; 55844978300; 56237882400; 57216263330; 55718709600; 58546740800; 58021867300","Gdm-assisted CNN framework for time domain first arrival path delay estimation in integrated sensing and communications","2026","Journal on Advances in Signal Processing","2026","1","58","","","0","10.1186/s13634-026-01338-8","https://www.scopus.com/pages/publications/105043966559?origin=resultslist","When estimating the First Arrival Path (FAP) delay with a Convolutional Neural Network (CNN), a large set of labeled samples is required to cover the diversity of multipath fading. However, collecting such data in real-world scenarios is expensive. To address this scarcity, we propose a Generative Diffusion Model (GDM)-based augmentation method to enlarge the labeled training dataset for the CNN. Specifically, we employ the cross-correlation algorithm to extract delay features from time domain, thereby generating Cross-Correlation Function (CCF) sequences. To exploit the image processing strengths of GDM, we encode CCF sequences into images for GDM training and subsequently decode the generated images back into sequences to augment the CNN dataset. The results of the simulation experiments demonstrate that this pipeline effectively enlarges and diversifies the dataset for CNN training, improving the FAP delay estimation accuracy while maintaining compatibility with various channel sequences. © The Author(s) 2026.","Convolutional neural networks; Image coding; Time domain analysis; Convolutional neural network; Diffusion model; Encoding algorithms; First arrival; First arrival path delay estimation; Generative diffusion model; Integrated sensing; Integrated sensing and communication; Path delay estimation; Sequence encoding; Sequence encoding algorithm; Time domain; Convolution","Article","Final","All Open Access; Hybrid Gold Open Access","Scopus","2-s2.0-105043966559"
"Yang Y.; Wu Q.; Gong X.; Duan R.; Guo S.; Sun C.; Singh L.; Huo J.; Lee S.-G.; Zhang F.; Yu R.; Chen W.; Taniguchi T.; Watanabe K.; Bussolotti F.; Wong C.P.Y.; Goh K.E.J.; Ang D.S.; Zhu H.; Wang Q.J.; Liu Z.; Ang L.K.; Chae S.H.","Yang, Yuhui (59399432400); Wu, Qingyun (16065030400); Gong, Xiangxin (59504886100); Duan, Ruihuan (57190731509); Guo, Shi (59928687200); Sun, Cheng (57746183300); Singh, Lalit (57189059115); Huo, Jinpeng (57207575705); Lee, Sung-Gyu (57211982263); Zhang, Fan (60729798600); Yu, Rui (60263247000); Chen, Wenduo (57189589991); Taniguchi, Takashi (55628539175); Watanabe, Kenji (57203090873); Bussolotti, Fabio (22956886900); Wong, Calvin Pei Yu (56437098400); Goh, Kuan Eng Johnson (59679202200); Ang, Diing Shenp (7006457270); Zhu, Haiming (57323552700); Wang, Qi Jie (60126575200); Liu, Zheng (57218416272); Ang, Lay Kee (55258601600); Chae, Sang Hoon (36558966700)","59399432400; 16065030400; 59504886100; 57190731509; 59928687200; 57746183300; 57189059115; 57207575705; 57211982263; 60729798600; 60263247000; 57189589991; 55628539175; 57203090873; 22956886900; 56437098400; 59679202200; 7006457270; 57323552700; 60126575200; 57218416272; 55258601600; 36558966700","Overcoming the sensitivity–speed trade-off in two-dimensional photodetectors via a functional oxide interlayer","2026","Nature Communications ","17","1","6077","","","1","10.1038/s41467-026-72259-1","https://www.scopus.com/pages/publications/105044079864?origin=resultslist","Photodetectors that can achieve both high sensitivity and fast speed remain a challenge due to inherent trade-offs, particularly limiting in photonic integrated circuits. While substantial progress has been made in broadening spectral response, few strategies have directly addressed the simultaneous enhancement of sensitivity and speed. Here, we introduce a two-dimensional photodetector incorporating a functional interlayer, monolayer tungsten oxyselenide (TOS), formed between n-type PdPSe and p-type WSe2. TOS serves multifunctional roles to overcome the trade-offs: suppressing dark current as a hole barrier, enhancing responsivity via photogating, and preserving speed through trap-assisted tunneling and direct tunneling. Under spatially resolved illumination, the device shows a detectivity (D*) of 3.78 × 1015 Jones at 520 nm, with a bandwidth of 0.055 GHz at 785 nm. When integrated onto a silicon photonic platform, it achieves D* of 3.69 × 1011 Jones and a bandwidth of 0.11 GHz at 785 nm, outperforming most reported on-chip photodetectors. These results establish a route to sensitive, high-speed photodetectors for optical interconnect, communications, and sensing applications. © The Author(s) 2026.","oxide; silicon nitride; tungsten; silicon; dark; sensitivity analysis; silicon; trade-off; tungsten; tunneling; two-dimensional modeling; Article; atomic force microscopy; bandwidth; benchmarking; density functional theory; energy dispersive X ray spectroscopy; Fourier transform; illumination; light absorption; nonhuman; Raman spectrometry; transmission electron microscopy; two-dimensional imaging; velocity; X ray photoemission spectroscopy; adult; animal experiment; article; controlled study; drug analysis; integrated circuit; pharmaceutics","Article","Final","All Open Access; Gold Open Access; Green Open Access","Scopus","2-s2.0-105044079864"
"Chen Y.; Li W.; Yao F.; Wu J.; Yu X.; Yang Q.; Ma H.","Chen, Yingguo (46061126400); Li, Wei (59968154100); Yao, Feng (35118360100); Wu, Jian (57209892282); Yu, Xiaogang (60020688200); Yang, Qing (57762712600); Ma, Hong (57205529362)","46061126400; 59968154100; 35118360100; 57209892282; 60020688200; 57762712600; 57205529362","DQNEGHF: Integrating deep Q-networks with evolutionary game theory for dynamic beam-hopping in spectrum-sharing satellite networks","2027","Expert Systems with Applications","332","","133705","","","0","10.1016/j.eswa.2026.133705","https://www.scopus.com/pages/publications/105045937150?origin=resultslist","With the rapid development of large-scale low Earth orbit satellite constellations, spectrum resource scarcity has become a critical bottleneck constraining the development of next-generation space-terrestrial integrated networks. In dynamic hotspot scenarios, data traffic demands from applications such as major sporting events and emergency rescue operations surge ten to one hundred times compared to background services, imposing high-capacity and high-dynamic service requirements on satellite systems. To alleviate spectrum resource constraints, low Earth orbit satellites sharing spectrum with geostationary Earth orbit satellites to serve hotspot areas has emerged as an important solution. However, this spectrum sharing paradigm faces several challenges: dynamically coupled cross-orbital interference that varies with satellite orbital positions, complex time-varying network topologies that create curse-of-dimensionality problems, and limited onboard resources that require algorithms to balance computational complexity with real-time performance. Addressing these challenges, this research proposes an innovative dual-timescale hierarchical optimization framework that synergistically integrates deep networks and evolutionary game theory. The framework employs deep networks for dynamic beam resource scheduling at the fast timescale layer, and implements global strategy optimization based on evolutionary game theory at the slow timescale layer, overcoming convergence limitations in high-dimensional decision spaces through spatio-temporal decoupling mechanisms. The research contributions include: systematic application of evolutionary game theory to multi-satellite collaborative optimization as a theoretical innovation, construction of multi-beam cooperative coverage models tailored to hotspot area characteristics as a modeling innovation, and proposal of a hybrid architecture combining distributed sensing and collaborative decision-making as a technical innovation. This framework significantly enhances service quality in hotspot areas while reducing computational complexity, all while ensuring communication quality of the primary geostationary Earth orbit satellite system. © 2026 Elsevier Ltd. All rights are reserved, including those for text and data mining, AI training, and similar technologies.","Communication satellites; Complex networks; Computational complexity; Data mining; Decision making; Decision theory; Distributed computer systems; Dynamics; Earth (planet); Emergency services; Evolutionary algorithms; Game theory; Orbits; Quality of service; Satellite communication systems; Topology; Beam resource scheduling; Deep network; Dual-timescale optimization; Evolutionary game theory; Geostationary earth orbit satellites; Hotspot area; Hotspots; Low earth orbit satellites; Optimisations; Resource-scheduling; Spectrum sharing; Time-scales; Geostationary satellites","Article","Final","","Scopus","2-s2.0-105045937150"
"Li R.; Pan X.","Li, Ruijie (57320667500); Pan, Xiuwen (60905589000)","57320667500; 60905589000","Energy-efficient joint beamforming and phase-shift design for RIS-assisted NOMA-ISAC systems","2026","Physical Communication","80","","103354","","","0","10.1016/j.phycom.2026.103354","https://www.scopus.com/pages/publications/105051031339?origin=resultslist","Energy-efficient transmission is investigated for the data phase of a passive reconfigurable intelligent surface (RIS)-assisted integrated sensing and communication downlink employing non-orthogonal multiple access (NOMA). The communication beamformers, an optional dedicated sensing beam, and the RIS phase shifts are jointly designed under a prescribed successive interference cancellation order, RIS-reflected illumination requirements, a transmit-power budget, and unit-modulus constraints. The energy-efficiency model accounts for base-station circuit power and RIS element-dependent consumption. To address the resulting non-convex fractional problem, a multi-start alternating optimization algorithm is developed using Dinkelbach's method, successive convex approximation, and semidefinite relaxation. Rank-one candidates are recovered by eigenvector extraction or Gaussian randomization, refined through fixed-direction power reallocation, and verified against the original constraints. Numerical results show that the optional sensing beam is mainly useful for improving recoverability when the illumination requirement is stringent, whereas the relative performance of NOMA and spatial division multiple access depends on user loading and channel conditions. The results also reveal diminishing returns with the transmit-power budget and an RIS-size trade-off between passive beamforming flexibility and element-dependent power. Phase quantization and channel-state-information errors primarily reduce constraint satisfaction, whereas residual interference after successive interference cancellation more directly degrades the energy efficiency of feasible designs. © 2026 Elsevier B.V.","Budget control; Channel state information; Communication channels (information theory); Interlocking signals; Optimization; Energy; Integrated sensing; Integrated sensing and communication; Multiple access; Non-orthogonal; Non-orthogonal multiple access; Reconfigurable; Reconfigurable intelligent surface; Sensing beams; Successive interference cancellations; Beamforming; Economic and social effects","Article","Final","","Scopus","2-s2.0-105051031339"
"Tang X.; Zhang Y.; Wu W.; Li Y.; Ouyang W.; Gao Z.; Xu O.; Dong X.; Huang Q.","Tang, Xue (60114037400); Zhang, Yi (60734578700); Wu, Wanyu (59325089200); Li, Yahao (59961675400); Ouyang, Wenxi (60734673600); Gao, Zhensen (35182925500); Xu, Ou (15072341700); Dong, Xinyong (60618134500); Huang, Quandong (59843791400)","60114037400; 60734578700; 59325089200; 59961675400; 60734673600; 35182925500; 15072341700; 60618134500; 59843791400","Integration of telecommunication and optical fiber sensing systems via cascaded ultrabroadband photonic lanterns","2026","Optics Communications","620","","133581","","","0","10.1016/j.optcom.2026.133581","https://www.scopus.com/pages/publications/105044402342?origin=resultslist","Integrated telecommunication and optical fiber sensing (ITOFS) technology is critical for addressing the inefficiencies of discrete systems in marine environments, yet traditional spectral bands (mainly the C-band) face bottlenecks in sensitivity and capacity. In this work, we propose and demonstrate a hybrid C-band and 2 μm wavelength band ITOFS system based on cascaded ultrabroadband photonic lanterns and adiabatic tapered Few-Mode Fibers (FMFs) for enabling deep integration of high-sensitivity seawater salinity sensing and low-crosstalk data telecommunication. The proposed ITOFS system leverages spatial mode routing via the photonic lantern to construct three dedicated channels, which are Ch1, Ch2, and Ch3. Here, in the Ch1, a tapered FMF is applied to generate an enhanced evanescent field for achieving a refractive index sensitivity of 1121.095 nm/RIU at 2 μm wavelength band, which is approximately twice larger than the sensitivity in the C-band, where the temperature crosstalk is only a negligible −13.34 p.m./°C. In Ch2 and Ch3, the QPSK and OOK signals with error vector magnitude (EVM) below 33.4% and bit error rate (BER) under 3.8 × 10−3, respectively, are applied for transmitting the telecommunication signals. Besides, in this ITOFS system, the photonic lanterns ensure a coupling efficiency over 98% and crosstalk below −27.43 dB (C-band) and −31.32 dB (2 μm band) for guaranteeing interference-free coexistence of sensing and communication. The proposed ITOFS system resolves the trade-off between high sensing sensitivity and reliable communication for offering a compact, efficient solution for marine observation and environmental monitoring, and dedicated optical networks. It also validates that the 2 μm wavelength band is potentially a “spectral blue ocean” for next-generation ITOFS technologies for laying a solid foundation for their practical deployment. © 2026 Elsevier B.V.","Bit error rate; Crosstalk; Marine communication; Optical fiber communication; Optical fibers; Photonic integration technology; Photonics; Refractive index; 2 μm wavelength band; C-bands; Discrete systems; Few-mode fibers; Optical fiber sensing; Optical fiber sensing technology; Photonic lantern; Sensing systems; Ultra-broadband; Wavelength band; Economic and social effects","Article","Final","","Scopus","2-s2.0-105044402342"
"Sun R.; Ye G.; Ma F.","Sun, Ruitong (59741797600); Ye, Guanqi (59359980500); Ma, Fusheng (36537646700)","59741797600; 59359980500; 36537646700","Magnonic chaotic frequency comb","2026","Communications Physics","9","1","222","","","1","10.1038/s42005-026-02648-x","https://www.scopus.com/pages/publications/105043565899?origin=resultslist","Chaotic frequency comb, characterized by intrinsic random amplitude, phase, and frequency modulation of comb lines, emerges as chaotic sources in information processing for coherence tomography, parallel ranging, and secure communications. Here, we propose a magnonic scenario of generating chaotic frequency combs via magnon-magnon coupling mechanism. Especially, we theoretically demonstrate magnonic frequency combs through three-wave mixing between ultra-strongly coupled magnons in synthetic antiferromagnet. Our frequency combs can transition to chaos via various routes, i.e., subcritical Hopf bifurcation, torus-doubling bifurcation, and torus breakdown. The robustness of magnonic chaotic frequency combs is verified by characterizing Poincaré maps, bifurcation diagrams, and largest Lyapunov exponents. Furthermore, the unique characters of chaotic frequency combs, perturbation hypersensitivity and noise immunity, are conceptually validated by identifying latent magnetic signal contaminated by inherent noise. Our findings provide a magnonic paradigm of chaotic dynamics in complex systems for potential applications in CMOS-integrated metrology, sensing, and communication. © The Author(s) 2026.","Antiferromagnetic materials; Frequency modulation; Mixer circuits; Amplitude-frequency; Chaotic sources; Chaotics; Coherence tomography; Coupling mechanism; Frequency combs; Phase and frequency modulation; Random frequency; Random-phase; Three wave mixing; Lyapunov methods","Article","Final","All Open Access; Gold Open Access; Green Open Access","Scopus","2-s2.0-105043565899"
"Liang R.; Nguyen D.T.A.; Hassanalian M.","Liang, Rongwei (60021242800); Nguyen, Duc Thien An (60022314900); Hassanalian, Mostafa (56242374200)","60021242800; 60022314900; 56242374200","High-altitude unmanned airships as persistent aerial infrastructure: A system-level review of modeling, control and energy sustainability","2026","Progress in Aerospace Sciences","166","","101243","","","0","10.1016/j.paerosci.2026.101243","https://www.scopus.com/pages/publications/105051241142?origin=resultslist","High-altitude unmanned airships are increasingly considered for long-duration stratospheric communications, sensing, environmental monitoring and other regional services. Their practical value depends on more than endurance alone, because wind, thermal state, propulsion demand, onboard energy, vehicle control, payload operation and network performance evolve as a coupled system. This review examines these interactions from a system-level perspective and evaluates how existing studies support persistent service over repeated day–night cycles. The literature provides a substantial basis in aerodynamic and thermal modeling, energy management, guidance, control and communication architectures, but fully coupled multi-day assessments remain less common. Across the literature, persistent service depends on preserving sufficient energy and control margin for the platform to sustain service and recover from disturbances over multi-day operation. These requirements provide a common basis for interpreting validation evidence and for tracing development from integrated simulation and subsystem testing toward multi-airship service continuity and sustained operation. © 2026 Elsevier Ltd. All rights are reserved, including those for text and data mining, AI training, and similar technologies.","Aerodynamics; Air navigation; Aircraft control; Altitude control; Antennas; Control system synthesis; Electronic guidance systems; Sustainable development; Energy sustainability; Guidance; High-altitude unmanned airship; Navigation and control; Persistent aerial infrastructure; Persistent-service closure; Station-keeping; Thermal buoyancy; Thermal–buoyancy coupling; Unmanned airships; Airships","Review","Final","","Scopus","2-s2.0-105051241142"
"Ahmed I.; Awawdeh M.; Faisal T.","Ahmed, Irfan (57210713946); Awawdeh, Moath (56692674800); Faisal, Tarig (26321445700)","57210713946; 56692674800; 26321445700","On the joint design of active and reflective beamforming for IRS-assisted integrated sensing and communication system","2026","Journal on Wireless Communications and Networking","2026","1","67","","","0","10.1186/s13638-026-02611-y","https://www.scopus.com/pages/publications/105039645586?origin=resultslist","This paper presents the design of an intelligent reflective surface (IRS)-assisted integrated sensing and communication (ISAC) system in a millimeter wave (mmWave) massive multiple-input multiple-output (MIMO) environment. The ISAC system uses the same radio frequency signals for both communication (data transmission) and sensing (gathering target object information). By jointly optimizing the communication and sensing functions, ISAC enhances resource utilization and reduces the system overhead. The directional properties of mmWave and the reconfiguration capabilities of IRS make the system suitable for target detection and sensing. The proposed method aims to jointly optimize communication and sensing capabilities while minimizing interference, enhancing spectral efficiency, and integrating sensing functionality. Specifically, we leverage semidefinite programming to address the semidefinite relaxation problem for active beamforming at the base station and employ a proximal policy optimization-based deep reinforcement learning agent to intelligently configure reflective beamforming at the IRS. Simulation findings indicate that the proposed active-reflective beamforming design surpasses the Greedy-based beamforming and SCA-AO-based techniques by 10.57% and 13.82% with 64 IRS elements, respectively, at an SNR of 20 dB. © The Author(s) 2026.","Beamforming; Communication channels (information theory); Convolutional codes; Data communication systems; Design; Intelligent agents; Machine learning; Millimeter waves; Mobile telecommunication systems; Optimization; Radio communication; Communications systems; Integrated sensing; Integrated sensing and communication; Intelligent reflective surface; Joint designs; Multiple inputs; Multiple outputs; Reflective surfaces; Reinforcement learnings; Sensing systems; MIMO systems","Article","Final","All Open Access; Hybrid Gold Open Access","Scopus","2-s2.0-105039645586"
"Subashini V.; Chitra S.; Ramesh S.","Subashini, V. (57222585968); Chitra, S. (57198173988); Ramesh, S. (55625558000)","57222585968; 57198173988; 55625558000","Performance analysis of multiband frequency-reconfigurable antenna for cognitive radio applications","2026","Journal on Wireless Communications and Networking","2026","1","5","","","4","10.1186/s13638-025-02555-9","https://www.scopus.com/pages/publications/105027253276?origin=resultslist","This work presents a multiband, frequency-reconfigurable antenna developed for cognitive radio systems. Cognitive radio is an advanced wireless communication framework capable of autonomously sensing vacant spectrum bands and reconfiguring its transmission parameters to enhance spectral efficiency and mitigate interference. The proposed antenna is implemented using a rectangular microstrip patch structure with Rogers RT5880 substrate material with overall dimensions of 45 × 45 × 1.5 mm3. Reconfigurability is facilitated by three PIN diodes integrated between the radiating sections, enabling discrete switching among multiple frequency modes. The antenna successfully covers several operational bands, including 1.9 GHz (4G LTE), 2.45 GHz (Wi-Fi), 5.4 GHz (WLAN), and 5.9 GHz for dedicated short-range communication (DSRC). Across all bands, the voltage standing wave ratio (VSWR) remains below 1.5, indicating excellent impedance matching. The design achieves an efficiency of 89% and a maximum gain of 3.5 dBi. A prototype of the antenna was fabricated and experimentally characterized, and the measured results exhibit close agreement with the simulation data, thereby confirming the reliability and practical viability of the proposed design. © The Author(s) 2026.","Cognitive systems; Efficiency; Microwave antennas; Mobile telecommunication systems; Radio systems; Radio transmission; Semiconductor diodes; Slot antennas; Wireless local area networks (WLAN); Communication framework; Frequency reconfigurable antenna; Micro-strip patch antennas; Microstrip-patch antenna; Multi band; Multi-band frequencies; Performances analysis; Radio applications; Spectrum bands; Wireless communications; Cognitive radio; Microstrip antennas","Article","Final","All Open Access; Hybrid Gold Open Access","Scopus","2-s2.0-105027253276"
"Ram G.C.; Jambek A.B.; Subbarao M.V.; Ramesh Varma D.; Rao M.V.; Maurya N.K.; Sindhuri K.B.","Ram, G. Challa (57203949410); Jambek, Asral Bahari (57195722408); Subbarao, M. Venkata (57192675664); Ramesh Varma, D. (57218189067); Rao, M. Venkateswara (57879746900); Maurya, Naveen Kumar (57192097491); Sindhuri, K. Bala (57191611782)","57203949410; 57195722408; 57192675664; 57218189067; 57879746900; 57192097491; 57191611782","A reconfigurable graphene–VO2 based terahertz bandpass filter for differential sensing and ML-based refractive index prediction","2026","Physica B: Condensed Matter","739","","418886","","","4","10.1016/j.physb.2026.418886","https://www.scopus.com/pages/publications/105041192026?origin=resultslist","A compact and reconfigurable terahertz (THz) bandpass filter based on a hybrid graphene–vanadium dioxide (VO2) architecture is presented for integrated filtering and biomolecular sensing applications. The proposed design employs a transmission-line–loaded stepped impedance resonator (SIR) configuration, achieving a stable bandpass response centred at 1.89 THz with an absolute bandwidth of 0.41 THz. Multi-modal tunability is realized through geometric variation, graphene chemical potential modulation (0.08–0.11 eV), and VO2 phase-transition-induced conductivity control, enabling frequency reconfiguration up to 1.95 THz. The structure is further utilized for refractive-index-based sensing, exhibiting a high sensitivity of 0.040 THz/RIU. The sensor is validated using biomolecular samples, specifically varying concentrations of haemoglobin, demonstrating distinct resonance shifts and effective concentration-level discrimination. In addition, the presence of a stable reference mode enables differential sensing, improving detection reliability. A machine learning-based regression framework is developed to model the relationship between refractive index and resonant frequency. Among the evaluated models, polynomial regression achieves the best performance with an R2 of 0.998, enabling accurate prediction and inverse estimation of analyte properties. The proposed approach provides a compact, tunable, and intelligent THz sensing platform with strong potential for real-time biomedical diagnostics, environmental monitoring, and advanced communication systems. © 2026 Elsevier B.V.","Bandpass filters; Bandwidth; Biomolecules; Chemical potential; Forecasting; Natural frequencies; Polynomial regression; Reconfigurable architectures; Refractive index; Resonators; Surface plasmon resonance; Vanadium dioxide; Wave transmission; Band pass; Biochemical sensing; Graphenes; Plasmon-polaritons; Stepped impedance resonator; Surface plasmon polariton; Surface-plasmon; Vanadium dioxide; Vanadium dioxide (VO2); Graphene","Article","Final","","Scopus","2-s2.0-105041192026"
"Liu B.; Yang J.; Qiao J.","Liu, Biao (55720728700); Yang, Jiaqi (59173466000); Qiao, Junchao (57562158400)","55720728700; 59173466000; 57562158400","Spatio-temporal adaptive refinement for bird's eye view cooperative perception","2026","Neurocomputing","695","","134057","","","0","10.1016/j.neucom.2026.134057","https://www.scopus.com/pages/publications/105039751551?origin=resultslist","Cooperative perception enhances autonomous vehicle sensing capabilities by integrating information from multiple agents through deep learning approaches. While recent vision-based cooperative frameworks have shown promising results, significant challenges remain in handling complex traffic scenarios and communication uncertainties. To address these challenges, we propose STARCO, a learning-based cooperative perception framework that enhances visual features through integrated spatio-temporal processing. Our framework offers three key contributions: 1) an adaptive temporal aggregation mechanism that efficiently incorporates historical context with BEV-specific geometric constraints; 2) a hierarchical feature enhancement architecture that preserves fine-grained spatial details during view transformation; and 3) a relation-aware fusion module that effectively resolves feature ambiguity in multi-agent scenarios. Extensive experiments on the OPV2V, V2V4Real, and nuScenes datasets indicate that STARCO advances the state-of-the-art in cooperative BEV semantic segmentation and 3D object detection. Furthermore, STARCO demonstrates robust performance under challenging conditions and levels of communication degradation. © 2026 Elsevier B.V.","Autonomous agents; Autonomous vehicles; Cooperative communication; Deep learning; Mathematical transformations; Multi agent systems; Multipurpose robots; Object recognition; Semantic Segmentation; Semantics; Adaptive refinement; Autonomous driving; BEV semantic segmentation; Cooperative perception; Multi-robot systems; Semantic segmentation; Spatio-temporal; Temporal adaptive; Vehicle to vehicles; Vehicle-to-vehicle cooperation; animal testing refinement; Article; autonomous vehicle; communication protocol; convolution algorithm; cooperation; correlation analysis; cost benefit analysis; deep learning; feature detection; feature extraction; feature extraction algorithm; hierarchical clustering; human; learning; mathematical analysis; measurement accuracy; perception; qualitative analysis; spatial analysis; spatiotemporal analysis; temporal analysis; three-dimensional imaging; Object detection","Article","Final","","Scopus","2-s2.0-105039751551"
"Madkour M.E.; Soliman S.E.; Dessouky M.I.; El-Samie F.E.A.; Elsafrawey A.S.; Hammad M.E.","Madkour, Marwa E. (55332109400); Soliman, Salah E. (59044364800); Dessouky, Moawad. I. (60431715300); El-Samie, Fathi E. Abd (12785222000); Elsafrawey, Amir S. (60732175100); Hammad, Mohammed E. (58435818100)","55332109400; 59044364800; 60431715300; 12785222000; 60732175100; 58435818100","Visual image perception preservation through a compression-encryption framework","2026","Scientific Reports","16","1","26827","","","0","10.1038/s41598-026-45106-y","https://www.scopus.com/pages/publications/105048490245?origin=resultslist","Wireless Sensor Networks (WSNs) are increasingly deployed for monitoring both one-dimensional (1D) and two-dimensional (2D) environmental phenomena, generating vast amounts of sensitive data, often in the form of images, which are transmitted daily. Ensuring secure data transmission over untrusted communication channels is a persistent and critical challenge. Compressive Sensing (CS) has emerged as a powerful signal processing technique that enables simultaneous sampling and compression of signals. Secure Compressive Sensing (Sec-CS) has gained significant attention in information security, as it can serve as an integrated cryptographic mechanism that performs the functions of sampling, compression, and encryption while safeguarding the pseudo-random measurement matrix as a secret key. This paper presents a privacy-preserving, computationally efficient key-agreement framework for secure image exchange in WSN-based monitoring systems. The proposed architecture incorporates DNA encoding, chaotic mapping, and a lightweight XOR-based image encryption operation, all driven by a pseudo-random key vector. The framework not only achieves high computational efficiency but also demonstrates robustness against a range of cryptographic attacks. Extensive numerical simulations validate the proposed framework effectiveness, demonstrating its superiority over existing approaches in terms of both security and computational performance. A comprehensive security analysis further confirms that the proposed framework meets key security requirements, offering strong protection against diverse attack scenarios. © The Author(s) 2026.","DNA; article; compression; controlled study; encryption; human; retina image; signal processing; simulation","Article","Final","All Open Access; Gold Open Access; Green Open Access","Scopus","2-s2.0-105048490245"
"Yoo S.; Lv Z.; Fadell N.; Yoo J.-Y.; Oh S.; Ha K.-H.; Moritz W.M.; Cha J.; Wu H.; Park J.; Kwak S.S.; Kwon K.; Park Y.; Cho D.; Ahn H.-Y.; Park C.; Kim S.; Park T.W.; Maeng W.-Y.; Ko H.C.; Westman A.M.; MacEwan M.; Huang Y.; Saks J.; Rogers J.A.","Yoo, Seonggwang (57189589309); Lv, Zengyao (57193846113); Fadell, Nicholas (58094269200); Yoo, Jae-Young (56683681300); Oh, Seyong (57189443832); Ha, Kyoung-Ho (59400913400); Moritz, William M. (60301804600); Cha, Jihun (57968005600); Wu, Hanbing (59732464400); Park, Jihun (57476965700); Kwak, Sung Soo (56883863300); Kwon, Kyeongha (56109998000); Park, Yoonseok (57189441895); Cho, Donghwi (56992056600); Ahn, Hak-Young (57715422500); Park, Chanho (55728043200); Kim, Sangjun (57964242500); Park, Tae Wan (57189896587); Maeng, Woo-Youl (57190286352); Ko, Heung Cho (7201926396); Westman, Amanda M. (60301000000); MacEwan, Matthew (6506252949); Huang, Yonggang (7501569901); Saks, Justin (60301324000); Rogers, John A. (56755517500)","57189589309; 57193846113; 58094269200; 56683681300; 57189443832; 59400913400; 60301804600; 57968005600; 59732464400; 57476965700; 56883863300; 56109998000; 57189441895; 56992056600; 57715422500; 55728043200; 57964242500; 57189896587; 57190286352; 7201926396; 60301000000; 6506252949; 7501569901; 60301324000; 56755517500","A wireless, skin-integrated system for continuous pressure distribution monitoring to prevent ulcers across various healthcare environments","2026","npj Flexible Electronics","10","1","1","","","6","10.1038/s41528-025-00501-9","https://www.scopus.com/pages/publications/105026896650?origin=resultslist","Pressure ulcers remain a persistent challenge in healthcare, particularly for individuals with limited mobility or compromised sensation. Early detection is critical to prevent ischemic damage leading to necrosis, infections, and prolonged hospital stays. Conventional sensing technologies that integrate into the mattress, while effective in gathering data on pressure distributions, are restricted to stationary environments, and they can miss significant periods when patients leave their beds or shift positions. Furthermore, these systems do not offer consistent information on the specific spatial distribution of pressure across the body, because the sensors integrate with the mattress and not the body. Recent research establishes capabilities in soft, skin-interfaced wireless alternatives, but in designs that require specialized processes and materials that might not scale effectively for practical production and use. Here, we present a wireless, skin-integrated pressure monitoring system that mounts on the skin, in anatomically matched forms and with soft mechanical interfaces, for continuous data collection. This platform, built on manufacturable components and designs, features an array of soft, elastomer-encapsulated pressure sensors that minimize discomfort, with wireless communications and an independent power management system to enable operation across diverse healthcare settings, including homes, outpatient facilities, and operating rooms, all without physical tethers. Additionally, an external alarm satellite device delivers vibratory and visual alerts if predefined pressure thresholds are exceeded, guiding caregivers or patients to take timely action. Experimental and finite element analysis support the design principles, and deployments on patients in hospital settings illustrate modes for practical use. © The Author(s) 2025.","","Article","Final","All Open Access; Gold Open Access; Green Open Access","Scopus","2-s2.0-105026896650"
"Wang X.; Li B.; Zeng Q.; Mao Y.; Han Z.; Zhao G.; Han S.; Zhang D.; Huo J.; Xu R.; Shen D.","Wang, Xinlei (60408116800); Li, Bin (59810455000); Zeng, Qi (60714609600); Mao, Yufan (60714734100); Han, Zechao (59347870100); Zhao, Gangli (58850135600); Han, Shuaiqi (60412404400); Zhang, Dingyun (59939775700); Huo, Jiaxing (59939775900); Xu, Rui (60714764500); Shen, Daozhi (56532997100)","60408116800; 59810455000; 60714609600; 60714734100; 59347870100; 58850135600; 60412404400; 59939775700; 59939775900; 60714764500; 56532997100","All-in-one ionic hydrogel for wearable strain sensing and moisture electricity generation","2026","Chemical Engineering Journal","546","","180541","","","0","10.1016/j.cej.2026.180541","https://www.scopus.com/pages/publications/105047060011?origin=resultslist","Soft wearable rehabilitation devices require multifunctional materials that simultaneously enable reliable motion sensing, ambient energy harvesting, and real-time feedback. Herein, we report a hierarchically dual-crosslinked ionic hydrogel (denoted as PCC) that integrates strain sensing and moisture electric generation within a single soft material system. The PCC hydrogel comprises a covalently crosslinked poly (acrylic acid) network, sodium carboxymethyl cellulose-mediated hydrogen bonding, and Ca2+–carboxylate coordination, yielding a mechanically robust and ion-conductive network. As a strain sensor, the PCC exhibits gauge factors of 1.01, 1.52, and 1.80 across low, moderate, and high strain ranges, with a response time of ∼159 ms and a recovery time of ∼178 ms, demonstrating stable electrical output during cyclic deformation. When employed as a moisture electric generator, this hydrogel captures atmospheric moisture to promote ion dissociation and establish an asymmetric water/ion gradient, yielding an open-circuit voltage of ∼0.88 V and a short-circuit current of ∼0.55 mA under 70% relative humidity, achieving a maximum power density of ∼245 μW cm−2. Furthermore, the PCC enables multi-site human motion monitoring and Morse code-based human–machine interfacing. Additionally, it allows for finger-joint rehabilitation monitoring with real-time visual feedback powered by moisture-driven light-emitting diode. Our work presents an integrated material–device design strategy for dual-functional ionic hydrogels, enabling concurrent wearable strain sensing and moisture-driven energy harvesting for self-powered rehabilitation electronics. © 2026","Carboxylation; Dissociation; Electric Generators; Energy; Feedback; Moisture; Atmospheric humidity; Computer system recovery; Dissociation; Electric generators; Energy harvesting; Feedback; Hydrogels; Moisture; Motion sensors; Open circuit voltage; Wearable sensors; %moisture; Electricity-generation; Energy; Ionic hydrogels; Moisture electric generator; Multi-functional materials; Rehabilitation devices; Strain sensing; Sustainable energy; Wearable strain sensing; Carboxylation; Visual communication","Article","Final","","Scopus","2-s2.0-105047060011"
"Grine N.; Jlidi H.; Amarni M.; frikha F.; Aifa S.; Mendil A.; Mnif S.","Grine, Nahla (60756056300); Jlidi, Hajer (59218604200); Amarni, Meriem (59672690700); frikha, Fakher (14624859700); Aifa, Sami (6507825507); Mendil, Amina (37111186800); Mnif, Sami (24167056900)","60756056300; 59218604200; 59672690700; 14624859700; 6507825507; 37111186800; 24167056900","Verbenol acts as a low-entropy pan-inhibitor of quorum sensing to attenuate Pseudomonas aeruginosa virulence and resolve pulmonary inflammation","2026","Bioorganic Chemistry","181","","110266","","","0","10.1016/j.bioorg.2026.110266","https://www.scopus.com/pages/publications/105045628732?origin=resultslist","The rise of multidrug-resistant Pseudomonas aeruginosa necessitates urgent anti-virulence strategies designed to disarm pathogens without driving selective resistance. Here, we present an integrated in vitro, in vivo, and in silico investigations establishing the plant-derived monoterpenoid verbenol as a potent, multi-target quorum sensing (QS) inhibitor, targeting bacterial virulence. In vitro, while exhibiting limited direct bactericidal pressure (MIC = 6.25 mg/mL), sub-inhibitory concentrations of verbenol profoundly suppressed key QS-regulated virulence traits. It effectively disrupted initial bacterial adhesion, eradicated pre-formed biofilm, paralyzed flagellar and pili-mediated motilities, and drastically reduced the production of pyocyanin and rhamnolipids. Translating these findings to an acute murine lung infection model, verbenol treatment significantly reduced bacterial virulence and mitigated pneumonia-associated tissue damage without detectable systemic toxicity. Crucially, it exerted dual host-protective effects by restoring pulmonary redox homeostasis and dampening the pro-inflammatory cytokine cascade (IL-6 and TNF-α). To elucidate the molecular basis of this broad anti-virulence efficacy, deep-learning-driven molecular docking and extended explicit-solvent molecular dynamics (200 ns) were performed. CNN-guided pose validation (RMSD ≤2.0 Å) and computational thermodynamic profiling revealed that verbenol functions as a highly efficient, low-entropy pan-inhibitor. By maintaining exceptional Ligand Efficiency, it anchors simultaneously into the hydrophobic binding pockets of the LasR, RhlR, and PqsR master regulators, completely bypassing the entropic penalties that hinder flexible native autoinducers. Collectively, this study highlights verbenol as a dual-action therapeutic adjuvant capable of silencing bacterial communication and shielding host lung tissues from inflammatory injury, paving the way for sustainable therapies against persistent P. aeruginosa infections. © 2026 Elsevier Inc.","Animals; Anti-Bacterial Agents; Bicyclic Monoterpenes; Biofilms; Dose-Response Relationship, Drug; Mice; Microbial Sensitivity Tests; Molecular Docking Simulation; Molecular Structure; Pneumonia; Pseudomonas aeruginosa; Pseudomonas Infections; Quorum Sensing; Structure-Activity Relationship; Virulence; alginic acid; antibiotic agent; bacterial protein; chloramphenicol; interleukin 6; lasr protein; monoterpenoid; pqsr protein; pyocyanine; rhamnolipid; rhlr protein; tumor necrosis factor; unclassified drug; verbenol; antiinfective agent; bicyclic monoterpenoid; adult; animal experiment; animal model; animal tissue; antibacterial activity; antibiofilm activity; Article; bacterial clearance; bacterial flagellum; bacterial virulence; bactericidal activity; bacterium adherence; bacterium isolate; bacterium pilus; computer model; controlled study; convolutional neural network; deep learning; hydrophobicity; in vitro study; in vivo study; lung parenchyma; molecular docking; molecular dynamics; mouse; nonhuman; oxidative stress; Pseudomonas aeruginosa; Pseudomonas pneumonia; quorum sensing; subinhibitory concentration; thermodynamics; animal; biofilm; chemical structure; chemistry; dose response; drug effect; drug therapy; microbial sensitivity test; microbiology; pathogenicity; pneumonia; Pseudomonas infection; structure activity relation; virulence","Article","Final","","Scopus","2-s2.0-105045628732"
"Xuan X.; Wu B.; Chen Y.; Cen W.; Zhou Y.; Zheng S.; Hui X.; Zhang X.","Xuan, Xingqi (58106551000); Wu, Bincai (58679519500); Chen, Yuqi (57216667053); Cen, Wangjie (58679136600); Zhou, Yulin (57161088200); Zheng, Shilie (7403146865); Hui, Xiaonan (59868794600); Zhang, Xianmin (7410264846)","58106551000; 58679519500; 57216667053; 58679136600; 57161088200; 7403146865; 59868794600; 7410264846","Cyber metasurface system for electromagnetic field closed-loop sensing and manipulation","2026","Communications Engineering","5","1","41","","","1","10.1038/s44172-026-00593-9","https://www.scopus.com/pages/publications/105030868302?origin=resultslist","Intelligent metasurfaces, capable of shaping the electromagnetic field, have been extensively investigated in diverse scenarios, including beamforming, wireless communication, and electromagnetic imaging. Adaptable metasurface control is essential for their applications in practical communications engineering. Here we present a cyber-managed metasurface system to enhance the convenience of metasurface sub-array management, which integrates radio frequency energy harvesting with star-topology hybrid networks. By employing digitized phase-shifted transmission lines as tunable elements, the system not only enables electromagnetic manipulation and sensing capabilities but also achieves ultra-low power consumption. Each metasurface sub-array consists of 2 × 2 units, serving as a network node for data transmission and the sharing of harvested energy. Additionally, these metasurface sub-arrays, designed to resemble LEGO blocks, can be combined into various configurations, enabling flexible electromagnetic manipulation. The cyber-managed metasurface can be seamlessly integrated into wireless communication systems and passive wireless sensing networks, thereby providing versatility across diverse applications. © The Author(s) 2026.","","Article","Final","All Open Access; Gold Open Access; Green Open Access","Scopus","2-s2.0-105030868302"
"Wang R.; Sun X.; Zhang L.; Tang Y.; Jia H.; Wang P.; Qiu J.; Chen Z.; Chen Y.; Qiu J.","Wang, Rusen (60714588100); Sun, Xiangyu (60041761000); Zhang, Liaolin (36669719600); Tang, Yuzhen (60714647700); Jia, Hong (35210109700); Wang, Pingping (60714647800); Qiu, Jianrong (57220604984); Chen, Zhi (56532632100); Chen, Yuehua (60714803600); Qiu, Jianbei (8344088100)","60714588100; 60041761000; 36669719600; 60714647700; 35210109700; 60714647800; 57220604984; 56532632100; 60714803600; 8344088100","Doping induced various refractive index writing mechanism in phosphate glass","2026","Optics and Laser Technology","204","","116257","","","0","10.1016/j.optlastec.2026.116257","https://www.scopus.com/pages/publications/105047976948?origin=resultslist","Optical waveguides constitute fundamental building blocks for integrated photonic chips, with applications in on-chip optical communication, sensing, and quantum information processing. Although femtosecond-laser direct writing offers distinct advantages for fabricating compact, truly three-dimensional (3D) waveguides, the relatively high propagation losses currently limit their viability for large-scale integration, primarily due to an incomplete understanding of refractive index writing mechanisms. Herein, using slit beam shaping with an oil-immersion objective, we observe markedly distinct refractive index changes in Yb3+-doped and Er3+-Yb3+ co-doped phosphate glasses. We further elucidated the underlying mechanisms by investigating rare-earth ion energy level transitions and laser-induced thermal accumulation effects. Complemented by micro-Raman spectroscopy to probe the physicochemical evolution within the waveguide region, we demonstrate that Yb3+-doped phosphate glass primarily converts excitation energy into heat through non-radiative relaxation, whereas Er3+-Yb3+ co-doped phosphate glass mitigates thermal accumulation via energy transfer from Yb3+ to Er3+. This work provides new insights into the role of rare-earth ion interactions in femtosecond laser writing and offers practical guidelines for selecting gain medium compositions to optimize waveguide performance. © 2026 Elsevier Ltd","Energy transfer; Erbium compounds; Glass; Optical communication; Quantum optics; Refractive index; Ytterbium compounds; Co-doped; Femtoseconds; Fundamental building blocks; Integrated photonics; Optical-; Phosphate glass; Photonic chips; Rare earth ions; Refractive index changes; Writing mechanisms; Femtosecond lasers; Optical waveguides","Article","Final","All Open Access; Green Open Access","Scopus","2-s2.0-105047976948"
"Yang Y.; Cao T.; Wang P.; Yang T.; Sun Y.; Bai B.","Yang, Yiheng (58928803900); Cao, Tian (59113578200); Wang, Ping (55538226300); Yang, Ting (57284364100); Sun, Yanzhe (57735685500); Bai, Bo (57221233424)","58928803900; 59113578200; 55538226300; 57284364100; 57735685500; 57221233424","Joint optimization of power allocation, slot and orientation-angle selection in OIRS-assisted integrated lighting, sensing and communication system","2026","Optics Communications","617","","133413","","","0","10.1016/j.optcom.2026.133413","https://www.scopus.com/pages/publications/105040774222?origin=resultslist","In the field of wireless communications, the integrated communication and sensing system is quite essential for beyond fifth generation (B5G) and sixth generation (6G) communication. This work focuses on the optical intelligent reflecting surface-assisted (OIRS-assisted) integrated lighting, sensing and communication (LiSAC) system for the first time. Specifically, a joint optimization problem involving power allocation, slot selection and OIRS orientation-angle selection has been established to minimize the total transmitted power, which is mainly subject to the lighting, sensing and communication constraints. The lighting constraint is first transformed into power threshold constraint by solving the convex optimization problem only subject to lighting constraint. Then, the joint optimization problem is divided into two subproblems according to sensing and communication constraints. Through cyclic minimization algorithm (CMA) and successive convex approximation (SCA), these two subproblems are transformed into convex optimization problems. The multi-layer nested cyclic joint slot and angle selection and power allocation (MNC-JSASPA) and the low-complexity channel gain-based slot selection and power allocation (CGSSPA) algorithms are thus proposed to solve those convex problems. Simulation results show that introducing OIRS and enlarging the scale of OIRS can effectively improve the performance of LiSAC system with these two proposed algorithms. Both MNC-JSASPA and CGSSPA algorithms are very effective with different layouts of light source. In particular, compared with the benchmark algorithms, the MNC-JSASPA algorithm demonstrates the best performance while the CGSSPA algorithm with lower complexity shows comparable performance to that of MNC-JSASPA algorithm. Copyright © 2026. Published by Elsevier B.V.","Approximation algorithms; Approximation theory; Benchmarking; Computational complexity; Computer networks; Light sources; Optical communication; Problem solving; Shape optimization; Channel gain-based slot selection and power allocation algorithm; Channel gains; Integrated lighting, sensing and communication; Integrated lightings; Joint optimization; Lower complexity; Multi-layer nested cyclic joint slot and angle selection and power allocation algorithm; Multi-layers; OIRS; Power allocation algorithms; Convex optimization","Article","Final","","Scopus","2-s2.0-105040774222"
"Lei J.; Wu C.; Li X.; Fu Q.; Wang J.; Liu J.; Kato N.","Lei, Jiahao (59706489900); Wu, Chenbo (60261988500); Li, Xiang (57221402996); Fu, Qiang (58532797200); Wang, Jiadai (57208349593); Liu, Jiajia (40461843700); Kato, Nei (7403474407)","59706489900; 60261988500; 57221402996; 58532797200; 57208349593; 40461843700; 7403474407","LBP: A Generative AI Framework for Lightweight Multimodal Beam Prediction in 6G Edge Networks","2026","IEEE Transactions on Mobile Computing","25","10","","15723","15735","0","10.1109/TMC.2026.3682758","https://www.scopus.com/pages/publications/105036224806?origin=resultslist","Beam prediction under integrated sensing and communication is a fundamental building block for next-generation communication networks. However, achieving reliable beam prediction in practical systems remains challenging due to the conflicting requirements of high accuracy, ultra-low latency, and strict model complexity constraints. Existing methods often address these challenges only partially, as parameter-heavy architectures limit inference efficiency and robustness in dynamic environments. To address these challenges, we propose a generative artificial intelligence framework for lightweight multimodal beam prediction (LBP) in 6G edge networks. At its core, LBP introduces a hierarchical attention mechanism that jointly captures vehicle motion dynamics and global traffic context, enabling accurate beam prediction with substantially reduced model complexity. By fusing vehicle trajectory information with traffic scene perception and integrating a scene-aware module, LBP achieves robust performance across diverse weather and traffic conditions. Extensive experimental results show that LBP outperforms existing baselines with significantly fewer parameters and millisecond-level inference latency, enabling real-time 6G edge deployment. © 2026 IEEE. All rights reserved.","Dynamics; Forecasting; Memory architecture; Next generation networks; Attention mechanisms; Beam prediction; EDGE Networks; Fundamental building blocks; Generative AI; Integrated sensing; Modeling complexity; Multi-modal; Sparse attention mechanism; Transformer; Complex networks","Article","Final","","Scopus","2-s2.0-105036224806"
"Zheng W.; Yang Q.; Chen K.; Li S.; Xia Y.; Guo K.","Zheng, Wanbo (59789673900); Yang, Qiuping (60728715300); Chen, Kerong (60728600600); Li, Siqi (57836139000); Xia, Yunni (13409263300); Guo, Kunyin (57191568762)","59789673900; 60728715300; 60728600600; 57836139000; 13409263300; 57191568762","Task offloading and resource allocation for cooperative communication and sensing in edge computing for mine","2026","Scientific Reports","16","1","21469","","","0","10.1038/s41598-026-52020-w","https://www.scopus.com/pages/publications/105044098720?origin=resultslist","With the growing demand for computation-intensive and latency-critical tasks in intelligent mining, the computing capabilities of terminal devices are becoming increasingly inadequate. Consequently, task offloading has emerged as a vital mechanism. However, existing approaches often depend on centralized resource allocation algorithms, which tend to produce suboptimal assignment decisions. As a result, tasks are frequently offloaded to inappropriate edge servers that become unstable under heavy upload traffic, leading to higher latency and increased energy consumption. To effectively assess system performance, we introduce the Overall Utility Value (OUV), which balances system delay and energy usage. In this paper, we present an edge computing task-offloading framework tailored for mining scenarios, which comprises a central control unit, distributed service nodes, and a large number of terminal devices. By leveraging the environmental awareness of the service nodes, we present a Cooperative Communication and Sensing Task Offloading Scheme (CCTS) designed to minimize both system latency (SL) and system energy consumption (SEC) through optimized task allocation and wireless bandwidth ratios. To tackle this optimization problem, we develop an Improved Gray Wolf Optimization algorithm integrated with a Feasibility Checking Algorithm (IGWO-FCA). Simulation results demonstrate that the IGWO-FCA achieves the lowest OUV, validating its effectiveness. © The Author(s) 2026.","algorithm; article; awareness; bandwidth; controlled study; energy consumption; human; male; mining; resource allocation; simulation; utility value","Article","Final","All Open Access; Gold Open Access; Green Open Access","Scopus","2-s2.0-105044098720"
"Kumar K.S.; Kumar T.A.; Ananth C.; Narayanan M.; Rai H.M.; Agarwal S.; Pak W.","Kumar, K. Suresh (57197145308); Kumar, T. Ananth (57191486735); Ananth, Christo (57198803549); Narayanan, Mathiyazhagan (42161478800); Rai, Hari Mohan (55657949700); Agarwal, Saurabh (57190606444); Pak, Wooguil (7007006708)","57197145308; 57191486735; 57198803549; 42161478800; 55657949700; 57190606444; 7007006708","A blockchain-enabled IoT framework for smart electro-medical waste management","2026","Scientific Reports","16","1","20504","","","0","10.1038/s41598-026-45930-2","https://www.scopus.com/pages/publications/105043751874?origin=resultslist","Electro-medical waste (EMW) management presents critical challenges related to traceability, regulatory compliance, and operational safety in healthcare environments, where improper handling can pose serious risks to public health and the environment. To address these challenges, this work proposes a blockchain-integrated Internet of Things framework, termed BIOT-EMW, which combines IoT sensing, blockchain-based auditability, and edge-level intelligence to enable secure and transparent EMW lifecycle management. A convolutional neural network-based computer vision module is deployed at the edge to automate EMW classification and reduce manual intervention. The performance evaluation of the proposed BIOT-EMW system emphasizes system-level operational metrics, including latency, delay, bandwidth, power consumption, resource utilization, and scalability, rather than exhaustive model-level benchmarking. Experimental results show that edge-level processing latency ranges from 3.45 to 9.33 ms, end-to-edge communication delay from 6.43 to 12.11 ms, bandwidth usage from 24.54 Mbps to 34.87 Mbps, and device-level power consumption from 6.5 to 13.31 mW, with resource utilization between 78 and 92% and scalability reaching up to 97%. In a prototype-scale experimental testbed, the BIOT-EMW framework shows feasible and efficient operation with promising scalability for automated electro-medical waste management in smart healthcare facilities. © The Author(s) 2026.","article; bandwidth; benchmarking; blockchain; computer; computer vision; convolutional neural network; diagnosis; health care facility; hospital waste; human; intelligence; internet of things; regulatory compliance; waste management","Article","Final","All Open Access; Gold Open Access; Green Open Access","Scopus","2-s2.0-105043751874"
"Chen N.; Jing Y.; Yaqi W.; Chaofan K.; Yahong Y.; Tianli Y.","Chen, Niu (60799999600); Jing, Yang (60800300900); Yaqi, Wang (57538353000); Chaofan, Kong (60799999700); Yahong, Yuan (60800151100); Tianli, Yue (57604174900)","60799999600; 60800300900; 57538353000; 60799999700; 60800151100; 57604174900","From the laboratory to the food systems: translational barriers and future directions for quorum sensing inhibition","2026","Trends in Food Science and Technology","177","","106025","","","0","10.1016/j.tifs.2026.106025","https://www.scopus.com/pages/publications/105047994742?origin=resultslist","Background: Quorum sensing inhibition is a non-lethal control strategy that modulates collective microbial behaviours by disrupting intercellular communication, providing a potential approach for microbial control in food systems. Although laboratory studies have demonstrated that quorum-sensing inhibitors (QSIs) modulate biofilm formation, virulence expression and spoilage-associated phenotypes, their translation to real-world food systems remains limited. The influence of food microecosystems on QSI efficacy remains insufficiently understood. Scope and approach: This review analyses the barriers limiting QSI application in food systems from the perspective of food microbial ecology. Quorum sensing (QS) regulatory networks are coupled across multiple circuits and integrated with global regulators, enabling microorganisms to buffer the effects of QSIs. Meanwhile, phase partitioning, nonspecific binding, spatial constraints and environmental changes also reduce QSI effective exposure within food matrices. Microbial adaptive reconfiguration and ecological processes, including community interactions, functional compensation and resource sharing, may further weaken QSI-mediated control of spoilage-associated processes. Based on these insights, this review discusses translational approaches involving QS intervention node selection, matrix-adapted delivery and integration with processing and preservation operations. Key findings and conclusions: The translation of QSIs into food systems requires researchers to move beyond single-strain models toward systematic evaluation in food microecosystems. Future studies should integrate food matrix characteristics, microbial community dynamics and QS regulatory networks to identify suitable ecological contexts and operating conditions for reliable QSI applications. © 2026 Elsevier Ltd","Ecology; Food microbiology; Matrix algebra; Microorganisms; Process control; Translation (languages); Food matrix effect; Food matrixes; Food microecosystem; Food system; Matrices effect; Microbial ecology; Microbials; Quorum-sensing; Quorum-sensing inhibitors; Translational barrier; Spoilage","Review","Final","","Scopus","2-s2.0-105047994742"
"Deepa D.; Mehfooza M.; Raj P.T.","Deepa, Durairaj (57216519535); Mehfooza, M. (57198802163); Raj, Padmavathy Thiruppathi (25928522000)","57216519535; 57198802163; 25928522000","Multi-mode energy harvesting–enabled edge computing architecture for industrial IoT environments","2026","Microsystem Technologies","32","11","163","","","0","10.1007/s00542-026-06152-8","https://www.scopus.com/pages/publications/105047915990?origin=resultslist","Distributed sensors and an increasingly intelligent edge are helping to drive more real-time sensing and automation in Industrial Internet of Things (IIoT) deployments. However, operating the devices over a long period of time is still challenging as a result of energy availability uncertainty and/or limitations of traditional communication protocols. This work presents a multi-mode energy harvesting-assisted edge computing architecture, integrated with a joint optimization of energy consumption and communication behaviour, which is aimed at enhancing the sustainability, reliability and autonomy of operation in an industrial IoT context.A proposed framework brings together vibration-, thermal- and RF based energy harvesting sources while leveraging an edge-centric control approach to dynamically schedule, route, and adapt the communications parameters based on energy harvested, task urgency, and network conditions. A mathematical model is developed and implemented using a decentralized control algorithm that captures dynamics of energy harvesting, overhead of communication and task prioritization. The framework is tested on a hardware testbed made with Raspberry Pi and NS-3 simulations. The experimental results show that the proposed architecture is able to successfully provide an average of 87.6% energy utilization efficiency, a 94.2% degree of compliance of tasks allocation, a maximum communication latency reduction of 27% and a network operational lifetime increase by around 38% compared to standard energy schemes. Multi-source energy harvesting, adaptive energy communications control and edge intelligence are among the critical elements for the sustainable and resilient functioning of industrial IoT systems. The proposed architecture is realistic for the application of autonomous operation in variable energy supplies and trustworthy communication while optimizing the use of limited resources. © The Author(s), under exclusive licence to Springer-Verlag GmbH Germany, part of Springer Nature 2026.","Computer architecture; Control theory; Edge computing; Energy efficiency; Energy harvesting; Green computing; Internet of things; Network architecture; Computing architecture; Distributed sensor; Edge computing; Energy; Energy availability; Mode energies; Multimodes; Proposed architectures; Real time sensing; Real-time automation; Decentralized control","Article","Final","","Scopus","2-s2.0-105047915990"
"Darling J.S.; Guruviah V.","Darling, Jeba Saral (59483507300); Guruviah, Velmathi (36810792800)","59483507300; 36810792800","Gain enhanced dual-band HMSIW antenna using DGS-driven mode perturbation for millimeter wave applications","2026","Microsystem Technologies","32","10","157","","","0","10.1007/s00542-026-06125-x","https://www.scopus.com/pages/publications/105047319751?origin=resultslist","This article addresses the need for a compact Ka-band antenna with wide bandwidth and high gain. A half-mode substrate integrated waveguide (HMSIW) topology is adopted for compactness, and a multi-slot stub-loaded radiating patch combined with a periodic defected ground structure (DGS) is incorporated to significantly enhance the impedance bandwidth. To further improve radiation performance, a cross-shaped artificial magnetic conductor (AMC) is placed below the ground plane of the antenna to suppress back radiation and enhance broadside gain. Together, this configuration enables dual resonances at 19.1 GHz and 31.5 GHz, achieving wide impedance bandwidths of 11% (18.2–20.3 GHz) and 56% (24–44 GHz), with peak gains of 7.4 dBi and 7.2 dBi, respectively. The AMC improves the lower and upper-band gains by 0.8 dBi and 1.6 dBi within a compact footprint of 8.25 × 8.35 × 0.786 mm3 (approximately 0.279λ₀2) at the lower resonant frequency. To the best of the authors' knowledge no prior published work has demonstrated an HMSIW radiator integrated with an AMC ground plane at millimeter-wave frequencies. The proposed design is simulated in HFSS, fabricated, and experimentally validated, with simulated and measured results showing good agreement, confirming its suitability for millimeter-wave communication and sensing applications. © The Author(s), under exclusive licence to Springer-Verlag GmbH Germany, part of Springer Nature 2026.","Antenna grounds; Directional patterns (antenna); Electric impedance; Microwave antennas; Millimeter waves; Slot antennas; Artificial magnetic conductors; Defected grounds; Driven mode; Dual Band; Ground planes; Ground structure; Millimeter-wave applications; Mode perturbations; Substrate-integrated waveguides; Waveguide antennas; Bandwidth; Natural frequencies","Article","Final","","Scopus","2-s2.0-105047319751"
"Umra A.; Ahmed A.M.; Sezgin A.","Umra, Adam (58858513600); Ahmed, Aya Mostafa (57204921447); Sezgin, Aydin (7003285114)","58858513600; 57204921447; 7003285114","RL-aided cognitive ISAC: robust detection and sensing–communication trade-offs","2026","Journal on Wireless Communications and Networking","2026","1","62","","","1","10.1186/s13638-026-02625-6","https://www.scopus.com/pages/publications/105039315505?origin=resultslist","This paper proposes a reinforcement learning (RL)-aided cognitive framework for massive MIMO-based integrated sensing and communication (ISAC) systems employing a uniform planar array (UPA). The focus is on enhancing radar sensing performance in environments with unknown and nonstationary disturbance characteristics. A Wald-type detector is employed for robust target detection under non-Gaussian clutter, while a SARSA-based RL algorithm enables adaptive estimation of targets' angular position in azimuth and elevation direction without prior environmental knowledge. Based on the RL-derived sensing information, a joint waveform optimization strategy is formulated to balance radar detection probability and downlink communication throughput. The resulting design provides an adaptive trade-off between detection performance and achievable sum rate through an analytically derived closed-form solution. Monte Carlo simulations demonstrate that the proposed cognitive ISAC framework achieves significantly improved detection probability compared to orthogonal and non-RL adaptive baselines, while maintaining competitive communication performance. These results underline the potential of RL-assisted sensing for robust and spectrum-efficient ISAC in next-generation wireless networks. © The Author(s) 2026.","Cognitive systems; Intelligent systems; Machine learning; MIMO systems; Mobile telecommunication systems; Monte Carlo methods; Optimization; Radar target recognition; Signal detection; Synthetic aperture radar; Tracking radar; Cognitive frameworks; Cognitive integrated sensing and communication; Communications systems; Detection probabilities; Integrated sensing; Reinforcement learnings; Robust detection; Robust sensing; Sensing systems; Trade off; Economic and social effects","Article","Final","All Open Access; Hybrid Gold Open Access","Scopus","2-s2.0-105039315505"
"Ye X.; Lin H.; Song X.; Wu Y.; Fu L.","Ye, Xiaowen (57215526028); Lin, Hengyi (60638963200); Song, Xianxin (57362558700); Wu, Yi (49962759800); Fu, Liqun (24773298100)","57215526028; 60638963200; 57362558700; 49962759800; 24773298100","Multi-Objective ISAC for Low-Altitude Economy Based on Multi-Task Deep Reinforcement Learning With Mixture of Experts","2026","IEEE Transactions on Mobile Computing","25","10","","17472","17488","0","10.1109/TMC.2026.3693366","https://www.scopus.com/pages/publications/105039309970?origin=resultslist","This paper studies a low-altitude economy (LAE)-oriented terrestrial integrated sensing and communication (ISAC) system, where a ground base station (GBS) provides communication and navigation services for authorized unmannedaerial vehicles (UAVs), as well as senses the low-altitude airspace to monitor the unauthorized mobile target. Both the communication sum-rate and sensing signal-to-noise ratio are maximized through joint optimization of GBS's beamforming and authorized UAVs' trajectories, subject to constraints including UAV mission completion and collision avoidance, as well as the GBS's maximum transmit power. To address this problem, we propose an intelligent joint optimization scheme, termed Multi-task mixture Of Drl Experts (MODE), based on multi-task deep reinforcement learning (DRL) with mixture of experts (MoE). Specifically, the MODE scheme first introduces the deep deterministic policy gradient algorithm to handle all continuous-domain variables and incorporates an objective-preference weight to capture the trade-off between communication and sensing performance. Thereafter, a multi-task MoE architecture is developed as the neural network of MODE, which treats each optimization problem with a specific objective-preference weight as a distinct task and trains these tasks concurrently within shared gating and expert networks. As such, MODE can generalize well to unseen weights. To facilitate efficient learning of the multi-task MoE architecture, we further put forth a hybrid experience replay mechanism that utilizes multi-task experience sets for training; each set contains all experiences from a complete episode under a specific task. Simulation results show that MODE attains more Pareto-efficient solutions than other schemes while maintaining stronger robustness across various simulation setups. Besides, we demonstrate the generalization ability of MODE for unseen tasks.  © 2026 IEEE.","Air navigation; Antennas; Deep learning; Deep reinforcement learning; Multi-task learning; Multiobjective optimization; Pareto principle; Unmanned aerial vehicles (UAV); Integrated sensing; Integrated sensing and communication; Low -altitude economy; Low altitudes; Mixture of expert; Mixture of experts; Multi -task deep reinforcement learning; Multi tasks; Multi-objectives optimization; Reinforcement learnings; Economic and social effects","Article","Final","","Scopus","2-s2.0-105039309970"
"Mehra A.; Arnon S.","Mehra, Ayush (58815371500); Arnon, Shlomi (57203966480)","58815371500; 57203966480","Analyzing Orbital Angular Momentum (OAM) mode via localized beam sampling","2026","Scientific Reports","16","1","19158","","","0","10.1038/s41598-026-49006-z","https://www.scopus.com/pages/publications/105042401372?origin=resultslist","Light beams carrying Orbital Angular Momentum (OAM) are of broad interest in fundamental optics and have important applications in communication, sensing, and metrology. Conventional techniques require capturing full-beam spot with large optics, restricting scalability and integration. In this work, we demonstrate that both the order and sign of OAM modes can be identified by sampling only a small part of the beam. Reliable mode discrimination was achieved using only of the beam cross-section. Experiments with agreed with analytical predictions within error, and simulations up to confirmed systematic order-dependent shifts. This localized sampling approach provides a hardware-efficient and scalable pathway for OAM detection in optical communication, metrology, and integrated photonics. © The Author(s) 2026.","article; controlled study; photonics; prediction; sampling; simulation","Article","Final","All Open Access; Gold Open Access; Green Open Access","Scopus","2-s2.0-105042401372"
"Zhang Z.; Akan O.B.","Zhang, Zhengyang (59486755000); Akan, Ozgur B. (9433722100)","59486755000; 9433722100","Performance of channel codes for terahertz wireless communications in the internet of space","2026","Physical Communication","79","","103302","","","0","10.1016/j.phycom.2026.103302","https://www.scopus.com/pages/publications/105047248756?origin=resultslist","This paper investigates channel coding for terahertz (THz) wireless communications in space-oriented Internet-of-Space scenarios, where ultra-high data-rate transmission must be supported under severe propagation loss, stringent link-budget constraints, and practical non-idealities. An impairment-aware THz space-link framework is developed by using free-space path loss and additive white Gaussian noise as the baseline propagation and noise backbone, while incorporating representative practical and environmental effects, including beam pointing error, residual carrier frequency offset, oscillator phase noise, hardware- and antenna-gain uncertainty, solar-induced receiver noise-temperature increase, and plasma-induced attenuation and scintillation. Based on this framework, five representative channel coding schemes, namely Turbo, Polar, Hamming, Reed-Solomon, and Convolutional codes, are comparatively evaluated under QPSK modulation. Their bit error rate performance is studied with respect to code rate, equivalent SNR budget, transmission distance, carrier frequency, minimum transmit-side power budget, and impairment severity. The results show that lower code rates generally improve reliability, whereas higher carrier frequencies and longer transmission distances impose more stringent link-budget requirements. Among the evaluated schemes, Polar and Turbo codes achieve the most competitive overall performance. Polar coding provides the lowest BER in several short-distance and moderate-frequency settings, while Turbo coding exhibits stronger robustness when the carrier frequency exceeds 1 THz. The analysis further clarifies that the Shannon benchmark should be interpreted as a receiver-side theoretical reference, whereas free-space path loss and impairment-related penalties determine the transmit-side budget required to achieve the target reliability. These results indicate that robust channel coding remains an essential reliability layer for future THz space communication systems, even when sensing-assisted beam alignment, semantic-aware transmission, or integrated sensing and communication mechanisms are adopted. © 2026 The Author(s)","Bit error rate; Budget control; Carrier communication; Convolutional codes; Error statistics; Gaussian noise (electronic); Signal receivers; Signal to noise ratio; Terahertz waves; Trellis codes; Turbo codes; White noise; Carrier frequency; Free spaces; Internet of space; Link budgets; Path loss; Performance; Stringents; Tera Hertz; Terahertz wireless communication; Wireless communications; Channel coding","Article","Final","All Open Access; Hybrid Gold Open Access","Scopus","2-s2.0-105047248756"
"Zhang Y.; Hu H.; Weng D.; Qiao Z.; Chen D.; Zhang J.; Deng J.; Wang L.; Zhang D.; Yang C.; Zhang S.; Liu M.; Xing W.; Qu Y.","Zhang, Yifan (60861532100); Hu, Huasheng (59296407200); Weng, Dengqun (58939819200); Qiao, Zhongliang (23976506800); Chen, Dongpeng (60861381600); Zhang, Junqiang (60861059900); Deng, Jinjuan (60861841000); Wang, Lu (57196476003); Zhang, Dongliang (57203121061); Yang, Chao (58903651200); Zhang, Shiya (60861060000); Liu, Ming (57207985819); Xing, Weirong (60861060100); Qu, Yi (56449972500)","60861532100; 59296407200; 58939819200; 23976506800; 60861381600; 60861059900; 60861841000; 57196476003; 57203121061; 58903651200; 60861060000; 57207985819; 60861060100; 56449972500","Spectral Characteristics of an InP-Based Semiconductor Laser With Fully Coupled Straight-Ridge and Racetrack Waveguides","2026","IEEE Photonics Journal ","18","5","1502207","1502207","","0","10.1109/JPHOT.2026.3730164","https://www.scopus.com/pages/publications/105050151035?origin=resultslist","Integrated semiconductor lasers are important for optical communications, gas sensing, biomedicine, and related fields. Conventional devices are commonly fabricated by dry etching, where sidewall roughness and surface defects may affect scattering and waveguide losses. In this work, we propose and fabricate an InP-based semiconductor laser with a fully coupled straight-ridge/racetrack waveguide structure using wet chemical etching. Under p-side-up continuous-wave (CW) operation and without facet coatings, the device exhibits a threshold current of 230 mA and a single-facet output power above 17 mW. At an injection current of 230 mA, single-longitudinal-mode lasing is obtained at a center wavelength of 1655.2 nm with a 3-dB linewidth of 0.12 nm. When the injection current is increased to 1520 mA, the spectrum shows comb-like characteristics within a broadband envelope of approximately 1670–1696 nm, with an average adjacent peak spacing of 0.22 nm in the pronounced multi-peak region. To the best of our knowledge, this is the first report of a derived satellite-peak spectral feature in an InP-based fully coupled straight-ridge/racetrack integrated semiconductor laser fabricated by wet chemical etching. These results show that the fully coupled structure enables current-dependent spectral evolution and produces equally spaced comb-like spectral features, providing experimental evidence and a useful reference for future studies of integrated semiconductor light sources. © 2009-2012 IEEE.","Chemical detection; Chemical sensors; Dry etching; Error detection; Fabrication; Indium phosphide; Optical communication; Optical waveguides; Photonic integration technology; Ridge waveguides; Surface defects; Surface scattering; Wet etching; Comb like spectrum; Comb-like; Fully-coupled; Injection currents; InP; Photonic integrations; Racetrack waveguide; Spectral characteristics; Spectral feature; Wet-chemical etching; III-V semiconductors; Semiconducting indium phosphide; Semiconductor lasers","Article","Final","All Open Access; Gold Open Access","Scopus","2-s2.0-105050151035"
"Khan U.H.; Khan R.; Alsaedi T.; Chelloug S.A.; Alturise F.; Alkhalaf S.","Khan, Umar Hayat (57963973500); Khan, Rahim (55856797400); Alsaedi, Tahani (57212135212); Chelloug, Samia Allaoua (14044519300); Alturise, Fahad (57191331160); Alkhalaf, Salem (41661143900)","57963973500; 55856797400; 57212135212; 14044519300; 57191331160; 41661143900","Federated TinyML and digital twin framework for secure and resilient IoMT-based ICU monitoring","2026","Scientific Reports","16","1","27386","","","0","10.1038/s41598-026-62561-9","https://www.scopus.com/pages/publications/105048999608?origin=resultslist","Resource-constrained medical sensing devices are increasingly expected to support local intelligence, privacy-preserving collaboration, and secure communication in Internet of Medical Things (IoMT) environments. However, deploying federated learning in ICU monitoring remains challenging because hospital data are often non-IID, model updates may be adversarially poisoned, and emerging quantum-security threats require stronger communication protection. This paper presents a federated TinyML framework with an edge-hosted patient-state Digital Twin layer for ICU monitoring. The Digital Twin component is implemented as a lightweight patient-state representation rather than a full physiological simulator. It maintains recent physiological observations, temporal risk trends, predicted status labels, and interpretable alert information at the hospital gateway. Patient-specific adaptation is therefore achieved through individualized temporal state tracking and risk-history synchronization, while the predictive model is collaboratively learned across hospitals. The suggested framework employs decision-tree ensembles due to their lightweight nature, efficient inference capabilities, and interpretability inherent to ESP32-class devices. As decision tree structures are not amenable to average aggregation like neural network parameters, the aggregation of local client models is done via the validation-based ensemble fusion. In order to enhance the resistance of the framework to attacks based on poisoning clients, the Performance-Based Filtering (PBF) method analyzes the performance of each local ensemble against a trusted validation set and excludes low-quality local ensembles from the subsequent global ensemble aggregation. The secure model exchange process utilizes ML-KEM-512 key encapsulation scheme in combination with AES-256-GCM authenticated encryption. The extra overhead of the crypto layer is 0.09 ms per update exchange. The framework is evaluated using a clinician-reviewed synthetic ICU monitoring dataset distributed across three non-IID hospital clients and externally benchmarked using a PhysioNet-based critical-care dataset constructed from shared physiological features. The prediction task uses five status categories: normal, mild, moderate, critical, and an outlier/anomaly category; these labels represent synthetic severity-status classes rather than prospectively validated ICU endpoints. Under a targeted label-flipping attack in which one client relabels critical cases as normal, the proposed PBF strategy achieves 86.79% accuracy, 0.782 macro-F1, 0.904 critical-class recall, 0.837 critical-class F1-score, 0.947 macro-AUROC, and 0.799 macro-AUPRC on the synthetic ICU evaluation. External benchmarking at achieves 98.04% accuracy, 0.959 macro-F1, 0.977 critical-class recall, 0.987 critical-class F1-score, 0.999 macro-AUROC, and 0.983 macro-AUPRC. Comparative evaluation against FedAvg, Krum, Trimmed Mean, and Coordinate Median shows that PBF provides stronger protection of critical-class recall under adversarial conditions, although full prospective clinical validation remains outside the scope of this study. Overall, the results indicate that a federated TinyML architecture with lightweight patient-state tracking, validation-based ensemble filtering, differential privacy, and post-quantum-secure communication can support privacy-aware and attack-resilient ICU monitoring experiments in resource-constrained IoMT settings. The study should be interpreted as a technical feasibility and robustness evaluation rather than a fully integrated clinical Digital Twin deployment. © The Author(s) 2026.","Algorithms; Computer Security; Federated Learning; Humans; Intensive Care Units; Internet of Things; Monitoring, Physiologic; algorithm; computer security; federated learning; human; intensive care unit; internet of things; physiologic monitoring; procedures","Article","Final","All Open Access; Gold Open Access; Green Open Access","Scopus","2-s2.0-105048999608"
"Zhao Q.; Alfieri A.D.; Xia M.; Ge A.; Ge H.; Sun L.; Xie R.; Wang F.; Jariwala D.; Miao J.; Hu W.","Zhao, Qixiao (57205162346); Alfieri, Adam D. (57348819000); Xia, Mengjia (57338969000); Ge, Anping (57804888800); Ge, Haonan (57219158953); Sun, Liaoxin (12789810000); Xie, Runzhang (57202338069); Wang, Fang (57211808868); Jariwala, Deep (35253826500); Miao, Jinshui (56742706000); Hu, Weida (36064561800)","57205162346; 57348819000; 57338969000; 57804888800; 57219158953; 12789810000; 57202338069; 57211808868; 35253826500; 56742706000; 36064561800","Exciton-polariton photodiodes","2026","Nature Communications ","17","1","1607","","","4","10.1038/s41467-026-68312-8","https://www.scopus.com/pages/publications/105029975168?origin=resultslist","Photodiodes are central to high-speed communication, sensing and light-harvesting devices. While silicon and other inorganic semiconductor-based photodiodes have been widely integrated into commercial technologies, photodiodes from excitonic semiconductors continue to maintain high interest in research. Excitonic semiconductors are superior in terms of absorption as compared to silicon and III-V semiconductors, but have always suffered from poor charge transport and narrow band absorption due to the short diffusion lengths and resonant nature of the excitons, respectively. Here, we attempt to solve both these central issues in excitonic photodiode devices via use of polariton physics and demonstrating photodiodes in the strong light-matter coupling regime. By using a conductive tin-doped indium oxide transparent top electrode that also serves as an anti-reflective coating combined with self-trapping and hybridization of light in inorganic excitonic semiconductor WS2, we demonstrate photodiodes with broadband absorption and internal quantum efficiency values approaching unity near the zero-detuning condition. Furthermore, it is demonstrated that the response speed of photodiodes is enhanced under strong coupling. Our work presents a promising approach to explore the physics and applications of photodiodes based on excitonic semiconductors. © The Author(s) 2026.","indium tin oxide; indium; silicon; absorption; coating; electrode; physics; quantum mechanics; silicon; absorption; antireflection coating; Article; controlled study; dispersion; hybridization; light absorption; microtechnology; photon; photovoltaics; physics; quantum yield; reaction time; reflectometry; article; diffusion; electrode; semiconductor; velocity","Article","Final","All Open Access; Gold Open Access; Green Open Access","Scopus","2-s2.0-105029975168"
"Park C.; Hu Z.; Li K.; Kim J.-T.; Rogers J.A.","Park, Chanho (55728043200); Hu, Zhiming (60335783100); Li, Kan (57307392500); Kim, Jin-Tae (56640748000); Rogers, John A. (56755517500)","55728043200; 60335783100; 57307392500; 56640748000; 56755517500","Distributed multitudes of bio-inspired, biodegradable Lagrangian sensors for environmental sustainability","2026","Nature Communications ","17","1","601","","","2","10.1038/s41467-026-68369-5","https://www.scopus.com/pages/publications/105027686246?origin=resultslist","Bioresorbable distributed Lagrangian sensors may enable environmentally sustainable spatio-temporal mapping of acute disasters through integrated dynamic and chemical sensing. We summarize recent work in bioinspired, ultraminiature structures, sensing targets, wireless communication and power strategies, and conclude with emerging directions for advancing these sensing platforms. © The Author(s) 2026.","air monitoring; air quality; digital imaging; disaster; e-waste; environmental parameters; environmental sustainability; human; luminescence; miniaturization; nonhuman; Note; power supply; wireless communication; adult; article; clinical article; diagnosis; sensor","Note","Final","All Open Access; Gold Open Access; Green Open Access","Scopus","2-s2.0-105027686246"
"Nair P.; Shree S.; Ponnalagu R.N.; Goel S.","Nair, Parvathy (59113456700); Shree, Swayam (60692521800); Ponnalagu, R N (59157846700); Goel, Sanket (7101999027)","59113456700; 60692521800; 59157846700; 7101999027","Dual-interface IoT-enabled portable electrochemical platform for multiplexed detection of renal biomarkers","2026","Electrochimica Acta","573","","149275","","","0","10.1016/j.electacta.2026.149275","https://www.scopus.com/pages/publications/105041849665?origin=resultslist","Early detection of renal dysfunction is essential for timely clinical intervention. However, the majority of biomarker assays are still limited to centralised laboratory facilities and are limited for remote health monitoring. In this work, a stand-alone, portable, and multiplexed electrochemical diagnostic device is developed for the detection of three key renal biomarkers, namely uric acid, urea, and creatinine. The platform integrates laser-induced graphene (LIG)-based enzyme-functionalized electrodes, an in-house developed miniaturized potentiostat, and a dual-interface software architecture. Signal acquisition is performed using an ESP32-driven potentiostat, enabling compact and low-power electrochemical operation. To support both sensor development and real-world deployment, the device incorporates two complementary user environments. A browser-based mobile interface is used during electrode calibration to control electrochemical measurements, optimize sensing parameters, and generate calibration models directly through the portable potentiostat. These validated calibration equations are subsequently embedded into an IoT-enabled user interface for end-user operation. In this mode, electrochemical signals are transmitted through secure WebSocket communication to a cloud-hosted Node.js server, while a React-based dashboard displays peak currents and automatically converts them into biomarker concentrations in real time on any connected device. The developed sensing system achieves limits of detection (LoD) and limits of quantification (LoQ) of 47.68 µM and 144.49 µM for uric acid, 1.25 mM and 3.80 mM for urea, and 17.21 µM and 52.17 µM for creatinine, respectively. The practical applicability of the device is further validated using both spiked and clinically obtained human blood serum, highlighting its potential as an integrated point-of-care platform for decentralized renal health monitoring. © 2026 Elsevier Ltd.","Calibration; Chemical detection; Creatinine; Diagnosis; Display devices; Human computer interaction; Metabolism; Portable equipment; Software architecture; User interfaces; Graphenes; Internet of thing; Laboratory calibration; Laser induced; Laser-induced graphene; Mobile accessible; Multiplexed sensing; Point of care diagnostic; Portable device; Uric acids; Biomarkers; Urea","Article","Final","","Scopus","2-s2.0-105041849665"
"Gaele M.F.; Mahmoudi H.; Gupta M.; Gargiulo P.; Costantini A.; Bellisario D.; Sciurti E.; Francioso L.; Di Palma T.M.","Gaele, Maria F. (57191907603); Mahmoudi, Hajar (49662083100); Gupta, Meenal (57200530403); Gargiulo, Pasquale (59031609000); Costantini, Aniello (7103006988); Bellisario, Daniele (58538947000); Sciurti, Elisa (57205732795); Francioso, Luca (8960306400); Di Palma, Tonia M. (7003575656)","57191907603; 49662083100; 57200530403; 59031609000; 7103006988; 58538947000; 57205732795; 8960306400; 7003575656","Aluminum–air batteries as performance-enhancing power sources for near-field communication wearable glucose biosensing","2026","Sensors and Actuators Reports","12","","100503","","","0","10.1016/j.snr.2026.100503","https://www.scopus.com/pages/publications/105048482006?origin=resultslist","Metal–air batteries offer high theoretical energy density, intrinsic safety, and flexibility, making them promising candidates for powering wearable electronics. Here, we report a thin aluminum–air battery integrated with a Near-Field Communication enabled sweat glucose sensing patch. The cell employs a neutral xanthan gum–based gel polymer electrolyte and a graphite air cathode built on hydrophilic functionalized carbon cloth to promote rapid water uptake. A key feature is the battery dry-state storage, which mitigates anodic corrosion and extends shelf life; the battery’s performance is recovered on demand by cathode-side rehydration using microvolumes of water. Electrochemical characterization shows reversible activation/deactivation and stable low-current operation relevant to wearable sensors. In this application, the aluminum–air cell is used to provide an auxiliary bias prior to wireless interrogation, pre-conditioning the sensing interface, reducing early-time transients and baseline drift in the amperometric readout. When coupled to the NFC patch, battery-assisted pre-conditioning enables faster stabilization, higher reproducibility, and reliable response among the selected glucose concentrations under intermittent NFC readout. These results highlight thin Al–air batteries as promising safe, sustainable power elements that can also enhance the robustness of wearable biosensing measurements. © 2026 The Authors.","Aluminum; Aluminum corrosion; Battery management systems; Battery storage; Glucose sensors; Near field communication; Secondary batteries; Wearable sensors; Aluminum–air battery; Carbon cloths; Electrochemical bias stabilizer; Electrochemicals; Functionalized; Functionalized carbon cloth; Glucose biosensor; Near-field communication; Near-field communication-powered device; Powered devices; Stabiliser; Wearable glucose biosensor; Glucose","Article","Final","All Open Access; Gold Open Access","Scopus","2-s2.0-105048482006"
"Nurcan-Atceken D.; Altin-Kayhan A.; Tavli B.","Nurcan-Atceken, Derya (58123519300); Altin-Kayhan, Aysegul (16066641700); Tavli, Bulent (55955366400)","58123519300; 16066641700; 55955366400","Joint optimization of convergecast and broadcast with reconfiguration for energy dissipation minimization in networked sensing","2026","Ad Hoc Networks","192","","104309","","","0","10.1016/j.adhoc.2026.104309","https://www.scopus.com/pages/publications/105041143353?origin=resultslist","Convergecast and broadcast communications constitute the core of networked sensing operations from reliability and energy-awareness perspectives. Although these many-to-one and one-to-many communication traffic regimes serve complementary roles in data collection, dissemination, and control, existing Wireless Sensor Network (WSN) configurations typically optimize them in isolation, leading to suboptimal transmissions, unbalanced energy depletion, and premature network failure. This paper presents the first integrated optimization framework that jointly determines convergecast and broadcast routing under multiple alternative configurations. We formulate a Mixed-Integer Programming (MIP) model that allows nodes to act simultaneously in distinct functional roles across uplink and downlink traffic and supports flexible routing where upward and downward paths may diverge within each configuration. By decoupling these flows and enabling configuration alternation, the framework mitigates bottlenecks, balances load, and optimizes routes, thereby improves energy efficiency and prolongs network lifetime. We further examine the energy–configuration trade-off under joint optimization, analyze convergecast coverage requirements across deployment scenarios, and evaluate optimal solutions for both disc and grid topologies over a broad set of parameter settings. Our findings demonstrate that coordinated route design and flexible use of alternative subgraphs significantly enhance network longevity, scalability, and reliability compared with rigid, single-configuration approaches. © 2026 Published by Elsevier B.V.","Energy dissipation; Energy efficiency; Integer programming; Mixed-integer linear programming; Network routing; Shape optimization; Convergecast; Convergecasting; Energy; Joint optimization; Minimisation; Mixed-Integer Programming; Multiple backbone; Reconfiguration; Sensors network; Wireless sensor; Broadcasting; Economic and social effects","Article","Final","","Scopus","2-s2.0-105041143353"
"Yang H.; Han Y.; Liu Y.; Xu S.; Bai Z.; Liu H.","Yang, Haowen (60190585200); Han, Yimei (60439402000); Liu, Yuan (57857151300); Xu, Shuobo (58533438200); Bai, Zhiquan (7202524315); Liu, Hongwu (26643440100)","60190585200; 60439402000; 57857151300; 58533438200; 7202524315; 26643440100","Safeguarding UAV-ISAC networks: Robust covert communications against multiple wardens with location uncertainty","2026","Physical Communication","80","","103370","","","0","10.1016/j.phycom.2026.103370","https://www.scopus.com/pages/publications/105050685890?origin=resultslist","This paper proposes a two-timescale optimization framework for robust covert communications in an unmanned aerial vehicle (UAV)-enabled integrated sensing and communication (ISAC) network. To address stringent covertness challenges in the UAV-ISAC network serving multiple users and sensing multiple targets, we consider a worst-case scenario where multiple wardens with location uncertainty conduct detections collaboratively. At the large CCO-scale, a feasible UAV trajectory over the entire operation period is first optimized for covert communication with multiple users. Then, at the small CCS-scale, a subset of trajectory points is selected as CCS time slots, where the UAV simultaneously performs covert communication and target sensing. To tackle the non-convexity and complex variable coupling in the average covert rate (ACR) maximization problem at the CCO-scale, we develop an alternating optimization algorithm to jointly optimize user scheduling, covert beamforming, and UAV trajectory. In particular, the S-procedure is utilized to tackle the location uncertainties of multiple wardens, transforming semi-infinite covertness constraints into tractable linear matrix inequalities, while covert beamforming and UAV trajectory optimization are addressed through semidefinite relaxation and successive convex approximation techniques. Then, based on the optimized UAV trajectory, a greedy strategy is employed to select the CCS time slots and the corresponding UAV locations, followed by dual-functional beamforming optimization. Simulation results demonstrate that the proposed two-timescale optimization scheme significantly enhances the ACR and achieves superior sensing performance compared to benchmark schemes, effectively balancing covert communication and sensing performance against multiple wardens with location uncertainties. © 2026 Elsevier B.V.","Aircraft detection; Antennas; Beamforming; Benchmarking; Distributed computer systems; Linear matrix inequalities; Location; Optimization; Robustness (control systems); Scheduling algorithms; Trajectories; Aerial vehicle; Covert beamforming; Covert communications; Integrated sensing; Integrated sensing and communication; Location uncertainty; Privacy protection; Sensing networks; Unmanned aerial vehicle; Vehicle trajectories; Unmanned aerial vehicles (UAV)","Article","Final","","Scopus","2-s2.0-105050685890"
"Khan W.U.; Khalid W.; Iqbal M.; Kwong C.F.; Ahmed M.; Shah S.T.","Khan, Wali Ullah (57206847431); Khalid, Waqas (56131601500); Iqbal, Muhammad (59437836100); Kwong, Chiew Foong (56430628700); Ahmed, Manzoor (55605708400); Shah, Syed Tariq (56465275000)","57206847431; 56131601500; 59437836100; 56430628700; 55605708400; 56465275000","Advancing integrated sensing and communications with RL/DRL in 6 G networks: a survey","2026","Artificial Intelligence Review","59","10","210","","","1","10.1007/s10462-026-11610-w","https://www.scopus.com/pages/publications/105048069144?origin=resultslist","Integrated sensing and communication (ISAC) has emerged as a key enabling technology for sixth-generation (6 G) networks, supporting joint environment perception and data transmission with high spectral efficiency and reduced hardware cost. However, the design and deployment of ISAC systems remain challenging due to dynamic wireless environments, sensing–communication trade-offs, and the increasing complexity of large-scale networks. Reinforcement learning (RL) and deep reinforcement learning (DRL) have recently attracted significant attention as data-driven approaches for addressing these challenges through model-free, adaptive, and real-time optimization. This survey first reviews the fundamentals of ISAC technology and then summarizes major RL and DRL algorithms relevant to ISAC design. It further provides a comprehensive overview of RL/DRL methods for ISAC in 6 G networks. Existing approaches are categorized into value-based, policy-based, and hybrid methods, and are further classified according to representative ISAC scenarios, including reconfigurable intelligent surface (RIS)-assisted systems, unmanned aerial vehicle (UAV) and satellite systems, vehicular networks, and other emerging 6 G applications. The survey highlights reported gains in spectral efficiency, sensing accuracy, adaptability, and robustness, while also identifying key limitations of current approaches. Finally, the survey outlines current challenges, future research directions, and key lessons learned. © The Author(s) 2026.","Antennas; Data communication systems; Deep learning; Deep reinforcement learning; Efficiency; Interlocking signals; Reinforcement learning; Satellite communication systems; Surveying; Unmanned aerial vehicles (UAV); 6 G; Aerial vehicle; Integrated sensing; Integrated sensing and communication; Reconfigurable; Reconfigurable intelligent surface-assisted system; Reinforcement learning/deep reinforcement learning; Reinforcement learnings; Satellite communications; Unmanned aerial vehicle and satellite communication; Vehicle communications; Vehicular networks; Economic and social effects","Article","Final","All Open Access; Green Open Access; Hybrid Gold Open Access","Scopus","2-s2.0-105048069144"
"Phan N.A.; Ngo S.T.; Phan M.T.; Duong N.Q.; Phan P.T.; Do T.N.; Cao P.; Krishnan G.; Hsiao-Wecksler E.T.; Thai M.T.","Phan, Nhu An (60241616700); Ngo, Sy Trung (60241616800); Phan, Minh Tri (60241704100); Duong, Nghiep Quy (60585772200); Phan, Phuoc Thien (57207519702); Do, Thanh Nho (57737388900); Cao, Phuong (60585618400); Krishnan, Girish (7005413403); Hsiao-Wecksler, Elizabeth T. (15755729900); Thai, Mai Thanh (57219756506)","60241616700; 60241616800; 60241704100; 60585772200; 57207519702; 57737388900; 60585618400; 7005413403; 15755729900; 57219756506","KNEESENSE: a low-cost wearable system with hydraulic filament sensing for real-time knee rehabilitation monitoring","2026","Scientific Reports","16","1","12572","","","2","10.1038/s41598-026-42424-z","https://www.scopus.com/pages/publications/105035876159?origin=resultslist","Knee injuries, if not properly rehabilitated, can lead to long-term gait impairment. However, access to rehabilitation is often limited by cost, travel, and adherence challenges, especially in developing countries. Despite advances in soft sensor technologies, current home-based rehabilitation systems often lack the affordability, portability, and usability needed for broad adoption. This study presents a novel, low-cost, and fully wearable wireless system designed to monitor knee joint angles during rehabilitation with high precision and user convenience. At the core of the system is a custom-designed wearable hydraulic filament sensor (WHFS), costing just $5, integrated into a knee pad and paired with a reusable $20 wireless data acquisition (DAQ) unit. The DAQ transmits real-time joint angle data to a companion mobile app, featuring automatic calibration for consistent multi-user performance. The WHFS distinguishes itself through its optimized hydraulic sensing mechanism, offering a minimum detectable displacement of 0.2 mm, a sensitivity of 2.65, and maximum hysteresis of 4.6%. Testing shows robust performance with an RMSE of 4.1° in angle estimation and just 0.57% signal degradation after 100 full-range flexion cycles. By combining affordability, portability, and precision, this system addresses key barriers in home-based rehabilitation and offers a scalable, noninvasive solution for improving recovery outcomes. © The Author(s) 2026.","Humans; Knee Injuries; Knee Joint; Monitoring, Physiologic; Wearable Electronic Devices; Wireless Technology; devices; economics; human; knee injury; knee joint; pathophysiology; physiologic monitoring; physiology; rehabilitation; wearable electronic device; wireless communication","Article","Final","All Open Access; Gold Open Access; Green Open Access","Scopus","2-s2.0-105035876159"
"Wang L.; Gong S.; Xia C.; Liu D.; Cong X.; Zhu A.; Zeng H.; Lan F.; Yang Z.; Otsuji T.; Zhang Y.","Wang, Lan (57208610461); Gong, Sen (59938904400); Xia, Chaoming (59537052200); Liu, Dongyang (60618221100); Cong, Xuan (57200393056); Zhu, Ao (57742489500); Zeng, Hongxin (56591273700); Lan, Feng (8928512400); Yang, Ziqiang (7405433340); Otsuji, Taiichi (58769100300); Zhang, Yaxin (57207479219)","57208610461; 59938904400; 59537052200; 60618221100; 57200393056; 57742489500; 56591273700; 8928512400; 7405433340; 58769100300; 57207479219","Subarray programmable terahertz metasurface for optical logic and high-order amplitude modulation","2026","Light: Science and Applications","15","1","222","","","0","10.1038/s41377-026-02255-z","https://www.scopus.com/pages/publications/105038134549?origin=resultslist","Integrated terahertz (THz) communication-sensing-computing systems require reconfigurable platforms that can simultaneously support logic operations and signal modulation. Here, we propose a subarray programmable THz metasurface that elevates the subarray to the minimum addressable unit. Within each subarray, a high electron mobility transistor (HEMT) serves as the active material; collective resonance tuning of the two-dimensional electron gas (2DEG) enables broadband control of array-level resonances and transmission amplitude. Using spatial domain combinatorial coding across subarrays, the device maps Boolean logic over a wide bandwidth and directly realizes four-level pulse amplitude modulation (PAM-4) at the wavefront. In a 220 GHz quasi-optical link, dynamic measurements demonstrate real-time Boolean functions up to 200 MHz and stable PAM-4, while a single-tone modulation reaches 6 GHz. This subarray-level gating strategy integrates optical logic and high-order amplitude modulation on the same hardware without increasing addressing complexity, providing a scalable route to compact, reconfigurable THz front ends for future communications and intelligent sensing. © The Author(s) 2026.","Bandwidth; Boolean functions; High electron mobility transistors; Optical communication; Optical links; Optical signal processing; Pulse amplitude modulation; Reconfigurable hardware; Terahertz waves; Computing system; High-order; Higher-order; Integrated terahertz; Logic signals; Metasurface; Optical logic; Reconfigurable platforms; Subarray; Tera Hertz; Two dimensional electron gas","Article","Final","All Open Access; Gold Open Access; Green Open Access","Scopus","2-s2.0-105038134549"
"Guarneros R.S.; Iniesta S.A.; Amador R.R.; Hernández H.P.M.; Avendaño C.B.; Maldonado R.C.; Sandoval A.O.M.; Garrido M.V.; Victoria Á.P.R.; Pulido J.J.A.; Garrido P.G.","Guarneros, Raziel Sánchez (60740250700); Iniesta, Salvador Alcántara (59158237300); Amador, Raquel Ramírez (57207047624); Hernández, Haydee Patricia Martínez (55102257700); Avendaño, Carlos Bueno (57305599600); Maldonado, Raúl Cortés (60740379400); Sandoval, Alfredo Oscar Matlalcuatzi (60740475900); Garrido, M. Vincecio (60888280200); Victoria, Ángel Pedro Rodríguez (57210799337); Pulido, José Joaquín Alvarado (60888044500); Garrido, Paulina Galindo (60888280300)","60740250700; 59158237300; 57207047624; 55102257700; 57305599600; 60740379400; 60740475900; 60888280200; 57210799337; 60888044500; 60888280300","ZnO/p-Si heterostructure for UV sensing and long-range IoT environmental monitoring","2026","Next Materials","13","","103304","","","0","10.1016/j.nxmate.2026.103304","https://www.scopus.com/pages/publications/105050570959?origin=resultslist","The development of low-cost photoconductive ultraviolet sensors with long-range wireless communication remains an attractive approach for environmental monitoring applications. In this work, a ZnO/p-Si photoconductive heterostructure was fabricated by spray pyrolysis and experimentally characterized for ultraviolet sensing and IoT integration. X-ray diffraction confirmed the formation of polycrystalline wurtzite ZnO with reflections indexed to the (100), (002), (101), and (102) crystallographic planes. Scherrer analysis yielded crystallite sizes ranging from approximately 13–28 nm. Surface profilometry measured an average film thickness of approximately 490 nm, while SEM and EDS analyses revealed a continuous granular morphology and homogeneous elemental distribution of the deposited ZnO layer. Optical characterization by UV–Vis spectroscopy showed visible-light transmittance between approximately 80 and 85%, and the Tauc analysis yielded a direct optical band gap of 3.285 eV. Electrical characterization demonstrated that the Ag/ZnO/p-Si/Cu device exhibits a photoconductive current-voltage response under ultraviolet illumination, confirming that its electrical conductivity is modulated by photogenerated charge carriers. Finally, the proposed sensor was successfully integrated with a signal-conditioning stage, an ESP32 microcontroller, and Long Range (LoRa) wireless communication, demonstrating its feasibility as a low-cost photoconductive ultraviolet sensor for long-range IoT environmental monitoring. © 2026 The Authors. Published by Elsevier Ltd. This is an open access article under the CC BY license. http://creativecommons.org/licenses/by/4.0/","","Article","Final","All Open Access; Gold Open Access","Scopus","2-s2.0-105050570959"
"Rodríguez-Sánchez C.; Gaitan N.C.; de Mera Sánchez P.D.; Palomar E.; Melero Hernández J.A.","Rodríguez-Sánchez, Cristina (23390263700); Gaitan, Nicoleta Cristina (36172520000); de Mera Sánchez, Prado Díaz (55987539900); Palomar, Esther (14054398700); Melero Hernández, Juan A. (7005000840)","23390263700; 36172520000; 55987539900; 14054398700; 7005000840","Real-world validation of an IoT–BIM/AIM research testbed for building energy and indoor environmental quality monitoring","2026","Energy and Buildings","370","","118121","","","0","10.1016/j.enbuild.2026.118121","https://www.scopus.com/pages/publications/105048466576?origin=resultslist","This paper presents the design, deployment, and real-world evaluation of an integrated IoT–BIM/AIM platform for building energy and indoor environmental quality monitoring. The infrastructure was deployed in a university campus and a corporate headquarters and combines LoRaWAN environmental sensing, BIM/AIM asset information, dual time-series and relational databases, and a centralized Active Digital Centre (ADC) interface for rule-based supervision and operational decision support. The deployed infrastructure functions as a real-world research testbed, enabling complementary evaluation of sensing and communication continuity, semantic and spatial interoperability, occupancy-related environmental events, short-term IEQ behaviour, and retrospective normalized energy-performance indicators. Historical building records showed relative changes of up to 38% in the normalized energy-performance KPI; these values are interpreted as descriptive operational indicators rather than direct or causal measurements of absolute energy savings. A separate 96-h monitoring campaign was used to assess IEQ patterns, occupancy-proxy behaviour, and device operation. The framework also enables indicative estimation of avoided operational emissions from normalized energy-performance changes and energy-vector-specific emission factors. The proposed platform supports traceable, human-in-the-loop building management and provides an extensible basis for future longitudinal and regulatory assessments; it does not itself demonstrate autonomous control, Zero-Emission Building certification, or compliance with specific EPBD mechanisms. © 2026 Elsevier B.V.","Buildings; Decision support systems; Information theory; Internet of things; Regulatory compliance; Semantics; Asset information model; Building energy; Building Information Modelling; Energy; Indoor environmental quality; Information Modeling; LoRaWAN; Quality monitoring; Real-world; Research Testbed; Energy efficiency","Article","Final","","Scopus","2-s2.0-105048466576"
"Zhang S.; Zhao Y.; Tang D.; Hu Y.","Zhang, Shuaijie (59307356200); Zhao, Yongbo (49964904200); Tang, Derui (58775654600); Hu, Yili (57217677309)","59307356200; 49964904200; 58775654600; 57217677309","Energy-efficient beamforming design for sub-connected active RIS-assisted ISAC systems","2027","Signal Processing","251","","110868","","","0","10.1016/j.sigpro.2026.110868","https://www.scopus.com/pages/publications/105047269109?origin=resultslist","Active reconfigurable intelligent surfaces (RISs) can mitigate severe multiplicative fading through signal amplification, but fully-connected architectures consume substantial hardware power because each reflecting element requires a dedicated power amplifier (PA). This paper investigates a sub-connected active RIS (SC-ARIS)-assisted integrated sensing and communication (ISAC) system, where multiple reflecting elements share one PA, reducing active-hardware power consumption at the cost of lower amplification-control flexibility. We formulate a highly non-convex energy efficiency (EE) maximization problem by jointly optimizing the base station transmit beamforming, radar receive filter, and SC-ARIS reflection coefficients, subject to a minimum radar signal-to-noise ratio (SNR) requirement, power budgets, and hardware constraints. To solve it, we develop an alternating optimization framework combining Dinkelbach’s method and fractional programming. By exploiting the phase freedom of the radar receive filter, the non-convex radar SNR constraint is transformed into a linear constraint on the transmit beamformer for a fixed receive filter, while projection-based recovery yields hardware-feasible SC-ARIS coefficients. Simulations show that the proposed design achieves higher EE than fully-connected and random-phase baselines, although the fully-connected benchmark attains a higher communication sum-rate. These results demonstrate a favorable trade-off among EE, ISAC performance, and active-hardware complexity. © 2026 Elsevier B.V. All rights are reserved, including those for text and data mining, AI training, and similar technologies.","Budget control; Data mining; Mathematical programming; Power amplifiers; Reconfigurable architectures; Reconfigurable hardware; Signal to noise ratio; Energy; Energy efficiency; Integrated sensing; Integrated sensing and communication; Power; Receive filters; Reconfigurable; Reconfigurable intelligent surface; Sub-connected active reconfigurable intelligent surface; Beamforming; Economic and social effects","Article","Final","","Scopus","2-s2.0-105047269109"
"Zhang H.; Wang T.; Chen J.; Zhao L.","Zhang, Haodong (59986381500); Wang, Ting (58761167700); Chen, Jiawei (58852495700); Zhao, LiXia (57129274000)","59986381500; 58761167700; 58852495700; 57129274000","Unidirectional light emission and high chirality in an assembled elliptical microcavity","2026","Optics and Laser Technology","204","","116049","","","0","10.1016/j.optlastec.2026.116049","https://www.scopus.com/pages/publications/105045587028?origin=resultslist","Breaking rotational symmetry in optical microcavities can help to realize unidirectional emission and enhance the chirality, which is crucial for efficient light extraction in integrated optics, optical communication, and biochemical sensing. In this study, a highly unidirectional emission is achieved in an assembled elliptical microcavity, with a far-field divergence angle of 27.5° and a high-quality factor of 4.5 × 104 for the fundamental mode. Further simulations reveal that the far-field profile remains robust against variations in microcavity size. Both the angular momentum distribution and the Husimi mapping verify the dominance of counter-clockwise light emission with chirality close to 1, consistent with the far-field pattern. In addition, the far-field profile changes dramatically with a nanoparticle with a radius down to several nanometers, demonstrating the potential for cost-effective and highly sensitive nanoparticle detection. Our work provides an effective method for achieving a unidirectional microcavity with a high-quality factor, laying a foundation for the development of integrated photonic devices. © 2026 Elsevier Ltd","Angular distribution; Cost effectiveness; Integrated optics; Light emission; Nanoparticles; Optical communication; Photonic devices; Breakings; Ellipticals; Far-field; Field profile; High quality factors; Light extraction; Optical microcavities; Rotational symmetries; Sensing; Unidirectional emission; Chirality; Microcavities","Article","Final","","Scopus","2-s2.0-105045587028"
"Mohsan S.A.H.; Huang H.; Li Q.; Fu H.Y.","Mohsan, S.A.H. (57218375194); Huang, Haoyu (57199059849); Li, Qian (56151229800); Fu, H.Y. (57197836152)","57218375194; 57199059849; 56151229800; 57197836152","Movable antennas empowered integrated sensing and communication: Fundamentals, opportunities, challenges, and future directions","2026","Physical Communication","80","","103292","","","0","10.1016/j.phycom.2026.103292","https://www.scopus.com/pages/publications/105050711622?origin=resultslist","Integrated sensing and communication (ISAC) is envisaged as a key enabler for next-generation wireless networks. Conventional ISAC systems enabling monostatic or bistatic characteristics will inevitably downgrade both sensing and communication performance due to blocked transmission links and limited service coverage. Furthermore, existing ISAC works typically emphasize on uplink (UL) or downlink (DL) communication targets and are unable to meet the systematic UL and DL communication demands. These shortcomings can be mitigated through the promising paradigm of movable antenna (MA) technology. This emerging technology has shown a remarkable promise to leverage spatial degrees of freedom (DoFs) to improve the performance of ISAC systems by empowering favorable antenna movement at the transceivers to enable more flexible channel conditions. It can suppress interference and improve flexibility in beamforming gains by dynamically adapting its position within a designated transmit region. Specifically, by deploying electro-mechanical MA drivers, e.g., stepping motors, the movement of MA elements can be discretely configured to shape a flexible spatial correlation for enhancing system performance. In this review, we will explore several aspects of MAs discussed in preliminary literature. Motivated by the aforementioned features, this review aims to explore MA technology for ISAC systems, with a particular focus on future development trends. We foster a clear vision of recent developments of this technology in the context of MA types, comparison with fixed antennas, practical implementation, and prototypes. In this review, we first outline the fundamental principles of MAs and explore the applicability of MA-empowered ISAC systems. Then, we summarize the benefits of MA-empowered ISAC systems in improving signal coverage, enabling precise and flexible beamforming, and enhancing spectral efficiency. Next, we explore the deep integration of several transformative technologies within the context of MA-enabled ISAC systems. Then, we highlight several application scenarios of this promising coexistence. Finally, we discuss several critical challenges, security issues and future research aspects of MA-empowered ISAC systems, aiming to offer insights for future research contributions in this domain. The aim of this review is to unite researchers and motivate further scientific endeavors to focus on solving the technical uncertainties of this rapidly evolving domain. © 2026","Beam forming networks; Beamforming; Flexible structures; Next generation networks; Stepping motors; Wireless networks; Antenna element; Channel modelling; Communications systems; Downlink communications; Integrated sensing; Integrated sensing and communication; Movable antenna; Sensing systems; Spatial DoF; Uplink communication; Degrees of freedom (mechanics)","Review","Final","","Scopus","2-s2.0-105050711622"
"Halder S.; Ghosh A.; Bordoloi S.; Chattopadhyay S.","Halder, Souvik (58137846700); Ghosh, Abhijyoti (57198664572); Bordoloi, Sushanta (56740875100); Chattopadhyay, Sudipta (59033036900)","58137846700; 57198664572; 56740875100; 59033036900","Interaction driven artificial magnetic conductor and defected ground structure integrated microstrip antenna for subsurface communication","2026","Scientific Reports","16","1","19022","","","0","10.1038/s41598-026-53692-0","https://www.scopus.com/pages/publications/105042323265?origin=resultslist","Designing compact, high-gain antennas at 400 MHz is challenging due to large size, narrow bandwidth, and low efficiency. This work proposes an interaction-driven Artificial Magnetic Conductor-Defected Ground Structure (AMC-DGS) microstrip antenna for subsurface communication. The design exploits electromagnetic interaction between the slot-type DGS, radiating patch, and AMC surface with spacer layer for performance enhancement. The DGS functions not only for impedance tuning or to attain polarization purity but also as an active radiator, enabling current redistribution and higher order mode perturbation. This interaction, combined with composite superposed mode (CSM) excitation and orthogonal slot radiation, achieves a 400 MHz band (379–419 MHz) with 10.2% bandwidth and 6.5 dBi peak gain. Additionally, a higher-order mode generates a second band at 700 MHz (700–714 MHz) with 2% bandwidth and 6.1 dBi gain. The antenna maintains stable broadside radiation with efficiencies of 98% and 70% at 400 MHz and 700 MHz, respectively. The proposed AMC-DGS antenna provides a compact, dual-band solution for subsurface sensing, Wireless Underground Sensor Networks (WUSN), Internet of Underground Things (IoUT), Ground Penetrating Radar (GPR), and other low-frequency communication systems. © The Author(s) 2026.","article; bandwidth; conductor; controlled study; female; impedance; polarization; therapy","Article","Final","All Open Access; Gold Open Access; Green Open Access","Scopus","2-s2.0-105042323265"
"Yang Z.; Wang B.; Zhu F.; Zhong L.; Li W.; Shi Y.; Lu Y.; Jin H.; Tian X.","Yang, Zeming (57224512243); Wang, Bingbing (58368323200); Zhu, Fengyuan (57206857942); Zhong, Linling (58558726600); Li, Wenhui (58534118100); Shi, Yuanming (55695283900); Lu, Yunlong (56166136300); Jin, Haiming (56463301700); Tian, Xiaohua (23567408100)","57224512243; 58368323200; 57206857942; 58558726600; 58534118100; 55695283900; 56166136300; 56463301700; 23567408100","DDScatter: Enabling Delay-Doppler Modulation for mmWave Radar-Backscatter Communication","2026","IEEE Transactions on Mobile Computing","25","10","","18005","18021","0","10.1109/TMC.2026.3696949","https://www.scopus.com/pages/publications/105040227559?origin=resultslist","Millimeter-wave radar backscatter communication (Rad-BackCom) is emerging as a low-power, low-cost enabler for integrated sensing and communication (ISAC) in 6G ambient IoT. Yet, existing mmWave Rad-BackCom designs face a hard trade-off: Delay-domain modulation offers higher rates but short range, while Doppler-domain modulation extends range but at extremely low throughput. We introduce DDScatter, a dual-function Rad-BackCom system that alleviates this trade-off by jointly exploiting Delay- and Doppler-domain spectral resources for two-dimensional Delay–Doppler (DD) modulation. The transmitted waveform is generated via 2D IDFT mapping, and demodulation is seamlessly performed using the native 2D DFT processing pipeline of mmWave radars. To address severe interference from environmental sensing echoes, we propose an inter-symbol matching filter (ISMF) algorithm that dynamically separates sensing and modulated components, enabling robust demodulation while doubling the SNR of sensing components. A prototype using commercial mmWave radars and COTS tags shows that DDScatter extends range by 4.5× over Delay-domain modulation and more than 2× data rate compared to Doppler-domain modulation, while preserving and enhancing sensing performance. DDScatter opens a path toward scalable, long-range, and high-efficiency ISAC for 6G ambient IoT. © 2026 IEEE. All rights reserved.","Backscattering; Demodulation; Doppler effect; Microstrip devices; Millimeter waves; Optical variables measurement; Pattern matching; Photomapping; Radar signal processing; Signal receivers; Signal to noise ratio; Ambient IoT; Ambients; Delay-dopple modulation; Doppler; Doppler modulation; Integrated sensing; Mm waves; Radar backscatter; Radar- backscatter communication; Trade off; Economic and social effects; Matched filters","Article","Final","","Scopus","2-s2.0-105040227559"
"Han W.; Xiao H.; Wang T.; Ding X.; Zhao L.; Cho S.; Sun P.; Park I.; Lu G.","Han, Wenjiang (57222990274); Xiao, Heng (60767599900); Wang, Tianshuang (57188678173); Ding, Xiaoran (59926090500); Zhao, Liupeng (57212251779); Cho, Seokjoo (57229870800); Sun, Peng (35254303000); Park, Inkyu (55721570100); Lu, Geyu (7403460117)","57222990274; 60767599900; 57188678173; 59926090500; 57212251779; 57229870800; 35254303000; 55721570100; 7403460117","A Wireless, Passive Multimodal Wearable Sensor With Decoupled Sensing Capabilities","2026","Advanced Materials","38","52","e74293","","","0","10.1002/adma.74293","https://www.scopus.com/pages/publications/105046185382?origin=resultslist","Developing electronic skin (e-skin) that perceives multi-stimuli and even exceeds human skin sensing capacity remains a major challenge. Yet existing technologies focused mainly on tactile sensing suffer from poor superimposed multi-stimuli discrimination, external power dependence, and wired transmission modes. Here, we report an integrated wireless passive wearable sensor based on frequency-division inductance-capacitance (LC) resonator array, capable of simultaneously detecting superimposed multi-stimuli including pressure, odor and humidity, along with decoupling. The system's performance is designed and validated using three-dimensional full-wave electromagnetic simulations. Notably, pressure-sensing with an ultrafast response/recovery (∼5/6 ms) and high sensitivity (6.15 MHz·kPa−1) is enabled by a gradient-modulus trilayer hydrogel incorporating a micro-pyramidal patterned top-layer. Furthermore, the sensor demonstrates trace-level (200 ppb) NO2 detection without interference from humidity or pressure and exhibits high humidity sensitivity across a wide humidity range (2%–98% RH). Demonstration of this sensor as e-skin reveals capabilities surpassing previous devices, enabling wireless passive and decoupled detection of small applied mechanical pressure, trace-level NO2, and ambient humidity under complex stimuli conditions, showing high selectivity and minimal cross-sensitivity. The proposed system introduces a transformative approach, unlocking substantial benefits for a variety of wearable applications. © 2026 The Author(s). Advanced Materials published by Wiley-VCH GmbH.","Humans; Humidity; Pressure; Wearable Electronic Devices; Wireless Technology; Electromagnetic simulation; Electronic nose; Nitrogen oxides; Resonators; Tactile sensors; Wearable sensors; Electronic skin; Frequency-division- multiplexing; LC resonator array; LC resonators; Multi-modal; Multimodal decoupled sensing; Resonator arrays; Trace level; Wireless passive wearable sensor; devices; human; humidity; pressure; wearable electronic device; wireless communication; Frequency division multiplexing","Article","Final","All Open Access; Green Open Access; Hybrid Gold Open Access","Scopus","2-s2.0-105046185382"
"Liu D.; Jiang H.; Gong Y.; He G.; Qu M.; Wang Q.; Deng C.; Gu X.; Li G.; Liu J.; Li B.","Liu, Donghao (60625612300); Jiang, Hui (57324515300); Gong, Yuheng (60625241200); He, Gongyi (60900884000); Qu, Meihong (60901374000); Wang, Qi (60901374100); Deng, Chuan (60901074600); Gu, Xiujuan (57225897573); Li, Guangrong (57211798145); Liu, Jinbo (56156489500); Li, Baolin (55771814600)","60625612300; 57324515300; 60625241200; 60900884000; 60901374000; 60901374100; 60901074600; 57225897573; 57211798145; 56156489500; 55771814600","Noble metal nanomaterial-based biosensors for small extracellular vesicle detection: Recent advances and clinical prospects","2026","Microchemical Journal","230","","119632","","","0","10.1016/j.microc.2026.119632","https://www.scopus.com/pages/publications/105050729968?origin=resultslist","As pivotal mediators of intercellular communication, small extracellular vesicles have emerged as promising biomarkers for early tumor diagnosis, disease monitoring, and precision medicine. However, their inherent heterogeneity, small size, and complex composition pose substantial challenges to the sensitivity and specificity of conventional detection technologies. Leveraging their exceptional optical, electrical, and catalytic properties, noble metal nanomaterials are increasingly recognized as robust candidates for advancing small extracellular vesicle detection. This review systematically summarizes recent advances in the application of noble metal nanomaterials for small extracellular vesicle analysis. We first provide a comprehensive overview of strategies for their controllable synthesis and precise surface functionalization, including the design of magnetic-noble metal composite probes for integrated isolation and detection. The underlying sensing mechanisms are then critically discussed, covering localized surface plasmon resonance, surface-enhanced Raman scattering, fluorescence resonance energy transfer, metal-enhanced fluorescence, and electrochemical signal transduction, as well as emerging photothermal, plasmonic chiral, and nanomechanical sensing strategies. We highlight the instrumental roles of these nanomaterials in enhancing detection sensitivity, facilitating signal amplification, and enabling the development of multimodal sensing platforms. Current limitations regarding standardization, sample matrix complexity, biosafety considerations, and clinical translation are also scrutinized, alongside a horizontal comparison with non-noble metal biosensors. Finally, we offer perspectives on future trends, emphasizing the integration of microfluidics, artificial intelligence, and multimodal fusion strategies—underscoring the potential of noble metal nanomaterials to propel small extracellular vesicle detection toward high sensitivity, high throughput, and broad clinical applicability. © 2026 Elsevier B.V.","","Review","Final","","Scopus","2-s2.0-105050729968"
"Gong X.; Zheng Y.; Ding X.; Gao J.; Cheng B.; Shao X.; Li J.; Jiang L.; Haick H.; Yang J.","Gong, Xia (57329419700); Zheng, Ying (57216566350); Ding, Xuyin (57195607142); Gao, Jie (57196296748); Cheng, Bolang (59706017600); Shao, Xinyi (60096991400); Li, Jian (60778250500); Jiang, Lelun (18835916600); Haick, Hossam (6603256731); Yang, Jian (57216562332)","57329419700; 57216566350; 57195607142; 57196296748; 59706017600; 60096991400; 60778250500; 18835916600; 6603256731; 57216562332","Wearable Electronics for Precision Diagnosis Through Advanced Manufacturing and Integration","2027","Nano-Micro Letters","19","1","22","","","0","10.1007/s40820-026-02311-8","https://www.scopus.com/pages/publications/105046606627?origin=resultslist","Wearable electronics are rapidly transforming healthcare by enabling continuous, real-time monitoring of physiological and molecular signals directly at the point of need. This shift supports a transition from episodic, generalized care toward precision diagnosis, where individualized, longitudinal data guide early detection, risk stratification, and treatment decisions. Central to this transformation is the convergence of advanced manufacturing and heterogeneous integration strategies, which enable the development of compact, multimodal, and highly conformable diagnostic platforms. In this review, we examine how advances in materials engineering, micro/nanofabrication, and system integration have transformed wearable devices from single-parameter sensors into fully integrated, multimodal diagnostic systems. We outline key architectures and transduction mechanisms and highlight manufacturing approaches such as printing, 3D fabrication, photolithography, and laser writing. We emphasize heterogeneous integration strategies that combine sensing, electronics, power, and communication into skin-conformal platforms for long-term use. These advances enable precision diagnostics through continuous monitoring, multimodal data fusion, and individualized baselines. We also outline key challenges to clinical translation and discuss future directions toward robust, scalable, and clinically actionable systems, providing a strategic outlook for next-generation wearable electronics in precision diagnosis. (Figure presented.) © The Author(s) 2026.","Diagnosis; Electronics industry; Integration; Wearable computers; Wearable sensors; Advanced manufacturing; Heterogeneous integration; Integration strategy; Longitudinal data; Molecular signals; Multi-modal; Physiological signals; Precision diagnose; Real time monitoring; Risk treatment; Metadata","Review","Final","All Open Access; Gold Open Access; Green Open Access","Scopus","2-s2.0-105046606627"
"Duan S.; Li S.; Zhang X.; Zhao X.; Zhou S.; Li C.","Duan, Siyi (58812752300); Li, Shidang (56364356200); Zhang, Xinyu (60310500900); Zhao, Xiaohu (56883407900); Zhou, Shijie (60823568600); Li, Chunguo (24824758400)","58812752300; 56364356200; 60310500900; 56883407900; 60823568600; 24824758400","Active IRS assisted multicast RSMA joint resource allocation and transmission optimization in ISAC","2026","Journal of the Franklin Institute","363","15","109036","","","0","10.1016/j.jfranklin.2026.109036","https://www.scopus.com/pages/publications/105049150711?origin=resultslist","This paper studies an Integrated Sensing And Communication (ISAC) system supported by an active Intelligent Reflecting Surface (IRS). In this system, the Base Station (BS) has both communication and radar capabilities, thus enabling user communication while detecting echo signals from the target of interest. The integration of Rate-Splitting Multiple Access (RSMA) and active IRS provides a more powerful approach for interference management and improving communication quality. A joint convex optimization problem of the common rate vector, the BS transmission beamforming vector and the amplification reflection phase shift matrix of the active IRS was established. The objective is to maximize the user group rate simultaneously while ensuring the quality of communication users, as well as the power constraints of base stations, active IRS power constraints, and radar perception performance constraints. By means of Successive Convex Approximation (SCA), Block Coordinate Descent (BCD), etc., the problem is divided into two sub-problems to handle the entire non-convex problem. The simulation results show that the maximum user group rate of ISAC using active IRS and RSMA is significantly better than other benchmarks. The proposed transmission strategy design based on RSMA and the dynamic optimization of emission and reflection beamforming by active IRS have significantly improved the performance of the ISAC system. © 2026 The Franklin Institute. Published by Elsevier Inc. All rights are reserved, including those for text and data mining, AI training, and similar technologies.","Base stations; Beamforming; Data mining; Multicasting; Active intelligent reflecting surface; Convex optimisation; Integrated sensing; Integrated sensing and communication; Maximize rate; Multiple access; Rate splitting; Rate-splitting multiple access; Reflecting surface; Sensing systems; Convex optimization","Article","Final","","Scopus","2-s2.0-105049150711"
"Lu Y.; Liu Y.; Chen G.; Cao X.; Zhang J.; Wu Y.","Lu, Yanbing (60519147100); Liu, Yilong (59502986100); Chen, Gege (60519330200); Cao, Xuye (60512268400); Zhang, Jun (36659981100); Wu, Yi (49962759800)","60519147100; 59502986100; 60519330200; 60512268400; 36659981100; 49962759800","Multiple target localization for wideband massive MIMO Bi-static ISAC system","2026","Journal on Advances in Signal Processing","2026","1","18","","","0","10.1186/s13634-026-01298-z","https://www.scopus.com/pages/publications/105033433526?origin=resultslist","In this paper, we investigate the localization of multiple non-cooperative targets in a wideband massive multiple-input multiple-output (MIMO) bi-static integrated sensing and communications (ISAC) system. Firstly, we analyze the three-dimensional controllable beam squint effect in wideband massive MIMO bi-static system. Subsequently, the effective angles of departure (AoDs) from the main base station (BS) and auxiliary BS to the multiple non-cooperative targets are estimated based on the controllable beam squint strategy. Finally, an AoDs matching method is proposed by utilizing the estimated AoDs and the estimated path losses to obtain the locations of the multiple non-cooperative targets. The numerical simulations demonstrate the effectiveness of the proposed localization method. © The Author(s) 2026.","Communication channels (information theory); Cooperative communication; Feedback control; MIMO systems; Mobile telecommunication systems; Beam squint effect; Beam squints; Integrated sensing; Integrated sensing and communication; Localisation; Massive multiple-input multiple-output; Multiple inputs; Multiple outputs; Non-cooperative target; Wide-band; Numerical methods","Article","Final","All Open Access; Hybrid Gold Open Access","Scopus","2-s2.0-105033433526"
"Cui Y.; Gu J.; Wu D.; He P.; Wang R.; Wang G.","Cui, Yaping (36663532500); Gu, Jianjun (60423184900); Wu, Dapeng (57198896846); He, Peng (56121747100); Wang, Ruyan (60411387500); Wang, Gongxun (58789603300)","36663532500; 60423184900; 57198896846; 56121747100; 60411387500; 58789603300","Joint beamforming design for IRS-assisted ISAC in connected and automated vehicles","2026","Vehicular Communications","62","","101072","","","0","10.1016/j.vehcom.2026.101072","https://www.scopus.com/pages/publications/105048868913?origin=resultslist","Integrated sensing and communication (ISAC) provides an effective solution for supporting both high-rate data transmission and environmental perception in connected and automated vehicles (CAVs). However, in urban environments, buildings frequently hinder signal propagation between the base station (BS) and vehicles, thereby compromising link reliability and weakening the effectiveness of radar-based sensing. To mitigate these challenges, intelligent reflecting surface (IRS) technology has been proposed to enhance CAV operations by improving the signal propagation environment. This study focuses on the ISAC system implemented in IRS-assisted CAV scenarios. In this system, the IRS facilitates the simultaneous transmission of communication and radar signals. By jointly optimizing the active beamforming matrix at the BS and the passive beamforming matrix at the IRS, the sum rate achievable by vehicular users is maximized, while ensuring compliance with the BS's power budget, maintaining required radar detection quality, and adhering to the IRS phase configuration limits. In light of these considerations, an approach, namely Adaptive Optimization for Sensing and Forming (AOSF), is proposed, which employs the semidefinite relaxation (SDR) and successive convex approximation (SCA) algorithms to optimize the active beamforming matrix at the BS and employs the fractional programming algorithm to optimize the passive beamforming matrix at the IRS. The method decomposes the non-convex optimization problem into a series of manageable subproblems and employs an iterative solving approach to gradually refine the results and converge toward a satisfactory solution. Simulation results indicate that the proposed approach significantly improves achievable sum rate performance and reveals the trade-offs between communication and sensing. © 2026 Elsevier Inc.","","Article","Final","All Open Access; Green Open Access","Scopus","2-s2.0-105048868913"
"Lee W.; Kim E.S.; Kim S.; Park H.; Lee J.K.; Baek E.; Jung C.H.; Cho S.-H.","Lee, Wonkyoung (55652784300); Kim, Eon Sang (57202096678); Kim, Sooyeon (55454692800); Park, Heuk (7601570487); Lee, Joon Ki (36350827100); Baek, Eunkyeong (60321877200); Jung, Chang Hee (59773424800); Cho, Seung-Hyun (56431629500)","55652784300; 57202096678; 55454692800; 7601570487; 36350827100; 60321877200; 59773424800; 56431629500","Noninvasive subterahertz glucose monitoring using a communication inspired eye diagram","2026","Scientific Reports","16","1","1079","","","2","10.1038/s41598-025-30743-6","https://www.scopus.com/pages/publications/105027105393?origin=resultslist","The global prevalence of diabetes mellitus (DM) continues to rise, highlighting the need for noninvasive, painless continuous blood glucose monitoring to support disease management and reduce long-term complications. Here, we report noninvasive subterahertz (sub-THz) glucose monitoring using communication-inspired eye diagram (sub-THz GlucoEye). The method detects distortion in the modulation pattern of sub-THz carrier signals reflected from the fingertip, resulting from relaxation time variations in the hydration water surrounding glucose molecules. These distortions are analyzed using multivariate regression analysis, based on variations in the modulation pattern’s performance parameters represented in the three-dimensional eye diagram. Compared to conventional THz spectroscopy, which only measures THz radiation absorption, the sub-THz GlucoEye system shows enhanced linear correlation (R2 = 0.98) between glucose-dependent features from modulation pattern changes and venous blood glucose concentrations. Results indicate strong consistency between glucose dynamics in venous blood and those at the fingertip during the mixed meal tolerance test, validated by 100% of glucose readings falling within Zones A and B based on Clarke’s error grid analysis. This approach offers opportunities for real-time DM management and biomarker detection in future 6G integrated sensing and communication. Registry: Clinical Research Information Service, TRN: KCT0008820, Registration date: 17 June 2023. © The Author(s) 2025.","Adult; Blood Glucose; Blood Glucose Self-Monitoring; Diabetes Mellitus; Female; Humans; Male; Terahertz Spectroscopy; adult; blood; devices; diabetes mellitus; diagnosis; female; glucose blood level; human; male; procedures; self-monitoring blood glucose; terahertz spectroscopy","Article","Final","All Open Access; Gold Open Access; Green Open Access","Scopus","2-s2.0-105027105393"
"de Souza W.S.; de Brisolara L.B.; Ferreira P.R., Jr.","de Souza, Weslen Schiavon (57194070616); de Brisolara, Lisane Brisolara (17433535100); Ferreira, Paulo Roberto (35733643500)","57194070616; 17433535100; 35733643500","Applying task division techniques on wireless multimedia sensor networks to improve lifetime","2026","Design Automation for Embedded Systems","30","3-4","3","","","0","10.1007/s10617-026-09300-5","https://www.scopus.com/pages/publications/105048689190?origin=resultslist","This paper introduces two novel techniques, TDMEN-CACHE and TDMEN-INTERSEC, designed to enhance load balancing and energy efficiency in Wireless Multimedia Sensor Networks (WMSNs). These techniques leverage temporal and spatial redundancies to optimize task division among sensor nodes, reducing energy consumption and extending network lifetime. TDMEN-CACHE minimizes reprocessing by utilizing cached data from previous multimedia events, while TDMEN-INTERSEC capitalizes on overlapping sensing areas to distribute processing tasks among neighboring nodes. The proposed methods were evaluated using real-world case studies in precision agriculture and bird monitoring, demonstrating significant improvements in energy efficiency, event detection rates, and network longevity compared to conventional solutions. A packet loss model was also integrated to simulate real-world communication scenarios, further validating the robustness of the techniques under varying conditions. © The Author(s) 2026.","Energy efficiency; Energy utilization; Multimedia systems; Precision agriculture; Sensor nodes; Energy; Load-Balancing; Local processing; Multimedia sensor networks; Multimedium event; Novel techniques; Reactive network; Real-world; Task division; Wireless multimedia; Resource allocation","Article","Final","All Open Access; Hybrid Gold Open Access","Scopus","2-s2.0-105048689190"
"Lu Y.; Xiong K.; Chen W.; Fan P.; Kwan Ng D.W.; Letaief K.B.","Lu, Yuping (58033238200); Xiong, Ke (25224174200); Chen, Wei (57043638300); Fan, Pingyi (7201669202); Kwan Ng, Derrick Wing (58305460700); Letaief, Khaled Ben (55666697100)","58033238200; 25224174200; 57043638300; 7201669202; 58305460700; 55666697100","Multi-UAV Collaborative ISCPT: Joint 3D Deployment and Power Control of UAVs","2026","IEEE Transactions on Mobile Computing","25","10","","15625","15642","0","10.1109/TMC.2026.3683050","https://www.scopus.com/pages/publications/105036743705?origin=resultslist","Integrated sensing, communication, and power transfer (ISCPT) paradigm has emerged as a promising solution for multi-functional integration and efficient resource sharing in upcoming sixth-generation (6G) wireless networks. To overcome the limited flexibility and coverage of existing terrestrial ISCPT systems based on ground base stations in complex terrains and temporary hotspots, we propose a novel multi-UAV ISCPT system that leverages UAVs’ high mobility, flexible deployment, and reliable line-of-sight links to improve ISCPT performance. A multi-objective optimization problem is formulated to simultaneously maximize the minimum quality of service across communication, sensing, and energy users by jointly optimizing the three-dimensional (3D) deployment and transmit power allocation of UAVs. To address this challenging non-convex problem, a two-stage joint optimization method based on a cascading residual graph attention network (CRGAT) is proposed, effectively capturing the intricate spatial correlations among users and task coupling characteristics. Simulation results unveil that the proposed CRGAT-based method improves overall performance by over 39.6% compared to baseline methods adopting existing schemes. Under fixed weight configurations, it effectively balances multiple objectives; by traversing the weight space, it further produces a well-distributed and continuous approximate Pareto front, demonstrating its strong adaptability to diverse objective preferences. Moreover, the proposed method remains adaptability under varying user distributions without retraining, indicating good generalization and deployment potential. © 2026 IEEE. All rights reserved.","Antennas; Energy transfer; Multiobjective optimization; Power control; Quality of service; Aerial vehicle; Deployment control; Graph neural network; Graph neural networks; Integrated sensing; Integrated sensing communication and power transfer; Power transfer systems; Power transfers; Power-control; Unmanned aerial vehicle; Unmanned aerial vehicles (UAV)","Article","Final","","Scopus","2-s2.0-105036743705"
"Bostan I.","Bostan, Ionel (25228535200)","25228535200","Cross-layer AI-native architectures for sustainable 6 G networks: Integrating semantic communication and sensing","2026","Computer Networks","289","","112700","","","0","10.1016/j.comnet.2026.112700","https://www.scopus.com/pages/publications/105047826515?origin=resultslist","The evolution toward sixth-generation (6 G) networks is increasingly driven by the convergence of artificial intelligence, semantic communication, and integrated sensing capabilities, enabling networks to operate as sustainable, intelligent, context-aware, and adaptive systems. Rather than treating sensing and communication as isolated functions, emerging 6 G architectures increasingly rely on AI-native, cross-layer integration to jointly optimize perception, data delivery, and network control. Unlike existing surveys that treat AI-native networking, semantic communication, integrated sensing and communication (ISAC), edge intelligence, and programmable physical environments as largely separate research streams, this paper develops a network-architecture-oriented review centred on their cross-layer integration. The distinctive contribution of the review is to position semantic communication and ISAC not as isolated enabling technologies, but as mutually coupled functions within an AI-native 6 G system architecture in which sensing-derived context, semantic relevance, edge intelligence, and orchestration decisions interact across physical, control, user, and application planes. The review is based on a structured literature-selection process covering Web of Science and Scopus publications from 2019 to 2026, complemented by relevant standardization-oriented documents from ITU, 3GPP, and ETSI. The selected literature is classified according to architectural role, including semantic/task processing, sensing and communication integration, programmable physical-layer support, edge intelligence, AI-native orchestration, and standardization relevance. The analysis gives priority to architectural coupling mechanisms: how ISAC-generated environmental awareness supports semantic encoding and decoding; how semantic importance can guide radio-resource allocation, RIS configuration, and edge inference; and how AI-native orchestration may coordinate these functions under latency, energy, reliability, and standardization constraints. The paper further identifies open challenges related to semantic reliability, architectural scalability, orchestration overhead, standardization gaps, security, and energy sustainability, and outlines future research directions for deployable AI-native 6 G networks. © 2026 The Author(s)","Adaptive systems; Computer architecture; Integration; Network architecture; Network layers; Semantics; 6 G network; AI-native network; AI-native orchestration; Cross layer; Cross-layer architecture; G-networks; Integrated sensing; Integrated sensing and communication; Semantic communication; Semantic–sensing integration; Reliability analysis; Standardization","Review","Final","All Open Access; Hybrid Gold Open Access","Scopus","2-s2.0-105047826515"
"Yin J.; Zhu J.; Wang S.; Yuan J.; Li C.; Margolis S.; Bao H.; Wang Y.; Zhao W.; Zhu E.; Mu L.; He S.; Wang K.; Zhao J.; Huang Y.; Zhou Y.","Yin, Junyi (57222497353); Zhu, Jinjin (60519573700); Wang, Shaolei (57270687600); Yuan, Jiangnan (60519211800); Li, Chenyang (57564366700); Margolis, Samuel (59174445100); Bao, Hong (57203531288); Wang, Yanan (59500948800); Zhao, Wei (60519211900); Zhu, Enbo (55325881200); Mu, Longlong (60519394900); He, Shuai (60519116900); Wang, Kaidong (58263502700); Zhao, Jie (55758553000); Huang, YongAn (60381999100); Zhou, Yunlei (57205104662)","57222497353; 60519573700; 57270687600; 60519211800; 57564366700; 59174445100; 57203531288; 59500948800; 60519211900; 55325881200; 60519394900; 60519116900; 58263502700; 55758553000; 60381999100; 57205104662","Scalable and stretchable 1D multifunctional fibers for multimodal sensing and stimulation","2026","Nature Communications ","17","1","2496","","","28","10.1038/s41467-026-70178-9","https://www.scopus.com/pages/publications/105033478082?origin=resultslist","One-dimensional (1D) multifunctional fibers have garnered significant attention due to their advantageous geometry properties, which allows conformal interfacing with soft biological tissues and efficient charge transport. Here, we developed a solution-deposition strategy for the scalable and cost-effective fabrication of stretchable liquid metal fibers integrated with electrochemically stable, tissue-interfacing electrodes, thereby enabling the realization of stretchable multifunctional fibers. This fiber seamlessly combines electrodes and conductive pathways into a single structure, enabling versatile applications such as electrophysiological signal sensing, in vivo nerve stimulation, and wireless energy transmission. The multifunctional fiber demonstrates significantly improved electrical performance under strain, maintaining conductivity during stretching and bending, and exhibits lower impedance and higher signal stability, particularly during physiological monitoring and electrical stimulation. The fiber’s excellent biocompatibility and mechanical compliance makes it well suited for wearable systems and long-term biomedical applications, offering a robust platform for next generation 1D bioelectronics. © The Author(s) 2026.","Animals; Biosensing Techniques; Electric Conductivity; Electric Stimulation; Electrodes; Humans; Mice; Wearable Electronic Devices; Wireless Technology; electrochemical method; electrode; geometry; heavy metal; one-dimensional modeling; performance assessment; Article; chemical bath deposition; controlled study; cyclic voltammetry; electric conductance; electrochemistry; electrostimulation; energy dispersive X ray spectroscopy; impedance spectroscopy; machine learning algorithm; nanofabrication; nerve stimulation; scanning electron microscopy; surface property; wettability; X ray photoemission spectroscopy; animal; devices; electric conductivity; electrode; electrostimulation; genetic procedures; human; mouse; procedures; wearable electronic device; wireless communication","Article","Final","All Open Access; Gold Open Access; Green Open Access","Scopus","2-s2.0-105033478082"
"Qin R.; Deng X.; Liu H.; Cao P.; Dai Z.; Guo F.; Zhang Q.; Wang J.","Qin, Rongmei (60822064300); Deng, Xin (31168152600); Liu, Haoxiang (59256125100); Cao, Peng (59256434000); Dai, Zejia (59762773000); Guo, Fengxuan (59763544500); Zhang, Qiong (60822285500); Wang, Jiashun (60822614000)","60822064300; 31168152600; 59256125100; 59256434000; 59762773000; 59763544500; 60822285500; 60822614000","Deep eutectic solvent-regulated polyacrylamide/alginate/PEDOT:PSS conductive hydrogels with improved low-temperature performance","2026","Colloids and Surfaces A: Physicochemical and Engineering Aspects","751","","141691","","","0","10.1016/j.colsurfa.2026.141691","https://www.scopus.com/pages/publications/105049057708?origin=resultslist","Conductive hydrogels for wearable strain sensors usually suffer from water crystallization and polymer network rigidification under subzero conditions, resulting in reduced flexibility and compromised sensing stability. To address this challenge, a deep eutectic solvent (DES)-regulated sodium alginate/polyacrylamide (SA/PAM) double-network hydrogel integrated with PEDOT:PSS was developed to construct a mixed ionic–electronic conductive network. Unlike previously reported single-network PAM-based DES hydrogels, the present SA/PAM double-network architecture combines DES-mediated dynamic interactions with PEDOT:PSS-based electronic conduction, enabling synergistic enhancement of antifreezing capability, mechanical robustness, and electromechanical sensing performance. The optimized 30DES-SPP hydrogel exhibited a tensile strength of 0.38 MPa and an elongation at break of 1767% at room temperature. It also achieved a gauge factor (GF) of 8.51 at 500% strain. After storage at −25 °C, the hydrogel maintained an elongation at break of 1514%, demonstrating excellent low-temperature tolerance and flexibility. In addition, stable and repeatable electrical responses were observed during repeated deformation. The hydrogel was successfully applied to human motion monitoring, Morse code communication, and handwriting pressure recognition. This work presents an effective strategy that integrates DES-regulated double-network reinforcement with conductive network engineering, offering promising potential for wearable sensing devices and flexible human–machine interfaces under subzero conditions. Copyright © 2026. Published by Elsevier B.V.","Dynamics; Eutectics; Human engineering; Low temperature properties; Network architecture; Temperature; Wearable sensors; Anti-freezing; Antifreezing hydrogel; Condition; Conductive hydrogel; Conductive networks; Deep eutectic solvents; Double-network hydrogels; Elongation-at-break; PEDOT/PSS; Strain sensing; Hydrogels","Article","Final","","Scopus","2-s2.0-105049057708"
"De Gaetano S.; Crico M.; Ferrari G.; Sampietro M.; Morichetti F.; Melloni A.; Zanetto F.","De Gaetano, Samuele (59184823000); Crico, Monica (58548595100); Ferrari, Giorgio (7201855525); Sampietro, Marco (7005694564); Morichetti, Francesco (8507142600); Melloni, Andrea (7004033237); Zanetto, Francesco (57196260377)","59184823000; 58548595100; 7201855525; 7005694564; 8507142600; 7004033237; 57196260377","Sequential monitoring and control of a silicon photonic coherent beam adder and analyzer","2026","Scientific Reports","16","1","20064","","","0","10.1038/s41598-026-50327-2","https://www.scopus.com/pages/publications/105043639694?origin=resultslist","Joint communication and sensing applications require devices that can analyze multiple electromagnetic waves and process them in real time directly in the analog domain. In optics, the growing maturity of photonic integrated platforms allows the fabrication of complex circuits that can perform such operations, but their large number of sensors and actuators requires scalable control strategies to efficiently monitor and actively stabilize their functionality at runtime. In this work, we report on a multi-aperture silicon photonic programmable circuit that operates both as a coherent beam adder and a multi-aperture beam analyzer. The circuit consists of a reconfigurable mesh of Mach–Zehnder interferometers controlled through monolithically integrated electronic circuits, which are used to serialize/deserialize the readout of integrated sensors and the driving of actuators with a time-multiplexed addressing scheme. The circuit operation is validated in a communication and sensing scenario, where the photonic chip is used to simultaneously receive a 25 Gbit/s high-speed transmission and to measure the phase difference between the input light beams. © The Author(s) 2026.","silicon; analyzer; article; control strategy; electromagnetic radiation; electronic circuit; electronics; interferometer; sensor; velocity","Article","Final","All Open Access; Gold Open Access; Green Open Access","Scopus","2-s2.0-105043639694"
"Kim G.; Park S.; Cha H.; Kim M.; Lee S.; Hong Y.; Chou N.; Shin H.","Kim, Giheon (60045974300); Park, Se Hwan (59664022100); Cha, Hyeonggyeong (60636840800); Kim, Minseok (59073001500); Lee, Seungjun (60221351400); Hong, Younghwa (60744343900); Chou, Namsun (43061070600); Shin, Hyogeun (56591066700)","60045974300; 59664022100; 60636840800; 59073001500; 60221351400; 60744343900; 43061070600; 56591066700","Monolithic all-laser fabricated 3D bioelectronic platforms with multilayer hybrid interconnects for multimodal sensing","2026","Biosensors and Bioelectronics","312","","119033","","","0","10.1016/j.bios.2026.119033","https://www.scopus.com/pages/publications/105044929914?origin=resultslist","Soft, flexible biointerfaces are attractive tools for tracking both biophysical and biochemical signals, yet conventional two-dimensional (2D) planar electrode arrays suffer from limited functional density, and standard metallic interconnects undergo bio-corrosion and oxidation in physiological fluids. Here, we report a monolithic, all-laser manufacturing strategy for 3D-integrated, multilayered flexible biointerfaces based on a structurally doped silver-nanowire/carbon-nanotube–laser-induced-graphene (AgNW/CNT–LIG) hybrid. Produced by a single-instrument, maskless, cleanroom-free workflow, the hybrid conductor attains an intrinsic electrical conductivity of 16.5 ± 1.04 kS/m—a 4.5-fold gain over pristine LIG—with mechanical durability under bending deformation over 2000 cycles. During laser sintering, the porous graphene matrix structurally encapsulates the AgNWs, shielding the metal from the electrolyte and providing markedly superior long-term stability in 1× PBS at 37 °C and against pH-induced corrosion relative to bare AgNW and Cu traces. Vertically stacking the channels into a four-layer architecture interconnected by laser-drilled vias yields ∼5 MΩ/cm interlayer isolation with uniform, reproducible trace resistance, eliminating the lateral crosstalk of coplanar arrays. We demonstrate the platform through three functions on a single architecture: a wirelessly operated flexible circuit, in vivo electroencephalography, and simultaneous electrochemical sensing of glucose (1.167 μA/mM) and lactate (1.081 μA/mM). This scalable route establishes a high-performance foundation for next-generation 3D bioelectronics and implantable closed-loop systems. © 2026 Elsevier B.V.","Biosensing Techniques; Electric Conductivity; Equipment Design; Glucose; Graphite; Lasers; Nanotubes, Carbon; Nanowires; Silver; Bioelectric phenomena; Corrosion; Electroencephalography; Electrophysiology; Fabrication; Graphene; Integrated circuit interconnects; Laser heating; Neurophysiology; Silver; 1 ethyl  3 (3 dimethylaminopropyl) carbodiimide hydrochloride; ascorbic acid; carbon nanotube laser induced graphene; glucose; glucose oxidase; lactic acid; n hydroxysuccinimide; nanotube; nanowire; potassium chloride; silver nanowire; unclassified drug; urethan; uric acid; carbon nanotube; glucose; graphite; silver; All-laser manufacture; Biointerfaces; Graphenes; Laser induced; Laser manufactures; Laser-induced graphene; Multi-layered; Multilayered flexible electronic; Silver nanowire/carbon nanotube (AgNW/CNT) hybrid interconnect; Silver nanowires; adult; animal cell; animal experiment; animal model; animal tissue; anisotropic conductive film; Article; beam diameter; bending  deformation; binding energy; bio corrosion; biochemical analysis; biointerface; biophysical parameters; brightness; carbonization; chemical modification; chemical stability; controlled potential coulometry; controlled study; conventional subtractive lithography; cyclic bending; cyclic voltammetry; electric conductivity; electrical  conductivity; electrical  performance; electroencephalography; electromechanics; electrophysiological assay; elemental analysis; energy dispersive X ray spectroscopy; functional density; graphitization; immobilization; impedance spectroscopy; laser patterning; light emission; male; mechanical durability; mechanical durability tests; morphological adaptation; mouse; multimodal sensing; nanofabrication; noamperometry; nonhuman; optical intensity; optical stimulation; oxidation; photolithography; power spectrum; pulse heat press; raman intensity; relative resistance change; reliability; reproducibility; sample size; sensing  performance; sensitivity analysis; signal acquisition; signal modulation; signal telemetry; specific areal capacitance; spectral sensitivity; spectrogram analysis; surface enhanced Raman spectroscopy; surface morphology; synergistic effect; thermal distribution; thermostability; three dimensional bioprinting; ultrasonic  sonication; uniformity; volume ratio; wireless communication; X ray crystallography; X ray photoemission spectroscopy; chemistry; devices; equipment design; genetic procedures; isolation and purification; laser; ultrastructure; Flexible electronics","Article","Final","","Scopus","2-s2.0-105044929914"
"Li D.; Wang Z.; Ma Y.; Wang Z.","Li, Dejian (57205526849); Wang, Zhihua (55000510700); Ma, Yan (58237259100); Wang, Zhe (58744176400)","57205526849; 55000510700; 58237259100; 58744176400","Integrated sensing and symbiotic backscatter communications for passive internet of things","2026","Journal on Wireless Communications and Networking","2026","1","94","","","0","10.1186/s13638-026-02636-3","https://www.scopus.com/pages/publications/105046493616?origin=resultslist","Integrated sensing and symbiotic backscatter communication (ISSBC) enables a cooperative receiver (CRX) to communicate with and locate a low-cost backscatter device (BD), thus is recognized as a promising technology for future low-power Internet of Things. This paper focuses on the BD location sensing and data detection for an ISSBC system with blocked BD-to-CRX line-of-sight path. In such non-line-of-sight (NLOS) scenario, the existing localization algorithms are not applicable, and the detection algorithms suffer from poor performance due to extremely weak backscatter signal. As such, utilizing the designed frame structure, we propose a two-stage three-dimensional (3D) localization method based on the forward–backward spatial-smoothing multiple signal classification (SSMUSIC) and specular reflection geometry (SRG). The CRX estimates the angles of arrival (AOAs) via the SSMUSIC-SRG algorithm to obtain the environmental reflector locations in the first stage with silent BD and utilizes the reflector locations and the estimated backscatter-link AOAs to obtain the BD’s 3D coordinates in the second stage with backscattering BD. Moreover, we propose a maximum likelihood detector for the BD signal. The strong direct-link interference (DLI) from the RF source is first canceled via successive interference cancelation, and the residual DLI is further mitigated by the obtained optimal receive beamformer in closed form. Numerical results verify that the proposed method outperforms the RSSI-based localization and conventional beamforming baselines. The proposed method achieves a localization root mean squared error of 3 centimeters at a signal-to-noise ratio (SNR) of 15 dB, and 7.6 dB SNR gain for backscatter detection at a bit error rate of 0.001. © The Author(s) 2026.","Beamforming; Bit error rate; Cooperative communication; Electromagnetic wave backscattering; Error detection; Error statistics; Internet of things; Location; Maximum likelihood estimation; Reflection; Signal detection; Angle of arrival estimation; Backscatter detection; Integrated sensing; Integrated sensing and symbiotic backscatter communication; Interference cancellation; Non-line-of-sight localizations; Reflection geometry; Signal classification; Specular reflections; Symbiotics; Signal to noise ratio","Article","Final","All Open Access; Hybrid Gold Open Access","Scopus","2-s2.0-105046493616"
"Jin T.; Yang L.; Lian T.; Cheng X.; Wang Y.; Xu C.; Zhang Y.","Jin, Ting (58815438600); Yang, Liu (59662829700); Lian, Tianhang (57210999569); Cheng, Xu (60149662600); Wang, Ying (58855568900); Xu, Chenlong (57487199800); Zhang, Yonggang (55973386500)","58815438600; 59662829700; 57210999569; 60149662600; 58855568900; 57487199800; 55973386500","Mode-hopping suppression in an optical resonator self-injection-locked DFB laser","2026","Optics and Laser Technology","203","","115548","","","0","10.1016/j.optlastec.2026.115548","https://www.scopus.com/pages/publications/105039767656?origin=resultslist","Self-injection locking (SIL) of distributed feedback (DFB) lasers to fiber ring resonators (FRRs) enables ultra-narrow linewidth generation through passive all-optical feedback, offering a cost-effective and flexible operational framework. However, achieving narrower linewidths requires longer fiber cavities, which reduce the free spectral range (FSR) and exacerbate mode-hopping instabilities. This trade-off limits deployment in applications demanding both narrow linewidth and stability. To address this challenge, we introduce a novel fiber ring resonator (FRR) with a skip configuration based on a length matching mechanism. Theoretical analysis demonstrates that this configuration expands the FSR by a factor of 12 compared with a conventional transmission FRR of identical length. Experimentally, the system does not experience any mode-hopping for a continuous period of 2000 s, with the laser linewidth narrowed by nearly three orders of magnitude. This work presents an all-optical feedback method to suppress mode-hopping without electronic control circuitry. This approach, which supports on-chip waveguide ring resonators, offers a viable pathway toward frequency-stable, chip-integrated lasers, and significantly advances the miniaturization and integration of high-precision sensing and communication networks. © 2026 Elsevier Ltd","Cost effectiveness; Distributed feedback lasers; Linewidth; Optical communication; Optical feedback; Optical waveguides; Passive mode locking; All optical; All-optical feedback technique; Injection locking lasers; Length matching; Length matching mechanism; Matching mechanisms; Mode-hopping; Mode-hopping suppression; Optical-; Optical-feedback techniques; Self-injection locking laser; Economic and social effects; Optical resonators","Article","Final","","Scopus","2-s2.0-105039767656"
"Fahad H.M.; Huang H.; Noghanian S.","Fahad, Hasan Muhammad (35758641600); Huang, He (56256208600); Noghanian, Sima (14009306700)","35758641600; 56256208600; 14009306700","Exploring CubeSats and their antennas: An integrated review and machine-readable RDF dataset","2026","AEU - International Journal of Electronics and Communications","216","","156497","","","0","10.1016/j.aeue.2026.156497","https://www.scopus.com/pages/publications/105045113822?origin=resultslist","The rise of CubeSats signifies a transformative era in space technology, driven by modularity, cost-effectiveness, and frequent launch opportunities. Reliable antenna systems are fundamental to CubeSat mission integrity, serving as the primary interface for ground-station telemetry, inter-satellite links, navigation, and remote sensing. Accordingly, this integrated review synthesizes CubeSat antenna types, emphasizing qualitative and quantitative attributes for core functions such as telemetry and remote sensing, together with supplementary critical analysis and narrative assessment. We summarize mission-driven antenna design requirements and utilize graphical representations to visualize technical trade-offs, facilitate antenna selection, and establish realistic optimization targets based on attainable performance ranges. Moreover, this paper examines trends, challenges, and advances in CubeSat antenna technology, covering materials, integration, and methodologies, with a gap analysis and future directions to enhance CubeSat capabilities. Including a machine-readable resource description framework (RDF) dataset of CubeSat antennas with a graphical user interface (GUI) improves accessibility and facilitates adoption of semantic-web (SW) technologies and ontological frameworks. The standardized unified metadata benefits the antenna community by enabling collaborative design sharing and reuse, and supports data-driven tools, including artificial intelligence (AI)-based surrogate modeling, to accelerate development for CubeSats, small satellites, and broader antenna applications. © 2026 Elsevier GmbH","Cost effectiveness; Graphical user interfaces; Ontology; Remote sensing; Satellite antennas; Satellite communication systems; Satellite links; Semantic Web; Small satellites; Space optics; Telemetering; Telemetering equipment; Antenna design; Cubesat; Cubesat antenna; Cubesat antenna challenge; Cubesat antenna design; Resources description frameworks; Satellite communications; Economic and social effects","Review","Final","","Scopus","2-s2.0-105045113822"
"Ma Z.; Li Z.; Fan A.","Ma, Zonghao (60582149300); Li, Zhiyou (60724218700); Fan, Anjun (60724529000)","60582149300; 60724218700; 60724529000","Integrated sensing and communications for vehicular networks: a survey","2026","Journal on Advances in Signal Processing","2026","1","54","","","2","10.1186/s13634-026-01332-0","https://www.scopus.com/pages/publications/105043794340?origin=resultslist","Integrated sensing and communications (ISAC) is emerging as a key enabler for vehicular networks, aiming to jointly support high-resolution sensing and ultra-reliable low-latency communications under high mobility. This survey provides a structured overview of ISAC for vehicular networks. Specifically, by comparing this paper with related surveys and introducing the preliminaries of ISAC and vehicular networks, we first demonstrate the necessity and potential of this survey. Subsequently, we review representative techniques for system performance optimization of ISAC-enabled vehicular networks, with emphasis on resource allocation, beam management, and reconfigurable intelligent surfaces (RIS)-based coverage enhancement and robustness. Beyond performance, we consolidate security and privacy considerations of ISAC-enabled vehicular networks, covering physical layer security mechanisms, network-level protection, and privacy-preserving aspects. Finally, we identify key research challenges related to scalability, imperfect modeling and hardware non-idealities, and unified security-privacy-performance design, aiming to support both academic research and practical deployment of ISAC-enabled vehicular systems. © The Author(s) 2026.","Network layers; Network security; Privacy by design; Privacy-preserving techniques; Surveying; High resolution; Integrated sensing; Integrated sensing and communication; Performance optimizations; Privacy preservation; Resolution sensing; Resources allocation; Security and privacy; Security and privacy preservation; Vehicular networks; Resource allocation","Article","Final","All Open Access; Hybrid Gold Open Access","Scopus","2-s2.0-105043794340"
"Teixeira F.B.; Ricardo M.; Coelho A.; Oliveira H.P.; Viana P.; Paulino N.; Fontes H.; Marques P.; Campos R.; Pessoa L.","Teixeira, Filipe B. (55492908500); Ricardo, Manuel (35230814100); Coelho, André (57202307051); Oliveira, Hélder P. (23390156200); Viana, Paula (7003678537); Paulino, Nuno (57204334608); Fontes, Helder (24343494700); Marques, Paulo (7006399225); Campos, Rui (57196559500); Pessoa, Luís (24825060200)","55492908500; 35230814100; 57202307051; 23390156200; 7003678537; 57204334608; 24343494700; 7006399225; 57196559500; 24825060200","Converge: towards an efficient multi-modal sensing research infrastructure for next-generation 6 G networks","2026","Journal on Wireless Communications and Networking","2026","1","18","","","1","10.1186/s13638-025-02544-y","https://www.scopus.com/pages/publications/105029079593?origin=resultslist","Telecommunications and computer vision solutions have evolved significantly in recent years, allowing a huge advance in the functionalities and applications offered. However, these two fields have been making their way as separate areas, not exploring the potential benefits of merging the innovations brought from each of them. In challenging environments, for example, combining radio sensing and computer vision can strongly contribute to solving problems such as those introduced by obstructions or limited lighting. Machine learning algorithms, able to fuse heterogeneous and multi-modal data, are also a key element for understanding and inferring additional knowledge from raw and low-level data, able to create a new abstracting level that can significantly enhance many applications. This paper introduces the CONVERGE vision-radio concept, a new paradigm that explores the benefits of integrating two fields of knowledge towards the vision of “View-to-Communicate, Communicate-to-View”. The main concepts behind this vision, including supporting use cases and the proposed architecture, are presented. CONVERGE introduces a set of tools integrating wireless communications and computer vision to create a novel experimental infrastructure that will provide open datasets to the scientific community of both experimental and simulated data, enabling new research addressing various 6 G verticals, including telecommunications, automotive, manufacturing, media, and health. © The Author(s) 2025.","Industrial research; Intelligent control; Learning algorithms; Learning systems; Machine learning; Modal analysis; Open Data; Radio; Three dimensional computer graphics; Visual communication; Wireless networks; 3D models; 3d-modeling; 5g; 6g; Aided communication; Air interface; Integrated sensing; Integrated sensing and communication; Intelligent controllers; Machine learning algorithms; Open air interface; RAN intelligent controller; Ray tracing simulation; Reconfigurable; Reconfigurable intelligent surface; Vision-aided communication; Computer vision","Article","Final","All Open Access; Hybrid Gold Open Access","Scopus","2-s2.0-105029079593"
"Zhao Y.; Zumrat S.-E.; Tsao S.-A.; Jarrahi M.","Zhao, Yifan (57218306109); Zumrat, Shahed-E- (57447343200); Tsao, Szu-An (60071064800); Jarrahi, Mona (57203231698)","57218306109; 57447343200; 60071064800; 57203231698","Terahertz generation and detection through gain-enhanced interband photomixing in quantum well structures","2026","Nature Communications ","17","1","6247","","","0","10.1038/s41467-026-73080-6","https://www.scopus.com/pages/publications/105044744794?origin=resultslist","Terahertz waves hold immense potential across diverse fields, including healthcare monitoring, biomedical imaging, precision navigation, high-speed communication, security screening, industrial quality control, and space exploration. However, the widespread adoption of terahertz technology has been hindered by the bulky, complex, and costly nature of existing systems. Here, we demonstrate gain-enhanced interband photomixing in quantum well (QW) PIN photodiodes as an efficient mechanism for frequency-tunable terahertz generation and detection, achieving significant improvements in power efficiency and sensitivity over the state-of-the-art. QWs embedded in PIN photodiodes—key elements of commercially available photonic integrated circuits (PICs)—enable monolithic integration of lasers, semiconductor optical amplifiers (SOAs), modulators, filters, demultiplexers, and other passive optical components. By establishing QW PIN photodiodes as the foundation of a Monolithically Integrated Terahertz Optoelectronic (MITO) platform, this work paves the way for compact, scalable terahertz optoelectronic systems with applications in high-speed data transfer, spectroscopy, and hyperspectral imaging. This advancement positions terahertz technology for widespread use, facilitating practical applications across remote sensing, communications, and medical diagnostics within portable devices. © The Author(s) 2026.","detection method; equipment; health care; precision; quality control; quantum mechanics; remote sensing; Article; diagnostic imaging; hyperspectral imaging; light absorption; optics; photon; quality control; radiofrequency; remote sensing; spectroscopy; terahertz radiation; amplifier; article; controlled study; diode laser; electric potential; health care surveillance; integrated circuit; post intensive care syndrome; velocity","Article","Final","All Open Access; Gold Open Access; Green Open Access","Scopus","2-s2.0-105044744794"
"Ye X.; Song X.; Wu Y.; Fu L.","Ye, Xiaowen (57215526028); Song, Xianxin (57362558700); Wu, Yi (49962759800); Fu, Liqun (24773298100)","57215526028; 57362558700; 49962759800; 24773298100","Integrated Sensing and Communication for Energy-Efficient Low-Altitude Economy Based on Meta Deep Reinforcement Learning","2026","IEEE Transactions on Mobile Computing","25","10","","15506","15524","2","10.1109/TMC.2026.3678893","https://www.scopus.com/pages/publications/105035648745?origin=resultslist","This paper investigates a new class of terrestrial integrated sensing and communication (ISAC) schemes that support the energy-efficient low-altitude economy (LAE) applications based on meta deep reinforcement learning (DRL). Specifically, we consider an LAE-oriented ISAC system, in which a ground base station (GBS) provides communication and navigation services for authorized unmanned aerial vehicles (UAVs), as well as senses the low-altitude airspace to monitor the unauthorized mobile target. By jointly optimizing the GBS's beamforming and authorized UAVs' trajectories, we aim to maximize the expected energy efficiency over a given flight period, subject to constraints including the average sensing signal-to-noise ratio requirement, UAV mission completion and collision avoidance, and the maximum transmit power at the GBS. To circumvent this sequential decision-making problem, we first put forth a new ISAC scheme for LAE, termed Deep Energy-efficient LAE-ISAC (DeepESC), leveraging DRL techniques. In DeepESC, a new reward function and a constrained action selection policy are introduced to satisfy various constraints. Also, an episodic experience replay mechanism is developed to derive efficient joint optimization strategies across the whole flight period. The gist is to employ experience sets each containing all experiences from a complete episode to jointly train the neural network, assign priorities to these sets, and more actively sample newer experience sets. Besides, to enable rapid adaptation to unseen flight periods with fewer experience samples, we propose the Meta-DeepESC scheme by integrating a new meta-learning approach into DeepESC. Simulation results demonstrate that compared with other schemes, Meta-DeepESC (i) achieves higher energy efficiency while satisfying all constraints, (ii) converges faster, and (iii) exhibits better generalization across different flight periods.  © 2002 IEEE.","Air navigation; Air traffic control; Antennas; Constraint satisfaction problems; Decision making; Deep learning; Deep reinforcement learning; Energy efficiency; Mobile telecommunication systems; Optimization; Unmanned aerial vehicles (UAV); Aerial vehicle; Energy efficient; Flight periods; Integrated sensing; Integrated sensing and communication; Low -altitude economy; Low altitudes; Meta deep reinforcement learning; Reinforcement learnings; Unmanned aerial vehicle; Flight simulators","Article","Final","","Scopus","2-s2.0-105035648745"
"Liu L.; Ni Y.; Xu H.; Yuan Y.; Xu W.","Liu, Lu (60373027200); Ni, Yao (57195290483); Xu, Honghuan (58922107400); Yuan, Yiming (57222548618); Xu, Wentao (56176617800)","60373027200; 57195290483; 58922107400; 57222548618; 56176617800","Perpendicular neuromorphic channels facilitate lateral inhibition for tactile location","2026","Nature Communications ","17","1","1402","","","1","10.1038/s41467-025-68139-9","https://www.scopus.com/pages/publications/105029471328?origin=resultslist","Lateral inhibition refers to the inhibition of neurons as caused by excitation of its neighboring neurons, which helps increase the contrast and sharpness of touch, and pinpoint exact touch position. However, such important operational logic has not yet been realized in neuromorphic sensing systems at the device level. Herein, we demonstrate a cross-channel synaptic transistor (CST) that possesses two perpendicularly-integrated channels with separate source and drain electrodes but the same geometrical middle points. The architecture is fabricated by electro-hydrodynamically printed indium zinc oxide (IZO) nanowires with digital control. When one channel is excited, it attenuates the charge-carrier transport in its perpendicular channel, fundamentally realizing the lateral inhibition behavior on the device level, forming a competitive charge-transport mechanism. The device was successfully applied to precise localization of the touch point on an electronic skin, and the position can be visually displayed simultaneously. The special device architecture can be used to generate a lateral-inhibition-encryption (LIE) key that encrypts Morse code, which ensures 100% accurate decryption by traversal decryption of all letters and encryption types. This work demonstrates a new strategy to emulate bioinspired operation logic on device level for the construction of future bioinspired electronics. © The Author(s) 2026.","indium; nanowire; oxygen; zinc; zinc oxide; indium; nanowire; zinc oxide; electrode; hydrodynamics; inhibition; neurology; signal processing; zinc; Article; atomic force microscopy; attenuation; confusion matrix; controlled study; data accuracy; decryption; electric potential; electrochemistry; encryption; energy consumption; energy dispersive X ray spectroscopy; facilitation; geometry; high resolution transmission electron microscopy; human; hydrodynamics; internet of things; interneuron; interpersonal communication; lateral inhibition; lateral inhibition encryption; medical electronics; membrane steady potential; nerve cell plasticity; nervous system; paired pulse facilitation; presynaptic nerve; presynaptic spike; retention time; sensory nerve cell; signal processing; tactile nervous system; touch; article; electrode; electronic skin; electronics; transistor","Article","Final","All Open Access; Gold Open Access; Green Open Access","Scopus","2-s2.0-105029471328"
"Aman M.; Zubair M.; Alharbey R.; Ur Rehman G.; Khan S.U.; Daud A.","Aman, Madeeha (53983686600); Zubair, Muhammad (57217570952); Alharbey, Riad (57208305519); Ur Rehman, Ghani (57216964756); Khan, Sajid Ullah (59144486200); Daud, Ali (28267686800)","53983686600; 57217570952; 57208305519; 57216964756; 59144486200; 28267686800","ISAC based seamless handover solution for SAGIN in high mobility environments","2026","Scientific Reports","16","1","330","","","1","10.1038/s41598-025-29697-6","https://www.scopus.com/pages/publications/105026580013?origin=resultslist","Seamless and uninterrupted connectivity within high-mobility environments (e.g. aerospace and high-speed terrestrial transportation) drives a critical demand for Space-Air-Ground Integrated Networks (SAGIN). In such dynamic environments, conventional handovers lead to frequent loss of connection, higher latency, and diminished quality-of-service (QoS). A new high-mobility handover procedure for SAGIN based on the concept of Integrated Sensing and Communication (ISAC) is introduced. We suggest a new method using real-time environmental perception to improve the decision-making of hand over, reducing the frequency of handover, and balancing the spatial, air and ground network resource allocation. It combines dynamic priority scheduling and a cross-layer communication protocol into a general handover procedure for seamless mobility between network layers. MATLAB-based simulations show that, when compared to existing ground-based and satellite-assisted handover methods, the overhead of LEO-enabled handovers often results in a substantial reduction in latency while simultaneously providing enhanced network throughput with minimum packet loss. The results show that our approach is appropriate to preserve an agreement on the quality received in highly dynamic environments, opening perspectives with novel scientific questions for SAGIN and high-mobility networks. © The Author(s) 2025.","article; communication protocol; data analysis software; decision making; resource allocation; simulation; velocity","Article","Final","All Open Access; Gold Open Access; Green Open Access","Scopus","2-s2.0-105026580013"
"Ganesan V.K.; Lee S.P.; Low J.H.; Lim E.H.; Chee P.S.; Tan C.H.","Ganesan, Vinod K. (57224609884); Lee, Soon Poh (57205217213); Low, Jen Hahn (57214495023); Lim, Eng Hock (24825036300); Chee, Pei Song (37012425700); Tan, Chun Hui (57028423600)","57224609884; 57205217213; 57214495023; 24825036300; 37012425700; 57028423600","Paper-based laser-written CoO–graphene biosensor for wireless sweat uric acid detection","2026","Scientific Reports","16","1","26109","","","0","10.1038/s41598-026-57142-9","https://www.scopus.com/pages/publications/105047813929?origin=resultslist","Uric acid is a critical metabolic biomarker for gout, kidney dysfunction, and cardiovascular disease. Persistent hyperuricemia promotes monosodium urate crystal deposition, triggering recurrent gout flares, chronic joint damage, and systemic inflammation, while early and continuous uric acid monitoring enables timely therapeutic intervention and improved disease outcomes. However, conventional blood tests and enzymatic sensors, although reliable, remain invasive, laboratory-bound, and unsuitable for continuous or point-of-care monitoring. Herein, we report a sustainable one-step strategy to fabricate a non-enzymatic uric acid sensor by direct laser writing on cobalt-treated paper with 455 nm irradiation, producing cobalt oxide–infused graphene. Unlike conventional metal-functionalized laser-induced graphene (LIG), which typically requires multi-step processing and non-biodegradable polymeric substrates, the present approach employs a biomass-derived paper substrate and simultaneously generates conductive graphene and redox-active cobalt oxide nanostructures in a single photothermal process. Furthermore, the incorporated multivalent Co2⁺/Co3⁺ redox couples act as biomimetic active sites for uric acid oxidation, enabling a flexible low-energy electron-hopping mechanism and enhanced interfacial charge transfer. The resulting porous hybrid electrode provides abundant electroactive sites for efficient sensing performance. Integrated into a flexible near-field communication (NFC) tag, the resulting platform enables wireless, battery-free uric acid monitoring in human sweat. The fabricated sensor achieved a sensitivity of 9.96 µA·μM−1 and a detection limit of 1.08 μM for uric acid sensing. The mechanical robustness is confirmed by minimal resonance frequency variation under bending, shifting only from 13.525 MHz at 0° to 13.575 MHz at 180° (~ 0.37% relative change). This work establishes a low-cost, scalable, and environmentally sustainable route toward metal oxide–carbon hybrid biosensors, offering a promising pathway for wearable uric acid monitoring and next-generation point-of-care diagnostics. © The Author(s) 2026.","Biosensing Techniques; Cobalt; Electrodes; Graphite; Humans; Lasers; Oxides; Paper; Sweat; Uric Acid; Wireless Technology; cobalt; cobalt oxide; graphite; oxide; uric acid; chemistry; devices; electrode; genetic procedures; human; laser; paper; procedures; sweat; wireless communication","Article","Final","All Open Access; Gold Open Access; Green Open Access","Scopus","2-s2.0-105047813929"
"Nawaz T.; Shrestha M.M.; Gu L.; Sher M.; Zahid A.; Wei L.; Zhou R.","Nawaz, Taufiq (57237040900); Shrestha, Manish Man (59052265100); Gu, Liping (54795116600); Sher, Mazhar (57193683536); Zahid, Azlan (57210903697); Wei, Lin (35197200300); Zhou, Ruanbao (7401567162)","57237040900; 59052265100; 54795116600; 57193683536; 57210903697; 35197200300; 7401567162","Real-time assessment of biofilm-forming cyanobacteria on soil moisture dynamics via IoT-integrated sensors","2026","Smart Agricultural Technology","15","","102509","","","0","10.1016/j.atech.2026.102509","https://www.scopus.com/pages/publications/105048846024?origin=resultslist","Improving soil water retention is critical for enhancing water-use efficiency and reducing drought stress in crop production. Cyanobacteria can form soil biocrusts through biofilm, which improve soil health and influence soil structure and water-holding capacity, but their effects on water retention dynamics over time have not been well investigated. This study evaluated the impact of a locally isolated biofilm-forming cyanobacteria (WC-C1 culture) on moisture retention in two types of soil, desert sand and a standard soil mix, using an IoT-enabled multi-sensor monitoring system. Each substrate type received one of two treatments: the WC-C1 inoculum or the growth medium (control), and twelve capacitance-based moisture sensors continuously monitored substrate moisture during five controlled wetting and amendment events. Sensor voltages were transmitted via encrypted wireless communication to a cloud-based MQTT broker, archived by a C#/.NET backend, and subsequently converted to gravimetric water content (%) on a dry-mass basis using substrate-specific calibration models. Treatment effects were quantified using daily mean moisture, event-aligned drying rates between events, and area under the moisture–time curve (AUC) as an indicator of cumulative water availability. The results show that the WC-C1 treatment increased the mean moisture in both substrates. In sand, pooled mean moisture across the full monitoring period increased from 14.6% (control) to 31.9% (WC-C1 inoculum), and in soil it increased from 17.6% to 47.3%. Event-level AUC analysis showed consistently greater cumulative moisture availability under WC-C1 across water-only irrigation events, while drydown slopes varied with event timing and substrate. These results provide controlled proof-of-concept evidence that WC-C1 can alter moisture dynamics under sterile, drainage-free chamber conditions and demonstrate that cloud-connected IoT sensing can quantify the effects of biological amendment at high temporal resolution. © 2026 The Authors. Published by Elsevier B.V. This is an open access article under the CC BY license. http://creativecommons.org/licenses/by/4.0/","","Article","Final","All Open Access; Gold Open Access","Scopus","2-s2.0-105048846024"
"Crichton C.A.; Sharpe T.; López-Pozo M.; Kabutz H.; Strand E.J.; Bruno N.; Adams III W.W.; Jayaram K.; Demmig-Adams B.; Sankaran P.; Bihar E.; Whiting G.L.","Crichton, Catherine A. (58176366200); Sharpe, Taylor (57215083935); López-Pozo, Marina (57201747167); Kabutz, Heiko (57948828500); Strand, Elliot J. (57391670500); Bruno, Nicholas (59740431000); Adams III, William W. (7401725101); Jayaram, Kaushik (56979921300); Demmig-Adams, Barbara (7003992248); Sankaran, Prashant (57207578049); Bihar, Eloïse (56663185700); Whiting, Gregory L. (8849637700)","58176366200; 57215083935; 57201747167; 57948828500; 57391670500; 59740431000; 7401725101; 56979921300; 7003992248; 57207578049; 56663185700; 8849637700","Long-term on-leaf monitoring of plant electrophysiology with printed adhesive gel bioelectrodes","2026","Communications Engineering","5","1","86","","","3","10.1038/s44172-026-00638-z","https://www.scopus.com/pages/publications/105038963964?origin=resultslist","Interfacing bioelectronic devices with plants can enable nature-based sensing networks by transducing electrical signals from living plants into real-time environmental data. A key challenge in developing such platforms is to create stable, biocompatible electrodes that provide sufficient adhesion to plant tissue with minimal impedance drift. In this report, an adhesive gel electrode featuring an inkjet-printed poly(3,4-ethylenedioxythiophene) polystyrene sulfonate (PEDOT:PSS) trace on a poly(vinyl alcohol) (PVA) hydrogel substrate with a methyl cellulose adhesive is presented. When attached to the inside of a Venus flytrap (Dionaea muscipula) lobe these biocompatible printed conformable electrodes demonstrate long-term mechanical stability and reliable continuous recording of action potentials, including when removed and reattached over 14 days. Compared to rigid Ag/AgCl electrodes, these bioelectrodes provide higher sensitivity, faster signal dynamics, and comparable signal-to-noise ratios. The gel electrodes maintain low impedance over extended periods (120 hrs), which is critical for long-term monitoring of bioelectronic signals. This stability enabled real-time monitoring of a Venus flytrap’s response to environmental factors such as temperature variations, insect activity, and diurnal variations. Additionally, the bioelectrodes were integrated with low-cost ESP32 microcontroller-based electronics, enabling wireless plant-to-plant communication over long distances. This system demonstrates a biologically integrated platform for developing nature-integrated networks that utilize living plants as sensor nodes. © The Author(s) 2026.","","Article","Final","All Open Access; Gold Open Access; Green Open Access","Scopus","2-s2.0-105038963964"
"Chen L.; Liu K.; Yang P.; Xiong Z.; Quek T.Q.S.; Fang J.; Zhang Z.","Chen, Leyan (58017826900); Liu, Kai (55619292407); Yang, Peng (57199730481); Xiong, Zehui (57201881045); Quek, Tony Q. S. (55362784200); Fang, Jisi (55836294500); Zhang, Zhibo (57219373044)","58017826900; 55619292407; 57199730481; 57201881045; 55362784200; 55836294500; 57219373044","PointRL: Reinforcement Learning-Based Approach for Air-Ground Communications Using Multi-Dimensional Target Sensing Point Cloud","2026","IEEE Transactions on Mobile Computing","25","10","","15432","15445","0","10.1109/TMC.2026.3679741","https://www.scopus.com/pages/publications/105034779136?origin=resultslist","Autonomous aerial vehicles (AAVs) are increasingly used in smart city communications for air-ground communications due to their flexibility, low cost, and independence from ground conditions, enabling high data rates for future networks. This paper explores AAV-to-vehicle (U2V) mmWave integrated sensing and communication (ISAC), where vehicles are represented as rigid shapes in a 3D radar point cloud. Considering maximizing channel capacity with multi-user interference and radar performance, two adaptive optimization problems are proposed, incorporating vehicle-to-vehicle (V2V) communication for interference mitigation. The radar point cloud-driven reinforcement learning (PointRL) algorithm is designed to solve these problems. It includes a point cloud-based deep neural network (PDNN) for extracting action spaces from 3D radar data and a decision network that reduces network complexity through segmentation and connection. A linear weighted sliding window reward mechanism is also designed to enhance decision-making in dynamic environments. Simulation results show that the proposed PointRL outperforms benchmark methods.  © 2002 IEEE.","Antennas; Channel capacity; Complex networks; Decision making; Deep learning; Deep reinforcement learning; Distributed computer systems; Learning algorithms; Radar interference; Radar target recognition; Reinforcement learning; Smart city; Unmanned aerial vehicles (UAV); Aerial vehicle; Deep reinforcement learning; Point-clouds; Radar point cloud; Reinforcement learnings; Resources allocation; Trajectory control; Unmanned aerial vehicle-to-vehicle (U2V); Vehicle to vehicles; Vehicle-to-vehicle (V2V); Resource allocation","Article","Final","","Scopus","2-s2.0-105034779136"
"Zhang T.; Yan Z.; Pang A.; Sun G.; Dang A.","Zhang, Tianzhu (57218868395); Yan, Zhongji (59619264200); Pang, Anning (57958461700); Sun, Guodong (60776093500); Dang, Anhong (7005839056)","57218868395; 59619264200; 57958461700; 60776093500; 7005839056","Unambiguous coherent phase-shift LiDAR with communication capability","2026","Optics Communications","620","","133618","","","0","10.1016/j.optcom.2026.133618","https://www.scopus.com/pages/publications/105046563910?origin=resultslist","As a pivotal branch of integrated sensing and communication (ISAC), optical integrated sensing and communication (O-ISAC) has drawn growing attention by exploiting the unique merits of optical wireless communication (OWC) and light detection and ranging (LiDAR). However, most existing O-ISAC designs suffer from mutual interference and performance trade-offs between sensing and communication, with rare work achieving genuine co-design gains for both modalities. In this paper, we propose an unambiguous phase-shift laser ranging with communication (UPLRC) scheme for O-ISAC, which achieves favorable cooperative gains between sensing and communication. Specifically, the radio-frequency (RF) ranging signal is phase-modulated onto the laser carrier, while the communication signal undergoes independent intensity modulation. For sensing, quadrature coherent detection retrieves phase and intensity information to realize high-precision ranging and velocity measurement, with communication codes theoretically extending the non-ambiguity range of sensing. For communication, direct detection is employed for efficient codeword recovery. Experimental results demonstrate that the UPLRC scheme achieves an unambiguous ranging distance of 416.75 m, a ranging precision of 5.9 mm, a velocity precision of 0.215 mm/s, and a 100 Mbit/s communication rate. Consequently, this paper provides a high-performance candidate for advanced O-ISAC. © 2026 Elsevier B.V.","Carrier communication; Cooperative communication; Optical communication; Optical radar; Phase shift; Photonic integration technology; Radio communication; Coherent detection; Integrated sensing; Light detection and ranging; Maximum-likelihood estimation; Optical integrated sensing and communication; Optical-; Phase-shift laser ranging; Phase-shift liDAR; Quadrature coherent detection; Unambiguous ranging; Economic and social effects; Maximum likelihood estimation","Article","Final","","Scopus","2-s2.0-105046563910"
"Ma W.; Zhang J.; Cheng Y.; Zhai M.; Zhou J.; Qu J.","Ma, Wenwen (57208253535); Zhang, Jingxue (60624009100); Cheng, Yanli (60718468200); Zhai, Mei (58993425900); Zhou, Jia (57215543216); Qu, Jianhang (16305145800)","57208253535; 60624009100; 60718468200; 58993425900; 57215543216; 16305145800","Biofilm formation: Regulatory mechanisms and therapeutic strategies","2026","Microbiological Research","311","","128597","","","1","10.1016/j.micres.2026.128597","https://www.scopus.com/pages/publications/105043479949?origin=resultslist","Biofilm formation and development are dynamically regulated processes. The core regulation involves cell-to-cell communication mediated by quorum-sensing (QS) mechanisms and enhanced intrinsic resistance via efflux pumps. These mechanisms establish a robust barrier against antibiotics and host immune responses. In response, strategies for biofilm eradication have evolved from singular antimicrobial interventions to interdisciplinary synergistic approaches. Current research primarily focuses on synergistic combined therapies that integrate advanced nanoplatforms with physical field interventions. This review has refined an integrated intervention strategy of internal and external collaboration, using internal molecular targeting for precise localization and external physical fields for powerful disintegration, thereby achieving synergistic effects of physical structure destruction, signal pathway interference, and precise drug release. This review systematically summarizes the mechanisms of biofilm formation and regulation, integrates the bidirectional interactive regulatory network of QS and c-di-GMP, and clarifies the dual roles of efflux pumps in biofilms-direct resistance and indirect regulation. With a particular emphasis on the latest advancements, synergistic mechanisms, and prevailing challenges associated with multimodal eradication strategies, proposes a future research roadmap that progresses from omics and in situ imaging to the identification of new targets and ultimately to the development of intelligent responsive systems. It aims to provide a theoretical reference and insights for developing the next generation of efficient and precise therapies for biofilm-associated infections. Copyright © 2026. Published by Elsevier GmbH.","Anti-Bacterial Agents; Bacteria; Biofilms; Cyclic GMP; Drug Resistance, Bacterial; Gene Expression Regulation, Bacterial; Humans; Quorum Sensing; Signal Transduction; Disintegration; Drug products; antiinfective agent; bis(3',5')-cyclic diguanylic acid; cyclic GMP; Biofilm development; Biofilm eradication agent; Biofilm formation; Efflux pumps; EPP; Nanoparticle platform; Physical field; Quorum-sensing; Regulatory mechanism; Therapeutic strategy; antibiotics; biofilm; cell component; immune response; nanoparticle; signal; synergism; antibiotic resistance; bacterium; biofilm; drug effect; gene expression regulation; genetics; growth, development and aging; human; metabolism; quorum sensing; signal transduction; Biofilms","Review","Final","","Scopus","2-s2.0-105043479949"
"Sun W.; Yue Y.; Ma X.; Teng W.; Wang L.; Han W.","Sun, Wenqing (59540921000); Yue, Youhan (60642649400); Ma, Xiao (56975612900); Teng, Wei (59368579800); Wang, Liang (58514645600); Han, Weijia (34972860400)","59540921000; 60642649400; 56975612900; 59368579800; 58514645600; 34972860400","Topology control for multi-layer LEO networks: towards a reliable space edge-cloud architecture","2026","Journal of Cloud Computing","15","1","74","","","0","10.1186/s13677-026-00893-7","https://www.scopus.com/pages/publications/105039614582?origin=resultslist","Multi-layer low Earth orbit (LEO) satellite networks consisting of observation satellites (OSs) and communication satellites (CSs) are becoming critical infrastructure to extend the edge-cloud continuum into space. However, the highly dynamic topology of satellite-ground and inter-satellite links presents a significant challenge. It frequently disrupts connectivity, severely impacting the stability and reliability of edge-cloud network operations. To address these issues, this paper proposes a multi-layer satellite-ground integrated topology control method for the space edge-cloud continuum that incorporates spatial-temporal correlations. Especially, a dynamic trajectory model for satellites based on the six Keplerian orbital elements is established. This model precisely characterizes the behaviors of (OSs) edge nodes and (CSs) space relay/fog nodes, laying the foundation for the division of satellite-ground service domains and the establishment of cross-layer links. Then, a dynamic satellite-ground service domain division model is developed, and the satellite-ground service domain division (SGSDD) algorithm is designed. This algorithm dynamically maps high-mobility satellites to multiple ground cloud domains. Consequently, it achieves precise service binding among edge sensing nodes, relay/fog nodes, and ground cloud resources. Furthermore, a bipartite graph matching model for cross-layer links is formulated, and the cross-layer link topology control (CLLTC) algorithm is designed. This algorithm ensures efficient data migration and task offloading between edge nodes and relay nodes. Simulation results verify that the proposed topology control method ensures topology stability and effectively reduces average routing hops under high-speed satellite mobility. Moreover, it significantly enhances data delivery throughput and service reliability within the continuum. This provides robust architectural support for the seamless deployment of future space-based edge intelligence. © The Author(s) 2026.","Communication satellites; Computer architecture; Earth (planet); Edge computing; Graph algorithms; Network architecture; Network layers; Network topology; Quality of service; Satellite communication systems; Satellite ground stations; Satellite links; Cross layer; Cross-layer link topology control; Edge clouds; Edge-cloud continuum; Low earth orbit satellites; Multi-layer low earth orbit  satellite network; Multi-layers; Satellite network; Satellite-ground service domain division; Service domain; Topology control; Orbits","Article","Final","All Open Access; Gold Open Access; Green Open Access","Scopus","2-s2.0-105039614582"
"Namdar M.; Basgumus A.; Aldirmaz-Colak S.; Celik Y.; Ardanuc M.; Durak-Ata L.; Etemoğlu Ç.Ö.","Namdar, Mustafa (24724879700); Basgumus, Arif (8532006600); Aldirmaz-Colak, Sultan (57201557630); Celik, Yasin (55426973900); Ardanuc, Mine (57210943340); Durak-Ata, Lutfiye (36056219500); Etemoğlu, Çağrı Özgenç (57193611279)","24724879700; 8532006600; 57201557630; 55426973900; 57210943340; 36056219500; 57193611279","Robust RIS-aided secure NOMA-ISAC system for post-disaster management","2026","Digital Signal Processing: A Review Journal","184","","106437","","","0","10.1016/j.dsp.2026.106437","https://www.scopus.com/pages/publications/105046457185?origin=resultslist","Our paper focuses on a generalized reconfigurable intelligent surface (RIS) assisted secure non-orthogonal multiple access (NOMA) integrated sensing and communication (ISAC) system. Specifically, we analyze the combined impact of hardware impairments for transceivers at the ISAC-enabled base station, phase errors at the RIS, and aggregated distortion noise at the NOMA users. Additionally, we integrate channel estimation errors for all links into the analysis of achievable rates and secrecy performance in the proposed scheme. Furthermore, a RIS phase optimization framework is developed to maximize the achievable secrecy rate under practical hardware impairments (HWI), where particle swarm optimization (PSO), grey wolf optimization (GWO), and manifold optimization (MO) are employed and comparatively evaluated. The sensing performance of the proposed system is further characterized by deriving the sensing SINR under HWI, and the detection probability is evaluated via Monte Carlo simulation using a Swerling I target model with a constant false alarm rate (CFAR) detector. To validate our findings, we present simulations across various parameters, examining the analytical results over Rician fading channels. Moreover, the proposed RIS-assisted NOMA-ISAC architecture is intended to support resilient connectivity, situational awareness, and physical-layer security in post-disaster management scenarios, where communication infrastructures are severely damaged or unavailable. © 2026 Elsevier Inc.","Channel estimation; Disaster prevention; Disasters; Errors; Fading channels; Monte Carlo methods; Network layers; Particle swarm optimization (PSO); Physical layer; Reconfigurable hardware; Achievable secrecy rates; Hardware impairment; Integrated sensing; Integrated sensing and communication; Multiple access; Non-orthogonal; Non-orthogonal multiple access; Physical layer security; Reconfigurable; Reconfigurable intelligent surface; Intelligent systems","Article","Final","","Scopus","2-s2.0-105046457185"
"Luo C.; Chen C.; Liang Y.; Wu F.; Xu Y.; Lu H.; Yang D.","Luo, Chenglong (60809948000); Chen, Changhe (58686521200); Liang, Yipeng (57211043715); Wu, Fahui (56724875200); Xu, Yu (57201743304); Lu, Huabing (55823242200); Yang, Dingcheng (37092545600)","60809948000; 58686521200; 57211043715; 56724875200; 57201743304; 55823242200; 37092545600","Sensing fairness-aware joint optimization of resource allocation, beamforming and trajectory for multi-UAV integrated communication, sensing and computing","2026","Physical Communication","79","","103288","","","0","10.1016/j.phycom.2026.103288","https://www.scopus.com/pages/publications/105048504325?origin=resultslist","Integrated Sensing, Communication, and Computing (ISCC) has emerged as a key enabler for next-generation intelligent wireless systems. By tightly coupling sensing, communication, and computing modules, ISCC overcomes the limitations of isolated designs and improves end-to-end resource utilization and system efficiency. In this work, we investigate a cooperative multi-UAV ISCC framework, where multiple UAVs employ sensing beams to cooperatively detect ground targets, and adopt communication beams to forward the acquired sensing information to ground access points. Meanwhile, mutual interference exists among UAVs. To quantify sensing capability, radar mutual information (MI) is adopted as the performance metric. We formulate a max–min objective that maximizes the minimum sensing MI among all targets, thereby enhancing sensing fairness. The resulting problem is non-convex and is addressed through block-wise decomposition into scheduling design, beamforming design, and multi-UAV trajectory design. These subproblems are handled using successive convex approximation (SCA) and relaxation-based methods. Numerical results verify that the proposed approach substantially improves fairness-oriented sensing performance compared with baseline schemes. © 2026 Elsevier B.V.","Aircraft detection; Antennas; Approximation theory; Cooperative communication; Intelligent systems; Mobile telecommunication systems; Trajectories; Unmanned aerial vehicles (UAV); Aerial vehicle; Communication and computing; Integrated computing; Integrated sensing; Joint optimization; Multi UAV; Mutual informations; Successive convex approximations; Trajectory optimization; Unmanned aerial vehicle; Beamforming","Article","Final","","Scopus","2-s2.0-105048504325"
"Zhang Y.; Tian R.; Tang X.; Ji Z.; Liu J.; Wang X.; Deng G.; Miao B.; Sun Y.; Chen H.; Wang Y.","Zhang, Yu (59244872700); Tian, Ruobing (57822953700); Tang, Xueming (59316502700); Ji, Zengguang (59739657000); Liu, Jiahao (58198332600); Wang, Xinli (60310227400); Deng, Guojun (60743569000); Miao, Bin (57189756973); Sun, Yuanna (56178189800); Chen, Hongyang (60744750100); Wang, Yongxing (57224960840)","59244872700; 57822953700; 59316502700; 59739657000; 58198332600; 60310227400; 60743569000; 57189756973; 56178189800; 60744750100; 57224960840","Water-triggered microphase reconstruction enables anti-swelling ion transport in amphiphilic ionogels for adaptive multimodal sensing","2026","Chemical Engineering Journal","545","","179542","","","0","10.1016/j.cej.2026.179542","https://www.scopus.com/pages/publications/105045160778?origin=resultslist","Ionogels are promising soft ionic conductors for flexible electronics, yet their operation in wet and underwater environments remains limited by a persistent trade-off between ionic conductivity and aqueous stability. Hydrophilic networks facilitate ion transport and interfacial adhesion but are prone to swelling and ion leakage, whereas hydrophobic networks resist water ingress at the cost of reduced ion mobility and poor compatibility with wet interfaces. Here, we report a water-triggered microphase reconstruction strategy for amphiphilic ionogels that converts water from a destructive medium into an active structural trigger. The ionogel is prepared by copolymerizing hydrophilic N-allylthiourea (ATU) and hydrophobic 2-methoxyethyl acrylate (MEA) in a hydrophobic ionic liquid matrix of [BMIm][TFSI]. Upon water exposure, hydration of ATU-rich regions strengthens hydrophilic-hydrophobic phase incompatibility, driving the rearrangement of PMEA segments toward the outer interface while retaining ionic-liquid-rich domains within the reconstructed network. This adaptive architecture forms a hydrophobic anti-swelling surface layer without sacrificing internal ion-conducting pathways. As a result, the reconstructed ionogel simultaneously achieves high ionic conductivity of 8.79 mS cm−1, long-term stability for more than 4 months in water, and wet adhesion strength up to 85 kPa. Spectroscopic analysis, surface characterization, Raman mapping, density functional theory calculations, and molecular dynamics simulations collectively reveal the coupling between water-induced phase reconstruction, polymer-ion interactions, and enhanced ion mobility. Benefiting from these integrated properties, the ionogel functions as a robust multimodal sensing platform for underwater strain monitoring, Morse-code communication, high-resolution temperature sensing, wireless physiological monitoring, and smoke detection. This work establishes water-triggered microphase reconstruction as a molecular design principle for adaptive ionogels that require stable ion transport in complex aqueous and biointerfacial environments. © 2026 Elsevier B.V.","Adhesion; Chemical bonds; Density functional theory; Flexible electronics; Hydrophilicity; Hydrophobicity; Information dissemination; Ion exchange; Ionic conductivity; Ionic liquids; Ionic strength; Molecular dynamics; Phase interfaces; Smoke; Spectroscopic analysis; Swelling; Amphiphilic ionogel; Amphiphilics; Anti-swelling; Hydrophilics; Hydrophobics; Ion-transport; Ionogels; Micro-phase; Multimodal sensing; Water-triggered reconstruction; Economic and social effects","Article","Final","","Scopus","2-s2.0-105045160778"
"Aman M.; Rehman G.U.; Zubair M.; Alfakeeh A.; Aboulola O.I.; Daud A.","Aman, Madeeha (53983686600); Rehman, Ghani Ur (57216964756); Zubair, Muhammad (57217570952); Alfakeeh, Ahmed (57209777937); Aboulola, Omar Ibrahim (57202440473); Daud, Ali (28267686800)","53983686600; 57216964756; 57217570952; 57209777937; 57202440473; 28267686800","AI-driven dynamic resource allocation for ISAC systems in 6G networks: intelligent beamforming, interference management, and power allocation","2026","Scientific Reports","16","1","12613","","","2","10.1038/s41598-026-42247-y","https://www.scopus.com/pages/publications/105035899130?origin=resultslist","In this paper, we present an AI-based novel framework for dynamic resource management in ISAC systems in 6G networks. The framework utilizes Deep Reinforcement Learning (DRL) to learn and optimize various resource control tasks such as smart beamforming, interference control, and power assignment, according to instantaneous network state and environment. The sum rate and beam pattern gain of AI-based approach are up to 45% and 50% higher than those of the static beamforming, respectively, at all scenarios. In particular, at pmax = 30 dBm and L = 64 antennas, the AI model yields a sum rate of bps/Hz in rural area scenarios, bps/Hz in dense smart city, and bps/Hz in high-mobility urban scenario, substantially better than convex optimization (achieving bps/Hz) and static beamforming (reaching at most bps/Hz). Moreover, the AI model has a beam pattern gain of 32 dB in rural, 28 dB in dense and 30 dB in high-mobility urban, which leads to improved sensing accuracy through the concentration of the transmitted energy toward expected sensing directions. In an energy-efficient context, the AI-engineered model has improved energy utilization with 40% gain reduction in power compared to conventional methods for the same sum rate. It also efficiently suppresses interference with increase of up to 50% in interference suppression level thereby enabling an improvement in total system performance. These findings demonstrate the potential of the AI-based model for joint communication and sensing design for 6G ISAC systems, and provide a generalized framework for intelligent 6G wireless networks. Its capability of dynamic resource allocation, enhanced spectral efficiency, and accurate sensing in dynamic network make it a technology enabler for 6G deployment. © The Author(s) 2026.","article; deep reinforcement learning; electric potential; resource allocation; rural area; drug interaction; human; therapy","Article","Final","All Open Access; Gold Open Access; Green Open Access","Scopus","2-s2.0-105035899130"
"Shi X.; Li Y.; Du J.; Zhou L.; Yang R.; Lim E.T.; Mohanraj S.S.; Zhao M.; Chen X.; Wang X.; Wu G.; Hao H.; Dhyani V.; Wang S.; Ling A.; Zhu D.","Shi, Xiaodong (57195674865); Li, Yue (57253080500); Du, Jinyi (58694031100); Zhou, Lin (59147995500); Yang, Ran (60160874000); Lim, En Teng (59965597100); Mohanraj, Sakthi Sanjeev (58968156700); Zhao, Mengyao (60160159400); Chen, Xu (60160731700); Wang, Xiaojie (60259091700); Wu, Guangxing (37038517700); Hao, Hao (60160016900); Dhyani, Veerendra (57118146300); Wang, Sihao (57203548433); Ling, Alexander (35734422400); Zhu, Di (57191573100)","57195674865; 57253080500; 58694031100; 59147995500; 60160874000; 59965597100; 58968156700; 60160159400; 60160731700; 60259091700; 37038517700; 60160016900; 57118146300; 57203548433; 35734422400; 57191573100","Integrated polarization-entangled photon source for wavelength-multiplexed quantum networks","2026","Nature Communications ","17","1","9778","","","0","10.1038/s41467-026-76631-z","https://www.scopus.com/pages/publications/105050275445?origin=resultslist","Entangled photons are fundamental resources for quantum communication, computing, and networking. Among them, polarization-entangled photon pairs play an important role due to their straightforward state manipulation and direct use in quantum key distribution, teleportation, and network protocols. However, realizing compact, efficient, and scalable polarization-entangled sources that meet the requirements of practical deployment remains a major challenge. Here, we present a simple yet high-performance on-chip polarization-entangled photon-pair source on thin-film lithium niobate. Our device employs dual quasi-phase matching that sequentially supports type-0 and type-I spontaneous parametric down-conversion in a single nanophotonic waveguide, eliminating the need for interferometers, polarization rotators, or other complex circuits. The source directly produces high-fidelity Bell states with broad bandwidth, high brightness, and low noise. Using this integrated approach, we realize wavelength-multiplexed entanglement distribution in a four-user quantum network deployed over loopback metropolitan fiber links up to 50 km. © The Author(s) 2026.","glass fiber; lithium; film; interferometer; lithium; polarization; quantum mechanics; wavelength; Article; atomic layer deposition; bandwidth; brightness; chemical structure; communication technology; crystal structure; metropolitan area; nanophotonics; noise; photon; polarization; quantum chemistry; quantum optics; quantum theory; remote sensing; second harmonic generation microscopy; Singapore; spectral sensitivity; sum frequency generation spectroscopy; thin film (procedure); article; controlled study; interferometer","Article","Final","All Open Access; Gold Open Access; Green Open Access","Scopus","2-s2.0-105050275445"
"Wang S.; Yang J.; Gao H.; Okamoto K.; Liu R.; Ma Y.; Zhou T.; Holt M.; Zheng Q.; Funakubo H.; Liu S.; Li J.-F.; Li Q.","Wang, Sixu (57223890833); Yang, Jiyuan (57795869700); Gao, Hanbin (57803244900); Okamoto, Kazuki (57201883064); Liu, Rui (57216949353); Ma, Yunpeng (57848171900); Zhou, Tao (57193234906); Holt, Martin (10144638300); Zheng, Qiang (55540465600); Funakubo, Hiroshi (7102812955); Liu, Shi (55242182800); Li, Jing-Feng (55883164600); Li, Qian (57230785800)","57223890833; 57795869700; 57803244900; 57201883064; 57216949353; 57848171900; 57193234906; 10144638300; 55540465600; 7102812955; 55242182800; 55883164600; 57230785800","Millimeter-wave dielectric tunability driven by topological polar structure switching in PbTiO3/SrTiO3 superlattices","2026","Nature Communications ","17","1","2725","","","4","10.1038/s41467-026-69440-x","https://www.scopus.com/pages/publications/105034454225?origin=resultslist","Dielectric tunability induced by an external electric field in materials underpins radio frequency signal modulation devices such as phase shifters, which are critical components in wireless communication and sensing systems. However, the tunability and integrability of current devices have yet to be enhanced for emerging applications, particularly at millimeter-wave frequencies. Here, we demonstrate that topological polar structures formed in PbTiO3/SrTiO3 superlattices exhibit large tunable in-plane dielectric properties, as determined by their multiscale structural configurations and polarization switching behaviors. Under a moderate field of 30 kV cm−1, the dipole wave structure maintains a tunability exceeding 15% at 70 GHz and above 8% over the measured range up to 110 GHz, contrasting with the weakly tunable flux closure structure. Based on in situ structural characterizations and molecular dynamics simulations, we delineate the polarization switching processes and elucidate the mechanisms underlying the observed tunable millimeter-wave dielectric responses. Our results provide new insights into the high-frequency dielectric properties of topological polar phases, potentially broadening the versatility of these materials in next-generation integrated electronic applications. © The Author(s) 2026.","dielectric property; lattice dynamics; polarization; topology; article; controlled study; dipole; electric field; molecular dynamics; polarization; radiofrequency; structure analysis","Article","Final","All Open Access; Gold Open Access; Green Open Access","Scopus","2-s2.0-105034454225"
"Li J.; Yan H.; Zeng M.","Li, Ji (35109311800); Yan, Hongtao (60767120900); Zeng, Mengling (60767120800)","35109311800; 60767120900; 60767120800","ODDM-ISAC waveform design: Joint optimization of mismatched filtering based on Multi-Start SQUAREM-ADMM","2027","Signal Processing","251","","110902","","","0","10.1016/j.sigpro.2026.110902","https://www.scopus.com/pages/publications/105050072719?origin=resultslist","This paper investigates a non-convex, radar-centric waveform design for Orthogonal Delay-Doppler Division Multiplexing (ODDM)-based Integrated Sensing and Communication (ISAC) systems in 6G high-mobility scenarios. Unlocking ODDM’s sensing potential requires suppressing its inherent radar correlation sidelobes. We formulate a mismatched-filtering problem to minimize the radar Weighted Integrated Sidelobe Level (WISL) under strict constant-modulus and communication-phase-relaxation constraints. Since conventional alternating-projection algorithms (e.g., ITROX) are prone to being trapped in shallow local minima and thus suffer from a sensing performance plateau, we propose a multi-start SQUAREM-accelerated Alternating Direction Method of Multipliers (ADMM) framework. By introducing matrix splitting, our method fully decouples the radar correlation domain from the physical feasible domain. Combining SQUAREM fixed-point extrapolation with multi-start initialization enhances the algorithm’s exploratory capability in the non-convex solution space, reduces convergence to low-quality local optima, and yields solutions with substantially improved sensing performance. Monte-Carlo simulations show that the proposed method effectively alleviates the performance plateau issue. Under a large phase-relaxation tolerance ((Formula presented)), it suppresses the radar peak sidelobe level to (Formula presented) dB, achieving a substantial 16.43 dB improvement over ITROX. Crucially, the optimized waveform maintains robust communication in 500 km/h high-mobility TDL-C channels, delineating a well-optimized Pareto trade-off boundary for next-generation ISAC systems. © 2026 Published by Elsevier B.V.","Communication channels (information theory); Convex optimization; Doppler effect; Monte Carlo methods; Radar signal processing; Space-based radar; Waveform analysis; Alternating directions method of multipliers; Doppler; Integrated sensing; Integrated sensing and communication; Mismatched filtering; Multistart; Nonconvex optimization; Orthogonal delay-dopple division multiplexing; Sensing systems; Waveform designs; Economic and social effects","Article","Final","","Scopus","2-s2.0-105050072719"
"Yu X.; Peng Z.; Shi Y.; Wang Y.; Zhou K.; Zhang X.; Xiang Y.; Xiao Y.; Kim J.J.; Liu Q.; Lin Y.","Yu, Xiong (59311643500); Peng, Zheng (60753163000); Shi, Yuqing (58126836200); Wang, Yuqi (59311812000); Zhou, Kemeng (57764608200); Zhang, Xinyi (58857142200); Xiang, Yueqi (60579022200); Xiao, Yutian (60153995500); Kim, Jae Joon (59864289600); Liu, Qingjun (57219039970); Lin, Yuanjing (57022149400)","59311643500; 60753163000; 58126836200; 59311812000; 57764608200; 58857142200; 60579022200; 60153995500; 59864289600; 57219039970; 57022149400","An Ultrathin, Permeable, and Battery-Free Monolithically Integrated System for Emotion Sensing and Interaction","2026","Advanced Materials","38","52","e74311","","","0","10.1002/adma.74311","https://www.scopus.com/pages/publications/105045634661?origin=resultslist","Emotion regulation is critical for mental and physical health. Biomarkers such as dopamine and cortisol in body fluids are relevant to emotional status, while there is a lack of feasible devices to achieve personalized emotion management with minimized interferences. This study presents an ultrathin and battery-free monolithically integrated sensing system for wireless tracking of stress-related biomarkers with human–machine interaction. The system can be printed on a flexible and porous thermoplastic polyurethane (TPU) membrane with a thickness of around 36 µm, exhibiting remarkable air/moisture permeability of 162 mm/s and 1230 g/m2/day. It achieves dopamine and cortisol analysis with detection limits down to 0.25 µM and 1.65 nM. An integrated near-field communication module enables wireless power harvesting and data transmission for continuous stress monitoring during daily activities, accompanied by emotion-interactive feedback. The proposed printable method enables monolithic integration of multifunctional devices on ultrathin and permeable platforms toward mental health management in a wearable fashion. © 2026 Wiley-VCH GmbH.","Biosensing Techniques; Dopamine; Emotions; Humans; Hydrocortisone; Permeability; Polyurethanes; Porosity; Wearable Electronic Devices; Wireless Technology; Biomarkers; Body fluids; Integrated control; Monolithic integrated circuits; Near field communication; Neurophysiology; Secondary batteries; dopamine; hydrocortisone; polyurethan; Battery-free; Dopamine; Emotion regulations; Human machine interaction; Integrated systems; Mental health; Monolithic integration; Monolithically integrated; Permeability; Ultra-thin; chemistry; devices; emotion; genetic procedures; human; permeability; porosity; wearable electronic device; wireless communication; Energy harvesting","Article","Final","All Open Access; Green Open Access","Scopus","2-s2.0-105045634661"
"Wu L.; Qin X.; Zhang J.; Xiong G.; Xiong W.; Cheng T.; Hu C.; Xu Z.; Xu W.; Chen X.; Yang A.; Zhao B.; Liu J.; Wang B.; Bao W.; Wong H.; Xia C.","Wu, Lichao (59408502500); Qin, Xiao (59336021600); Zhang, Jieqiong (58900027700); Xiong, Guodong (60744642300); Xiong, Wei (60745371500); Cheng, Tao (60745131500); Hu, Changyu (60745131600); Xu, Zhe (60744642400); Xu, Wanqing (60744642500); Chen, Xu (60745371600); Yang, Anli (59068628700); Zhao, Bo (59336021700); Liu, Jun (58846874200); Wang, Baoyuan (55638134400); Bao, Wenhan (59914522500); Wong, Hei (55805848500); Xia, Chen (56297291200)","59408502500; 59336021600; 58900027700; 60744642300; 60745371500; 60745131500; 60745131600; 60744642400; 60744642500; 60745371600; 59068628700; 59336021700; 58846874200; 55638134400; 59914522500; 55805848500; 56297291200","Progress in heterogeneous integration of LiNbO3 and LiTaO3 thin films for advanced piezoelectric and optoelectronic applications","2026","Materials Science in Semiconductor Processing","215","","110989","","","0","10.1016/j.mssp.2026.110989","https://www.scopus.com/pages/publications/105045150277?origin=resultslist","Lithium niobate (LiNbO3) and Lithium tantalate (LiTaO3) are renowned for their outstanding electro-optical, nonlinear optical, and piezoelectric properties, making them indispensable in high-speed optical communications, integrated photonics, RF front-end modules, and infrared sensing technologies. To meet the growing demand for higher integration density and multifunctionality in modern optoelectronic systems and by leveraging the complementary strengths of those photonic materials, the heterogeneous integration of LiNbO3 or LiTaO3 thin films onto easier manufacturable and less exotic substrates, such as silicon, silicon carbide, and compound semiconductors, has emerged as a compelling approach for realizing versatile and high-performance electronic-photonic system-on-chip (SoC) integration. This review provides a comprehensive overview of recent advances in LiNbO3 and LiTaO3 heterogeneous integration, with a focus on bonding techniques, including plasma-activated bonding, surface-activated bonding, and adhesive bonding. Key aspects, including interfacial properties, bond strength optimization, and the quality of transferred films, are critically examined. The paper also highlights the wide-ranging applications enabled by these integrated platforms, spanning electro-optical modulators, photonic integrated circuits, RF filters, and infrared detectors. Finally, the review discusses ongoing challenges in large-scale fabrication, material compatibility, and thin-film transfer processes, which are pivotal for the continued evolution of LiNbO3 or LiTaO3 hybrid systems. This work aims to offer a thorough understanding of integration technologies and their potential to drive the next generation of optoelectronic and photonic devices. © 2026 Elsevier Ltd","Bond strength (materials); Electrooptical devices; Hybrid materials; Integrated optics; Integration; Lithium; Optical signal processing; Photonic devices; Photonic integration technology; Silicon carbide; Silicon photonics; Silicon wafers; Tantalum compounds; Thin film circuits; Thin films; Electrooptical modulators; Heterogeneous integration; LiNbO 3; LiTaO 3; Lithium niobate; Lithium tantalate; Photonic integrations; Piezoelectric; RF filters; Thin-films; Infrared detectors; Lithium tantalate; Wafer bonding","Review","Final","","Scopus","2-s2.0-105045150277"
"Promsuwan K.; Saichanapan J.; Soleh A.; Saisahas K.; Samoson K.; Limbut W.","Promsuwan, Kiattisak (57193513075); Saichanapan, Jenjira (57214779518); Soleh, Asamee (57211924150); Saisahas, Kasrin (57220023861); Samoson, Kritsada (57211376660); Limbut, Warakorn (12770668800)","57193513075; 57214779518; 57211924150; 57220023861; 57211376660; 12770668800","One-drop electrosynthesis of 3D Prussian blue analog@PEDOT on flexible porous graphene for portable NFC-enabled hydrogen peroxide determination in human semen","2026","Analytica Chimica Acta","1423","","346189","","","0","10.1016/j.aca.2026.346189","https://www.scopus.com/pages/publications/105048793418?origin=resultslist","Hydrogen peroxide (H2O2) is a relatively stable reactive oxygen species and an important biomarker of oxidative stress in human semen. Elevated H2O2 levels have been associated with impaired sperm function and male infertility. Therefore, the accurate determination of total H2O2 levels in semen is valuable for assessing semen oxidative status. In this work, a cost-effective and sensitive electrochemical sensing platform was developed for the determination of total H2O2 in human semen. A lab-made flexible porous graphene electrode was modified with a three-dimensional poly(3,4-ethylenedioxythiophene) film embedded with Prussian blue analog (3D PBA@PEDOT/F-PGE). The 3D PBA@PEDOT/F-PGE transducer was fabricated via a one-step electrodeposition process, providing high electrical conductivity, low charge-transfer resistance, excellent structural integrity, and stable electrocatalytic activity toward H2O2 reduction. The transducer exhibited a linear detection range from 0.50 μM to 6.0 mM, a sensitivity of 390 μA mM−1 cm−2, and a detection limit of 0.18 μM. The transducer was further integrated with a paper-based microfluidic device and a battery-free near-field communication (NFC) potentiostat to construct a portable electrochemical sensing platform capable of determining H2O2 over a concentration range of 1.0 μM to 4.0 mM with good precision and long-term stability. The smartphone-controlled sensing platform was successfully applied to the determination of total H2O2 levels in human semen samples, providing a convenient approach for assessing semen oxidative status. This platform shows considerable potential for point-of-care monitoring of oxidative stress associated with male reproductive health and for future applications in portable electrochemical sensing technologies. © 2026 Elsevier B.V.","Charge transfer; Chemical detection; Cost effectiveness; Electrochemical electrodes; Electrochemical sensors; Hydrogen peroxide; Oxidation; Transducers; ferric ferrocyanide; graphene; hydrogen peroxide; nanoparticle; poly 3,4 ethylenedioxythiophene; polymer; unclassified drug; Electrochemical sensing; Electrochemicals; H 2O 2; Near-field communication; Near-field communication-electrochemical sensor; Oxidative status; PEDOT; Porous graphene; Prussian blue analogues; Sensing platforms; Article; attenuated total reflectance Fourier transform infrared spectroscopy; centrifugation; cost effectiveness analysis; cyclic voltammetry; electric conductivity; electrocatalysis; electrochemical analysis; electrodeposition; electropolymerization; electrosynthesis; energy dispersive X ray spectroscopy; human; male; near field communication; oxidative stress; polymerization; scanning electron microscopy; sperm; transmission electron microscopy; wireless communication; Near field communication; Oxidative stress","Article","Final","","Scopus","2-s2.0-105048793418"
"Zhang S.; Zhu S.; Tian S.; Zhang L.; Chen C.; Xiao K.; Mo W.; Hou S.; Zhang Y.; Wen Y.; Tan Y.; Zhang K.; Han J.; Liu C.; He J.; Tang W.; Wang J.; Li G.; Zhang K.; Wang L.; Chen X.","Zhang, Shi (57543446400); Zhu, Shuguang (59658594000); Tian, Shijian (57298073900); Zhang, Libo (57211153970); Chen, Cheng (57219031594); Xiao, Kening (57224357511); Mo, Wenqi (59511204000); Hou, Shicong (59437274900); Zhang, Yunduo (59161225600); Wen, Yuanfeng (59157023400); Tan, Yiran (59511573100); Zhang, Kaixuan (57222183407); Han, Jiayue (57202791656); Liu, Changlong (55081067000); He, Jiale (57189391630); Tang, Weiwei (56470103700); Wang, Jun (56332989800); Li, Guanhai (55084943600); Zhang, Kai (57201512823); Wang, Lin (57215075099); Chen, Xiaoshuang (9241082400)","57543446400; 59658594000; 57298073900; 57211153970; 57219031594; 57224357511; 59511204000; 59437274900; 59161225600; 59157023400; 59511573100; 57222183407; 57202791656; 55081067000; 57189391630; 56470103700; 56332989800; 55084943600; 57201512823; 57215075099; 9241082400","Polarization-sensitive neuromorphic vision sensing enabled by pristine black arsenic-phosphorus","2026","Light: Science and Applications","15","1","100","","","9","10.1038/s41377-025-02125-0","https://www.scopus.com/pages/publications/105029077957?origin=resultslist","Polarization-sensitive neuromorphic vision sensing excels in distinguishing light polarization states, offering intrinsic advantages in reducing glare and enhancing visual clarity in complex lighting environments, enabling advanced applications in autonomous driving, optical communication, and bioinspired imaging across the visible-to-infrared spectrum. Here, we present a polarization-sensitive neuromorphic phototransistor based on a high-quality, intrinsically anisotropic two-dimensional black arsenic-phosphorus nanosheet, which exhibits exceptional optoelectronic performance with a peak responsivity of 2.88 A W-1, a polarization ratio of 4.7 and a dynamic range of 40 dB within the near-infrared communication band. Through multidimensional input control, including polarization and gate voltage, the phototransistor successfully simulates synaptic behaviors analogous to human neural responses to visual stimuli, with paired-pulse facilitation values reaching 201%. Critically, the device demonstrates gate-tunable short-term plasticity, with optical persistence triggering stable long-term plasticity states that underpin memory consolidation. The neuromorphic properties enable the development of a hybrid optical-electronic neural network which achieves a classification accuracy of over 90% on the Fashion-MNIST dataset and a reconstruction accuracy of 71.38% using data from the Yale Face Database under 0º linear polarization. We demonstrate a polarization-resolved imaging approach utilizing the black arsenic-phosphorus phototransistor to reconstruct hidden targets with high fidelity through Stokes parameter extraction and degree of linear polarization mapping, revealing intricate polarization features invisible to conventional imaging systems. Our work establishes a foundational platform for high-performance neuromorphic vision systems with integrated polarization imaging, computation, and communication functionalities, addressing critical challenges in scalable brain-inspired optoelectronic technologies. © The Author(s) 2026.","Arsenic; Black Phosphorus; Brain; Computer vision; Light polarization; Lighting; Neural networks; Optical communication; Optoelectronic devices; Phosphorus; Plasticity; Excel; Lighting environment; Neuromorphic; Neuromorphic visions; Optical-; Performance; Polarization sensitive; Polarization state; Vision sensing; Visual clarities; Infrared devices","Article","Final","All Open Access; Gold Open Access; Green Open Access","Scopus","2-s2.0-105029077957"
"Zhao R.; Zhang Y.; Guo W.; Liu W.; Zhao L.; Tian X.; Zeng Y.; An L.; Wang A.; Xu Q.; Sun H.","Zhao, Ruomei (57218196044); Zhang, Yanling (55674547700); Guo, Weimin (55674479000); Liu, Wei (60896064500); Zhao, Long (60896245000); Tian, Xiaoyuan (60895881500); Zeng, Yelu (60896988100); An, Lulu (57223282177); Wang, Aiguo (56175476700); Xu, Qiang (58779727500); Sun, Hong (55729299200)","57218196044; 55674547700; 55674479000; 60896064500; 60896245000; 60895881500; 60896988100; 57223282177; 56175476700; 58779727500; 55729299200","Transfer learning integrated with SCOPE model for maize yield prediction based on spectral data for different spatial scales","2027","Computers and Electronics in Agriculture","256","","112381","","","0","10.1016/j.compag.2026.112381","https://www.scopus.com/pages/publications/105050657806?origin=resultslist","Maize yield prediction based on remote sensing technology has potential to improve agricultural smart management efficiency and optimize resource use. This paper proposes a transfer learning-based yield prediction method integrating soil canopy observation, photosynthesis and energy fluxes (SCOPE) model. It pretrains a long short-term memory network for leaf chlorophyll content (LCC) prediction with spectral datasets simulated by the SCOPE model, then fine-tunes the pretrained model using ground and UAV-measured spectral data to transfer prior knowledge of LCC for maize yield prediction. Results showed that simulated spectra, ground and UAV spectra showed close relation with LCC at green and red edge regions, and same regions were also highly correlated with yield. Compared with raw spectra, maximum correlation coefficients between the features extracted from proposed model and yield improved from −0.59 to −0.84 at ground scale, and 0.58 to 0.89 at UAV scale. Pretrained model of LCC prediction based on simulated spectra obtained coefficient of determination in the prediction set (RP2) of 0.97. The model was fine-tuned for the actual measured LCC prediction task, achieving RP2 of 0.84 and 0.83 at ground and UAV scales, respectively. The method also exhibited favorable predictive performance for yield, with RP2 values reaching 0.86 and 0.84 at ground and UAV scales. This study develops a maize yield prediction framework integrating the SCOPE model and transfer learning to improve prediction accuracy across multiple spatial scales. © 2026","Data communication systems; Forecasting; Grain (agricultural product); Learning systems; Prediction models; Remote sensing; Transfer learning; Unmanned aerial vehicles (UAV); Crop yield; Energy flux model; Leaf chlorophyll content; LSTM; Maize yield; Multiple scale; Prediction-based; Soil canopy observation, photosynthesis and energy flux model; Transfer learning; Yield prediction; agricultural modeling; chlorophyll; crop yield; machine learning; maize; photosynthesis; prediction; remote sensing; scale effect; spectral analysis; unmanned vehicle; Long short-term memory","Article","Final","","Scopus","2-s2.0-105050657806"
"Liu W.; Zhang Q.; Jiang Y.; Wang W.; He Q.","Liu, Wenliang (57214323455); Zhang, Qiming (60697373300); Jiang, Youwei (58897037200); Wang, Wu (57204772167); He, Quanguo (7402118331)","57214323455; 60697373300; 58897037200; 57204772167; 7402118331","Smart packaging-integrated sensors and wireless communication technologies for monitoring spoilage in cold chain foods","2026","Future Foods","14","","101094","","","0","10.1016/j.fufo.2026.101094","https://www.scopus.com/pages/publications/105042244283?origin=resultslist","Cold chain logistics can provide a low-temperature environment to inhibit microbial growth and slow down quality deterioration, it fails to fully inhibit food spoilage. Freshness detection of cold chain food, a crucial link connecting production, circulation, and consumption, relies on rapid detection technologies targeting characteristic spoilage markers to enable timely identification of deterioration. In this review, we not only comprehensively summarize high-performance sensors integrated into smart packaging and their detection mechanisms, but also systematically outline recent advances in wireless communication technologies to realize full-life-cycle traceability of cold chain food, addressing the research gap that existing reviews lack systematic integration of sensing and communication technologies. Notably, we establish a rational design framework for sensors with enhanced specificity and responsiveness by elucidating the thermodynamic and kinetic principles regulating sensor-spoilage biomarker interactions, explicitly linking theoretical mechanisms to practical sensor performance and design optimization. We also supplement performance benchmarking of different technologies and discuss their limitations, scalability, and real-world implementation challenges. We anticipate this work will facilitate the application of sensor technologies in smart packaging and food quality assessment, thereby propelling technological advancement in the entire cold chain industry. © 2026 The Author(s).","","Review","Final","All Open Access; Gold Open Access","Scopus","2-s2.0-105042244283"
"Cao X.; Yang H.; Wang M.; Hu Z.-G.; Wu Z.-L.; Wang Y.; Liu J.-F.; Zhou X.; Li J.; Lao C.; Yang Q.-F.; Li B.-B.","Cao, Xuening (57546756700); Yang, Hao (57881865300); Wang, Min (59880550700); Hu, Zhi-Gang (57545981900); Wu, Zu-Lei (59211736400); Wang, Yuanlei (58959017400); Liu, Jian-Fei (58966900000); Zhou, Xin (59213864400); Li, Jincheng (57313803500); Lao, Chenghao (57383612900); Yang, Qi-Fan (56937330200); Li, Bei-Bei (35748795400)","57546756700; 57881865300; 59880550700; 57545981900; 59211736400; 58959017400; 58966900000; 59213864400; 57313803500; 57383612900; 56937330200; 35748795400","Integrated optomechanical ultrasonic sensors with nano-Pascal-level sensitivity","2026","Light: Science and Applications","15","1","171","","","2","10.1038/s41377-026-02238-0","https://www.scopus.com/pages/publications/105033829633?origin=resultslist","Ultrasonic sensors are widely used for object detection and localization in underwater and biological settings. The operational range and spatial resolution are inherently limited by sensor sensitivity, in which conventional piezoelectric transducers have been overwhelmed by advanced photonic sensors. Here, we demonstrate an optomechanical ultrasonic sensor integrated into a photonic platform, which comprises a suspended SiO2 membrane embedded with a high-Q Si3N4 microring resonator. By exploiting simultaneous optical and mechanical resonances, the sensor achieves a record low noise-equivalent pressure (NEP) of 218 nPa Hz−1/2 at 289 kHz in air and 9.6 nPa Hz−1/2 at 52 kHz in water. We demonstrate its versatility through photoacoustic gas spectroscopy in air and underwater ultrasound imaging, achieving a minimum detectable C2H2 concentration of 2.9 ppm (integration time 1 s) and an imaging resolution of 1.89 mm, respectively. Our work represents a significant advancement in compact CMOS-compatible ultrasound sensing, unlocking new possibilities in biomedical imaging, environmental monitoring, industrial testing, and underwater communications. © The Author(s) 2026.","Medical imaging; Object detection; Object recognition; Optomechanics; Ultrasonic imaging; Ultrasonic testing; Underwater acoustics; Underwater imaging; Biological settings; Object detection and localizations; Operational range; Optomechanical; Photonic sensors; Piezoelectric; Range resolution; Sensor sensitivity; SiO 2; Spatial resolution; Image resolution","Article","Final","All Open Access; Gold Open Access; Green Open Access","Scopus","2-s2.0-105033829633"
"Liu B.; Chen D.; Wang J.; Lu H.; Jin J.","Liu, Boyuan (60850819700); Chen, Danyang (56927031600); Wang, Jianping (56023477100); Lu, Huimin (55729802300); Jin, Jianli (57201339796)","60850819700; 56927031600; 56023477100; 55729802300; 57201339796","Adaptive O-ISAC free space optical communication system via perfect-vortex-derived ring-spot polygonal modulation","2026","Optics Communications","621","","133709","","","0","10.1016/j.optcom.2026.133709","https://www.scopus.com/pages/publications/105049984912?origin=resultslist","In free space optical (FSO) communication systems, atmospheric-turbulence-induced wavefront distortion and intensity scintillation degrade the reliability and capacity of spatial mode multiplexing. To improve transmission robustness while avoiding the spectral overhead of conventional channel probing, this paper proposes an adaptive optical integrated sensing and communication (O-ISAC) transmission system based on perfect-vortex-derived ring-spot polygonal modulation (PV-RSPM). First, a quasi-Dirichlet focusing mechanism reconstructs the continuous vortex phase into discrete polygonal ring spots, improving the geometric stability of the transmitted light field. On this basis, a multi-dimensional constellation mapping scheme supports hierarchical transmission modes under different turbulence conditions. Second, a joint O-ISAC receiver, termed the feature-decoupled integrated sensing and communication network (FD-ISAC-Net), extracts global geometric features for communication demodulation and local distortion-sensitive features for turbulence sensing from a single distorted intensity image. A two-stage differential training strategy, incorporating a soft-ordinal loss with physical inclusion constraints, is further introduced to alleviate feature conflicts between the communication and sensing tasks. Finally, a sliding-window majority-voting protocol is incorporated into the closed-loop adaptive transmission system to stabilize mode switching under time-varying turbulence. Simulation results show that FD-ISAC-Net achieves overall sensing accuracies of 89.48%–93.37%, core region accuracies of 93.75%–97.05%, and no cross-level misclassification. Under continuously time-varying turbulence channels, the proposed system adaptively balances transmission throughput and link reliability and achieves peak signal-to-noise ratio (PSNR) values of 34.14–46.55 dB for end-to-end recovered images. © 2026 Elsevier B.V.","Adaptive optics; Adaptive transmission; Atmospheric turbulence; Electric power transmission; Finite difference method; Learning systems; Light transmission; Multi-task learning; Optical communication; Optical signal processing; Optical variables measurement; Photonic integration technology; Feature-decoupled multi-task learning; Free Space Optical communication; Free space optical communication systems; Free-space optical communications systems; Integrated sensing; Multitask learning; Optical integrated sensing and communication; Optical-; Perfect-vortex-derived ring-spot polygonal modulation; Sensing networks; Signal to noise ratio","Article","Final","","Scopus","2-s2.0-105049984912"
"Hansen J.E.; Cuttler M.V.W.; Lowe R.J.; Young I.; Ierodiaconou D.; Hatcher M.; Boldaji S.","Hansen, Jeff E. (36150021500); Cuttler, Michael V.W. (57192692677); Lowe, Ryan J. (9844801400); Young, Ian (7402362564); Ierodiaconou, Daniel (6506897990); Hatcher, Matt (55763819600); Boldaji, Sohrab (58614526600)","36150021500; 57192692677; 9844801400; 7402362564; 6506897990; 55763819600; 58614526600","Spectral and time-domain comparison of GNSS and accelerometer wave buoys","2026","Coastal Engineering","211","","105049","","","3","10.1016/j.coastaleng.2026.105049","https://www.scopus.com/pages/publications/105040993252?origin=resultslist","A comparison of spectral and time-domain wave observations collected by accelerometer-based Datawell Waverider and Global Navigation Satellite System (GNSS) based Sofar Spotter wave buoys is presented over nearly 24,000 h at two sites in the Southern and Indian oceans. All buoy data were processed consistently using the raw displacement time series. Across integrated wave parameters derived from the spectrum, the observations show good agreement; however, based on the computed bias, the Spotter wave heights were slightly smaller at the Southern Ocean site (Datawell Waverider 4) and slightly larger at the Indian Ocean site (Datawell Waverider MkIII). The Waverider buoys showed more energy at frequencies higher than the peak and less at frequencies lower than the peak. The high and low-frequency ends of the spectrum also had different spectral shapes, reflecting the different band-pass filtering methods completed on-board each buoy. The Spotter buoys also consistently reported broader directional spreading. In the time domain, comparison of the significant wave height and mean period is similar to that of the spectral comparison. The Spotter buoys more frequently reported large (unphysical) zero-crossing individual wave heights. This behavior was able to be reproduced when the buoy was momentarily submerged, causing loss of the GNSS satellite signal. Similar to other studies, we also found that at both sites, the Waverider buoys recorded horizontal displacements larger than those recorded by the Spotter and expected by linear theory. Across our complete analysis, the two buoy types reported similar integrated statistics; however, differences emerged when assessing higher-order parameters. © 2026 The Authors.","Bandpass filters; Communication satellites; Global positioning system; Oceanography; Remote sensing; Spectrum analysis; Time domain analysis; Water waves; Datawell waverider; Global Navigation Satellite Systems; Indian ocean; Sofar spotter; Southern ocean; Spectral comparison; Spectral domains; Time-domain comparisons; Wave buoys; Wave-riders; accelerometer; buoy system; comparative study; GNSS; spectral analysis; time domain reflectometry; Accelerometers; Buoys","Article","Final","All Open Access; Hybrid Gold Open Access","Scopus","2-s2.0-105040993252"
"Zuo L.; Zheng B.; Niu X.; Jing S.; Huang J.; Zhang M.","Zuo, Lulan (60776098400); Zheng, Botao (60798485500); Niu, Xiaolin (59707132400); Jing, Shaowen (58519177500); Huang, Jiayu (60078371600); Zhang, Mingkun (57956495000)","60776098400; 60798485500; 59707132400; 58519177500; 60078371600; 57956495000","ISAC-native communication risk field routing for safety-critical 6G vehicular networks","2027","Ad Hoc Networks","194","","104391","","","0","10.1016/j.adhoc.2026.104391","https://www.scopus.com/pages/publications/105047837222?origin=resultslist","Safety-critical Internet of Vehicles (IoV) routing is still largely optimized with topology-centric indicators, such as geographic progress, link quality, hop count, and average delay. This abstraction is increasingly fragile in 6G vehicular networks, where ISAC-assisted environmental sensing can expose non-line-of-sight blockage and mobility states before forwarding, MAC and communication measurements can reveal resource contention and link reliability, and the application layer provides residual-deadline information. This paper proposes an ISAC-native communication risk-field routing framework for safety-critical V2X messages. It maps sensing, mobility, and resource observations into a time-varying risk field, assigns each message a residual risk budget, filters unsafe actions through a safety shield, and ranks feasible relays with a risk-field-guided deep Q-network. The analysis establishes probabilistic route-feasibility guarantees under calibrated risk estimates, proves safe dominated-action elimination, and derives bounded local complexity. Experiments across five vehicular scenarios using four recent mechanism-aligned baselines show that the proposed risk-field methods are particularly effective. In the NLOS case, the deterministic risk-field policy achieves a 0.559 deadline ratio, outperforming SERM, CRDRL, LAERS, and RORA. Safe DQN further reduces blockage-induced failures in all scenarios while preserving competitive deadline delivery under sensing uncertainty and mobility variation conditions. © 2026 Elsevier B.V. All rights are reserved, including those for text and data mining, AI training, and similar technologies.","Abstracting; Deep learning; Network layers; Network routing; Response time (computer systems); Risk assessment; Risk perception; Safety engineering; 6g vehicular network; Geographics; Integrated sensing; Integrated sensing and communication; Internet of vehicle; Reinforcement learnings; Routings; Safety-critical message; V2X routing; Vehicular networks; Budget control","Article","Final","","Scopus","2-s2.0-105047837222"
"Ahmed S.; Riaz M.Z.; Anwar S.; Jamil M.; Luo J.; Lin M.; Ouyang Z.","Ahmed, Shakeel (58868217600); Riaz, Muhammad Zeeshan (59520498600); Anwar, Saad (59149581500); Jamil, Maryam (57450267300); Luo, Juncong (60623594000); Lin, Mi (55901720100); Ouyang, Zhengbiao (7006468841)","58868217600; 59520498600; 59149581500; 57450267300; 60623594000; 55901720100; 7006468841","Ultrasensitive topological interface modes for refractive index sensing via all-dielectric one-dimensional photonic crystals","2026","Scientific Reports","16","1","16979","","","0","10.1038/s41598-026-47618-z","https://www.scopus.com/pages/publications/105040698863?origin=resultslist","Topological interface modes (TIMs) are robust, localized states that emerge at the interface between two topologically distinct materials. In this work, the TIMs are studied in a broader frequency spectrum for both TE and TM polarizations using all-dielectric photonic crystal (PC) layers of Si and SiO2 in a one-dimensional setting, focusing on their localization, tunability, and robustness. By using the novel phase gradient cancellation (PGC) strategy we combine the two centrosymmetric PCs, P and Q, with the same optical thickness but different topological properties, and achieve highly localized TIMs in the working wavelength window around 1548.6 nm using two distinct odd gaps indicated as Gap-1 and Gap-2. Further extending the proposed design to two schemes for defecting the interface region, i.e., by inserting the defect layer directly at the interface, keeping the two PCs intact, and by removing the terminal layers from the interface of adjacent PCs we achieve highly tunable topological defect modes (TDMs) within the topological operating region. The refractive index (RI) sensing by using these two schemes demonstrate the superior performance under ideal conditions defined by the parameters such as the sensitivity (for the best values) of 397.7 THz/RIU or 3179.56 nm/RIU, the ultra-high-quality factor (Q) of 7.24⤫109, ultra-low detection limit (DL) of 7.6⤫10− 11 RIU, and a high figure of merit (FOM) of 1.32 ⤫109 RIU− 1. When realistic material absorption and interface roughness (σ = 0–3 nm, Nevot-Croce model) are incorporated, these metrics represent Q ~ 10⁶, DL ~ 10⁻⁷ RIU, and FOM ~ 10⁷ RIU⁻¹, consistent with experimental demonstrations in comparable Si/SiO2 structures. This work not only enriches the understanding of TIM phenomena but also paves the way to realize multifunctional and high-performance devices in biomedical applications, optical communications, and integrated photonics. © The Author(s) 2026.","silicon dioxide; absorption; article; benchmarking; controlled study; limit of detection; photonics; polarization; refraction index; refractometry; thickness","Article","Final","All Open Access; Gold Open Access; Green Open Access","Scopus","2-s2.0-105040698863"
"Bernadotte A.","Bernadotte, Alexandra (56153014900)","56153014900","VeNet: a lightweight neural network for efficient brain vessel segmentation in endovascular robotic surgery","2026","Scientific Reports","16","1","24566","","","0","10.1038/s41598-026-54176-x","https://www.scopus.com/pages/publications/105046741684?origin=resultslist","Telesurgery integrates artificial intelligence (AI), robotic systems, sensing technologies, and wireless communication to enable remote and computer-assisted surgical interventions. Beyond remote operation, AI-driven assistance can improve procedural stability and consistency by supporting motion smoothing, tremor reduction, event detection, and workflow guidance. Achieving these capabilities requires accurate, patient-specific anatomical models derived from limited medical imaging data, together with data-efficient and computationally lightweight algorithms suitable for near-real-time use. Robotic endovascular surgery presents additional challenges due to the complex topology of the cerebral vasculature and the limited availability of high-quality annotated imaging datasets. Current vessel segmentation pipelines often rely on manual annotation or classical vesselness filters, while deep learning approaches typically require large annotated datasets and substantial computational resources, limiting their applicability in resource-constrained or real-time settings. Here, we present VeNet, a lightweight neural network designed for three-dimensional segmentation of tubular structures such as blood vessels. VeNet employs a matrix-based operator and contains approximately 6,000 trainable parameters, enabling efficient training and inference on standard CPU hardware. The model demonstrates robust segmentation performance in low-data regimes, making it suitable for scenarios where extensive manual annotation is impractical. Using VeNet, we generated a large, semi-automatically annotated brain vessel magnetic resonance angiography dataset derived from the IXI cohort, with subsequent expert review. Together, VeNet and the accompanying dataset provide a resource-efficient foundation for vascular segmentation and simulation workflows. The model has been integrated into a robotic endovascular research platform with haptic feedback to support patient-specific vascular reconstruction and interactive simulation. © The Author(s) 2026.","Algorithms; Brain; Endovascular Procedures; Humans; Imaging, Three-Dimensional; Neural Networks, Computer; Robotic Surgical Procedures; algorithm; artificial neural network; brain; diagnostic imaging; endovascular surgery; human; procedures; robot assisted surgery; surgery; three-dimensional imaging; vascularization","Article","Final","All Open Access; Gold Open Access; Green Open Access","Scopus","2-s2.0-105046741684"
"Liu J.; Qin W.; Wu H.; Shi Y.; Duan L.; Yao G.; Liu Z.; Hu X.; Bi Y.; Jing T.; Zhang W.","Liu, Jiaming (57490091600); Qin, Weiwei (57188835693); Wu, Haoyi (35073339000); Shi, Yunfei (60382514500); Duan, Liangxin (60382281500); Yao, Gang (60518503500); Liu, Zhiyuan (57899006900); Hu, Xuefeng (57199989793); Bi, Yali (57204423123); Jing, Tingting (57204952143); Zhang, Wei (56783210200)","57490091600; 57188835693; 35073339000; 60382514500; 60382281500; 60518503500; 57899006900; 57199989793; 57204423123; 57204952143; 56783210200","A biomimetic electronic nose for real-time monitoring of herbivore-induced plant volatiles and decoding interplant signaling","2026","Sensors and Actuators B: Chemical","466","","140308","","","0","10.1016/j.snb.2026.140308","https://www.scopus.com/pages/publications/105041357349?origin=resultslist","Real-time in situ monitoring of herbivore-induced plant volatiles (HIPVs) remains a major technological challenge for early pest detection and precision crop protection. In this study, we developed a biomimetic electronic nose (E-nose) platform integrating a customized metal-oxide semiconductor sensor array, a stabilized airflow control module, and machine-learning-based pattern recognition algorithms. Using the economically important tea plant–tea geometrid system ( Camellia sinensis – Ectropis obliqua ) as a model, the proposed E-nose platform enabled dynamic monitoring of HIPV emissions under real-time conditions. The system achieved 100% classification accuracy in distinguishing healthy plants, herbivore-infested plants, and HIPV-exposed neighboring plants, demonstrating high reliability for in situ plant stress detection. In addition, multi-omics analyses were performed to validate the sensing results, linking sensor response patterns to the activation of internal defense pathways and identifying five major airborne HIPV signaling compounds. This integrated sensing and biological validation framework provides a robust tool for studying plant–plant communication and demonstrates the potential of E-nose technology for real-time, field-deployable pest monitoring systems in smart agriculture. Copyright © 2026. Published by Elsevier B.V.","Activation analysis; Biomimetics; Crop protection; Electronic nose; Metabolites; Oxide semiconductors; Pattern recognition systems; Pest control; Plant diseases; Plants (botany); Sensory aids; Signaling; Biomimetic electronic nose; Herbivore-induced plant volatile; Interplant signaling; Metabolite–protein network; Plant systemic resistance activation; Plant volatiles; Protein network; Real- time; Signalling pathways; Systemic resistance; Chemical activation","Article","Final","","Scopus","2-s2.0-105041357349"
"Han T.; Zhang Y.; Temiz M.; Kaplan O.","Han, Tianle (59379290100); Zhang, Yongwei (60680859800); Temiz, Murat (57193847261); Kaplan, Orhan (16070230100)","59379290100; 60680859800; 57193847261; 16070230100","Deep learning-based hybrid beamformer design for millimeter-wave integrated sensing and communication systems","2026","Journal on Advances in Signal Processing","2026","1","41","","","0","10.1186/s13634-026-01310-6","https://www.scopus.com/pages/publications/105037450704?origin=resultslist","Integrated sensing and communication (ISAC) systems have emerged as a key enabler for next-generation wireless networks, yet the joint optimization of communication and sensing remains a fundamental challenge. In this work, we propose a deep learning-based (DL-based) hybrid beamforming framework that adaptively balances communication sum rate and sensing accuracy for ISAC systems. An optimization strategy is established to dynamically perform resource allocation and joint optimization across both tasks. To further enhance efficiency, we develop a DL-based hybrid beamforming architecture to ensure user fairness in communications while achieving high sensing accuracy. Simulation results demonstrate that the proposed approach achieves a high accuracy in beam synthesis, improved sidelobe suppression, and enhanced trade-offs between communication and sensing. In contrast to conventional optimization-based beamforming methods, the proposed method achieves these gains with lower computational complexity and provides adaptability to dynamic environments. © The Author(s) 2026.","Beamforming; Cost effectiveness; Learning systems; Millimeter waves; Optimization; Communications systems; Deep learning; Hybrid beamformer; Hybrid beamforming; Integrated sensing; Integrated sensing and communication; Joint optimization; Precoding; Sensing accuracy; Sensing systems; Deep learning; Economic and social effects","Article","Final","All Open Access; Green Open Access; Hybrid Gold Open Access","Scopus","2-s2.0-105037450704"
"Li S.; Tang G.; Li H.; Yang Y.; Wang J.; Song Z.; Ju L.; Li J.; Li S.; Zhu N.","Li, Shusong (59559378100); Tang, Guopeng (57605177600); Li, Honghui (60415296300); Yang, Yifeng (60745713400); Wang, Jiarun (60108114600); Song, Ziyang (60107152800); Ju, Lei (60107539800); Li, Jiabin (60106951800); Li, Shenglin (60745827700); Zhu, Na (60107351900)","59559378100; 57605177600; 60415296300; 60745713400; 60108114600; 60107152800; 60107539800; 60106951800; 60745827700; 60107351900","Biomimetic kangaroo leg structure and Fe3O4/PDMS composite enable high-performance flexible capacitive pressure sensor with decoupled magnetic and pressure signals","2026","Sensors and Actuators A: Physical","410","P1","118266","","","0","10.1016/j.sna.2026.118266","https://www.scopus.com/pages/publications/105045424513?origin=resultslist","Magnetic flexible capacitive pressure sensors have garnered significant research interest due to their potential applications in intelligent sensing. However, two major technical bottlenecks currently exist: weak interfacial bonding between the biomimetic microstructure and the magnetic material, and difficulty in accurately distinguishing cross-interference between magnetic stimulation and pressure signals. To address these issues, this study proposes an integrated solution. A kangaroo-inspired dielectric layer is fabricated using 3D printing technology, with precise control of printing parameters to enhance structural integrity. A gradient dispersion process optimizes the uniformity of Fe3O4 particle distribution in polydimethylsiloxane, while finite element simulations determine the optimal particle ratio and structural parameters. Interfacial bonding technology reduces interfacial stress concentration and increases interfacial bonding strength; and the effective distinction between magnetic stimulation and pressure signals is achieved based on the positive and negative differences in capacitance signals. Experimental results demonstrate excellent sensor performance, including a high sensitivity of 1.331 kPa⁻¹ , a wide range up to 380 kPa, and a response time of only 40 ms. The sensor shows practical value in scenarios such as Morse code information transmission and encrypted communication systems, providing a new technological path for wearable electronic devices and information security. © 2026 Elsevier B.V. All rights are reserved, including those for text and data mining, AI training, and similar technologies.","Biomimetic materials; Biomimetics; Composite materials; Data communication systems; Diffusion bonding; Electron devices; Ferrimagnetic materials; Flexible electronics; Signaling; Wearable computers; Wearable sensors; Biomimetic structures; Capacitive pressure sensors; Flexible pressure sensors; High sensitivity; Interfacial bonding; Magnetic composite materials; Magnetic pressure; Magnetic stimulation; Performance; Pressure signal; Capacitive sensors","Article","Final","","Scopus","2-s2.0-105045424513"
"Malisaba J.; Barah O.O.; Onep S.G.; Mushabe D.; Ninsiima E.","Malisaba, Joseph (60046477700); Barah, Obinna Onyebuchi (57212061548); Onep, Samuel George (58912879400); Mushabe, David (60783334600); Ninsiima, Emmanuel (57211042107)","60046477700; 57212061548; 58912879400; 60783334600; 57211042107","Solar-powered multi-contaminant detection for real-time water quality monitoring","2026","npj Clean Water","9","1","59","","","1","10.1038/s41545-026-00576-5","https://www.scopus.com/pages/publications/105046967050?origin=resultslist","Solar-powered Internet of Things (IoT) water-quality monitoring systems support real-time surveillance in off-grid environments, but evidence across sensing, power management, communication, and analytics remains fragmented. This review analysed 90 studies published between 2012 and 2025 that integrated sensing technologies, IoT architectures, and machine learning (ML) approaches. Over 80% of systems monitor physicochemical parameters such as pH, turbidity, temperature, electrical conductivity, and dissolved oxygen, while chemical contaminant detection appears in about 14% of studies and microbial monitoring in less than 10%. Typical photovoltaic capacities range from 10–50 W with 2–20 Ah batteries, yet fewer than 15% implement energy-aware sampling. LoRa/LoRaWAN dominates communication, and only 18% of systems use ML analytics. Limitations include fragmented sensing platforms, limited energy-adaptive design, and short deployments. A solar-centric co-design framework is proposed for scalable autonomous monitoring. © The Author(s) 2026.","Chemical detection; Environmental monitoring; Impurities; Internet of things; Learning systems; Pollution detection; Power management; Solar energy; Contaminant detection; Grid environments; Multi-contaminant; Off-grids; Real- time; Real-time surveillance; Solar-powered; Systems support; Water quality monitoring; Water quality monitoring systems; detection method; electrical conductivity; machine learning; monitoring system; solar power; water quality; Water quality","Review","Final","All Open Access; Gold Open Access","Scopus","2-s2.0-105046967050"
"Boldin A.; Daly U.J.; Milanizadeh M.; Alsaigh R.; Chen Z.; Miller D.A.B.; Morichetti F.; Lavery M.P.J.","Boldin, Aleksandr (57195683863); Daly, Ultan J. (57222231720); Milanizadeh, Maziyar (57195522534); Alsaigh, Rakan (57209501675); Chen, Zhaozhong (55617185200); Miller, David A. B. (7407284842); Morichetti, Francesco (8507142600); Lavery, Martin P. J. (36537174200)","57195683863; 57222231720; 57195522534; 57209501675; 55617185200; 7407284842; 8507142600; 36537174200","Reconfigurable free-space mode generation and detection enabled by an active photonic integrated circuit coupled to a passive mode-selective interface","2026","Communications Physics","9","1","133","","","1","10.1038/s42005-026-02522-w","https://www.scopus.com/pages/publications/105036196515?origin=resultslist","Optical mode-sorting and generation are used for a wide range of quantum, sensing and communication applications. High-speed switching between mode sets would allow photonics systems to react to changes in propagation channel in real time. Photonic-Integrated-Circuits (PICs) with phased arrays can rapidly reconfigure their function at MHz depending on installed modulators. As a reconfigurable photonic system, PIC can reconfigure significantly fast than spatial light modulators that are limited to less than 1 kHz. However, phased-arrays are bound by two-dimensional Nyquist-sampling limit and spacing between array elements leads to grating lobe formation, where many additional array elements are needed to mitigate these effects. We leverage a passive Multiple-Plane-Light-Converters (MPLC) as an Optical Mode-Selective Interface (OMSI), coupling a basis set of free-space Hermite Gaussian (HG) modes directly into an active optical mesh implemented on a PIC. The active mesh can generate or sort any free-space mode-set that can be created by a linear superposition of 15 HG modes. Without changing the physical system, we demonstrate the generation and sorting of four orthogonal mode groups, each with 15 modes, achieving a mean intermodal crosstalk for sorting of -22 dB. This approach can allow for rapidly reconfigurable mode-sorters that could be used for quantum or classical communications or sensing applications. © The Author(s) 2026.","Light modulation; Light modulators; Mesh generation; Optical communication; Optical systems; Photonic devices; Photonic integrated circuits; Photonic integration technology; Photonics; Reconfigurable hardware; Screening; Sorting; Array elements; Communication application; Free spaces; Optical modes; Phased-arrays; Photonic systems; Photonics Integrated Circuits; Reconfigurable; Selective interfaces; Sensing applications; Timing circuits","Article","Final","All Open Access; Gold Open Access; Green Open Access","Scopus","2-s2.0-105036196515"
"Morichetti F.","Morichetti, Francesco (8507142600)","8507142600","Bridging polarization generation and analysis on a photonic chip","2026","Light: Science and Applications","15","1","361","","","0","10.1038/s41377-026-02447-7","https://www.scopus.com/pages/publications/105048533468?origin=resultslist","Polarization is one of the most widely exploited degrees of freedom in photonics, yet controlling it within integrated circuits remains challenging. A reconfigurable silicon photonic circuit now combines polarization generation and analysis on a single chip, opening new opportunities for advanced communications, sensing, and optical information processing. © The Author(s) 2026.","","Note","Final","All Open Access; Gold Open Access; Green Open Access","Scopus","2-s2.0-105048533468"
"Tlidi M.; Clerc M.G.; Boccaletti S.","Tlidi, Mustapha (7004146100); Clerc, Marcel G. (7102736139); Boccaletti, Stefano (60527161700)","7004146100; 7102736139; 60527161700","Light confinement and frequency combs in nonlinear photonics","2026","Physics Reports","1201","","","1","56","0","10.1016/j.physrep.2026.07.005","https://www.scopus.com/pages/publications/105046864766?origin=resultslist","The advent of high-quality optical microresonators and integrated photonic technologies has established Kerr frequency combs as a versatile platform for both fundamental studies and practical applications in modern photonics. These combs arise from the interplay between optical nonlinearity, dispersion, coherent driving, and cavity dissipation, leading to the emergence of a rich variety of self-organized structures and nonlinear dynamical states. This review presents a comprehensive overview of dissipative solitons and frequency-comb generation in passive Kerr resonators within the framework of the Lugiato–Lefever equation and its various extensions. We show how the Lugiato–Lefever model provides a unified theoretical description of nonlinear phenomena ranging from modulation instability, Turing patterns, and front propagation to dissipative Kerr solitons, multi-soliton states, and optical frequency-comb formation. Particular attention is devoted to the fundamental mechanisms governing light confinement, nonlinear wave localization, and soliton stabilization in driven-dissipative optical cavities. We further examine the influence of additional physical effects that enrich the dynamics of Kerr resonators, including polarization coupling and vector dissipative solitons, Raman scattering and Raman–Kerr comb generation, spectral filtering, spatially inhomogeneous pumping, and delayed optical feedback.Beyond stationary dissipative Kerr solitons, commonly known as dissipative Kerr solitons, passive optical resonators support a wide spectrum of dynamical behaviors, including breathing and drifting solitons, oscillatory localized states, front-mediated dynamics, and fully developed spatiotemporal chaos. Particular attention is devoted to the characterization of these complex regimes through the tools of nonlinear dynamics and dynamical systems theory. In this context, Lyapunov spectra and the Kaplan–Yorke dimension provide powerful indicators for identifying chaotic attractors, quantifying the dimensionality of the dynamics, and distinguishing spatiotemporal chaos from other forms of irregular behavior. Their application reveals the coexistence of chaotic states with dissipative Kerr solitons and homogeneous steady solutions, emphasizing the intricate organization of the phase space of driven-dissipative optical systems. These findings illustrate the deep connections between pattern formation, self-organization, front propagation, symmetry breaking, and high-dimensional nonlinear dynamics in Kerr resonators. This review offers a unified framework for understanding the physical mechanisms governing Kerr frequency-comb generation and control. The rapid progress achieved in material platforms, microresonator design, and photonic integration continues to expand the accessible dynamical regimes and performance of frequency-comb sources. As a result, Kerr comb technologies are becoming increasingly important for a broad range of applications, including precision metrology, spectroscopy, coherent optical communications, microwave photonics, sensing, and emerging quantum information and quantum sensing technologies. © 2026 Elsevier B.V. All rights are reserved, including those for text and data mining, AI training, and similar technologies.","","Review","Final","","Scopus","2-s2.0-105046864766"
"Zhao Q.; Guo M.; Zhang M.; Huang L.; Zhou H.; Zhu T.; Yu C.; Peng G.-D.","Zhao, Qiancheng (57192938149); Guo, Mengting (57205201740); Zhang, Mengyao (58966025000); Huang, Ligang (55156747900); Zhou, Hailin (59368333400); Zhu, Tao (59703354900); Yu, Chunlei (9279602300); Peng, Gang-Ding (55534582900)","57192938149; 57205201740; 58966025000; 55156747900; 59368333400; 59703354900; 9279602300; 55534582900","Systematic study of spectral properties of bismuth-doped phosphosilicate fiber and broadband tunable lasing in O-band","2026","Optical Fiber Technology","102","","104770","","","0","10.1016/j.yofte.2026.104770","https://www.scopus.com/pages/publications/105047318881?origin=resultslist","The spectral performance of a homemade bismuth phosphosilicate fiber (BPSF) has been systematically investigated, with a focus on thermal treatment optimization, double-pass amplification characteristics, and acousto-optic tunable filter (AOTF)-based laser tuning. The optimal thermal treatment temperature for BAC-P is determined to be approximately 400 °C, yielding a 1.1-times enhancement in gain performance compared to the pristine fiber. Under a double-pass configuration, the amplifier achieves a high gain exceeding 25 dB. Benefiting from the broadband gain, the AOTF-based laser tuning system demonstrates fast (∼ 17500 nm/s), linear, and precise wavelength tuning across the 1300–1400 nm range. A rapid wavelength switching time of ∼ 400 μs further confirms the reconfigurability of the AOTF system. These results not only provide new insights into the nature of BAC-P but also offer practical pathways for the deployment of bismuth-doped fibers in a wide range of applications, including dynamic optical communication systems, reconfigurable WDM optical networks, integrated broadband photonic devices, and biomedical sensing. © 2026 Elsevier Inc.","Acoustooptical effects; Bismuth compounds; Broadband amplifiers; Fiber optic networks; Fibers; Laser optics; Laser tuning; Optical fiber communication; Photonic devices; Acousto-opticfiltering; Acoustooptic tunable filters (AOTF); Bismuth phosphosilicate fiber; Bismuth-doped; Filter-based; Phosphosilicate fibers; Spectral properties; Systematic study; Thermal; Tunable lasing; Heat treatment","Article","Final","","Scopus","2-s2.0-105047318881"
"Liu H.; Guo B.; Di M.; Zhang A.","Liu, Hanwen (60563256200); Guo, Bofeng (57212412478); Di, Mingwei (57216932326); Zhang, Anmin (59929765200)","60563256200; 57212412478; 57216932326; 59929765200","Real-time integrated sea surface height and wave monitoring using a GNSS buoy based on PPP-B2b service","2026","Applied Ocean Research","176","","105251","","","0","10.1016/j.apor.2026.105251","https://www.scopus.com/pages/publications/105050240006?origin=resultslist","High-precision real-time observation of sea surface height and wave parameters is essential for maritime safety, offshore engineering, disaster warning, and marine resource development. To overcome the high cost and operational complexity of in situ instruments and the limited spatiotemporal resolution of satellite remote sensing, this study proposes a global navigation satellite systems (GNSS) buoy method for integrated sea surface height and wave monitoring using the Beidou global navigation satellite system-3 (BDS-3) B2b service. Orbit, clock, and code bias corrections were used to build a dual-frequency ionosphere-free precise point positioning (PPP) model for precise buoy displacement estimation. Instantaneous sea surface elevation was derived from PPP-estimated buoy height after correcting for antenna geometry, buoy draft depth, and platform tilt, while wave parameters were retrieved using zero-crossing and spectral methods. Experiments included correction analysis, static and dynamic positioning tests, simulated wave tests, and a 24 h marine trial. In the marine experiment, the sea surface height root mean square error (RMSE) was 5.80 cm; significant wave height RMSEs were 3.72 and 4.33 cm; and average wave period RMSEs were 0.0916 and 0.0921 s for the zero-crossing and spectral methods, respectively. These results demonstrate the feasibility of integrated, real-time, and accurate sea surface height and wave monitoring with a PPP-B2b-based GNSS buoy. © 2026 The Authors","Communication satellites; Dynamic positioning; Marine biology; Marine navigation; Marine safety; Offshore oil well production; Orbits; Precision engineering; Radio navigation; Satellite antennas; Surface waters; Water waves; Global navigation satellite system buoy; Global Navigation Satellite Systems; Parameter retrieval; Precise point positioning; Precise point positioning-b2b; Sea surface height; Sea surface height monitoring; Sea surface waves; Wave parameter retrieval; Waves parameters; Buoys; Global positioning system","Article","Final","All Open Access; Gold Open Access","Scopus","2-s2.0-105050240006"
"Zhu J.; Wang P.; Dai Q.; Fan L.","Zhu, Jiakang (60611299100); Wang, Peng (59471236200); Dai, Qilin (23049492900); Fan, Libo (57209830892)","60611299100; 59471236200; 23049492900; 57209830892","A review of multiband photodetectors: From ultraviolet to infrared","2026","Materials Science in Semiconductor Processing","214","","110887","","","0","10.1016/j.mssp.2026.110887","https://www.scopus.com/pages/publications/105041392221?origin=resultslist","Photodetectors serve as core optoelectronic devices that convert optical signals into electrical signals, and they play an indispensable role in extensive fields such as optical communication, high-resolution imaging, precision sensing, national defense, and environmental monitoring. Although numerous existing review articles focus on limited spectral ranges or individual material systems, few efforts systematically summarize and compare the common challenges and cross-spectrum development opportunities of full-spectrum photodetectors covering ultraviolet, visible and infrared regions from a unified perspective. Centered on the core concept of multiband coordinated development, this review comprehensively summarizes the representative materials, device architectures, key performance indicators and diverse application scenarios for each spectral band, involving wide-bandgap semiconductors, perovskites, and two-dimensional materials. Beyond such comprehensive summary, this work further conducts an in-depth analysis of the universal cross-spectrum challenges restricting the advancement of photodetectors, including the standardization of performance evaluation systems, the compatibility of silicon-based integration technologies, the technical bottlenecks of large-area manufacturing, and overall economic accessibility. To address these critical issues, prospective strategies are proposed, including defect regulation engineering, heterogeneous structure integration, and integrated sensing and computing technologies. This review intends to provide a unique, challenge-driven and opportunity-oriented authoritative reference for the rational design, scalable fabrication and technological innovation of high-performance broad-spectrum photodetectors. It also delivers innovative insights to resolve the core obstacles that hinder the translational progress of photodetectors from laboratory research to practical commercial deployment. © 2026 Elsevier Ltd","Engineering research; Infrared radiation; Optical communication; Spectrum analysis; Wide band gap semiconductors; Cross spectrum; Electrical signal; Environmental Monitoring; High-resolution imaging; Multi band; National defence; Optical signals; Optical-; Optoelectronics devices; Spectral range; Photodetectors","Review","Final","","Scopus","2-s2.0-105041392221"
"Huang R.; Wang Y.; Zhao Z.; Lu X.; Ma X.; Yao L.; Liu B.; Wang S.","Huang, Ruizhi (60791875300); Wang, Yong (59296935400); Zhao, Ziting (60791751800); Lu, Xianyi (59296815700); Ma, Xiaosong (60406576300); Yao, Lei (59297179700); Liu, Baofang (60792122300); Wang, Shutao (55714642300)","60791875300; 59296935400; 60791751800; 59296815700; 60406576300; 59297179700; 60792122300; 55714642300","Evolution of narrow laser linewidth measurement techniques: short-delay and long-delay methods based on beat-frequency signals","2026","Optics and Laser Technology","204","","116152","","","0","10.1016/j.optlastec.2026.116152","https://www.scopus.com/pages/publications/105047335062?origin=resultslist","Laser linewidth is a core parameter characterizing laser coherence and frequency stability, which is critical for coherent optical communications, distributed fiber sensing, LiDAR, and quantum precision measurement. The conventional long-delay self-heterodyne method is mature but limited by bulky systems, high cost, and vulnerability to low-frequency 1/f noise. To address these drawbacks, short-delay techniques with delay lengths shorter than the laser coherence length have been rapidly developed, forming a new algorithm-driven measurement paradigm. This paper systematically reviews the evolution of narrow-linewidth laser measurement techniques, focusing on the comparison between classical long-delay self-heterodyne methods and emerging short-delay methods, including coherent envelope extraction, iterative demodulation, and advanced signal processing techniques. A delay-based self-heterodyne system is built for experimental verification. The illustrative experiments indicate the existence of an optimal delay range for short-delay schemes, and iterative demodulation shows superior noise suppression and stability over direct extremum extraction. This work establishes a unified framework linking intrinsic/Lorentzian/integrated linewidths to measurement paradigms, experimentally investigates the dependence of linewidth measurement performance on delay length, and quantitatively demonstrates that iterative demodulation exhibits greater robustness than the ADCCE method when the envelope is indistinct. The development trend from hardware-dependent long-delay architectures to algorithm-enhanced short-delay systems is highlighted, and future research directions are prospected. © 2026 Elsevier Ltd","Demodulation; Heterodyning; Iterative methods; Linewidth; Optical communication; Optical variables measurement; Spurious signal noise; Coherent envelope; Heterodyne method; Laser linewidth measurement; Long delays; Long-delay self-heterodyne method; Self-heterodyne; Short-delay self-heterodyne method; Shorter delays; Extraction","Review","Final","","Scopus","2-s2.0-105047335062"
"Valdez C.G.; Miller A.J.; Kroo A.R.; Roques-Carmes C.; Miller D.A.B.; Solgaard O.","Valdez, Carson G. (58061950700); Miller, Anna J. (60012529700); Kroo, Anne R. (57212605579); Roques-Carmes, Charles (57191907235); Miller, David A. B. (7407284842); Solgaard, Olav (7005609097)","58061950700; 60012529700; 57212605579; 57191907235; 7407284842; 7005609097","Integrated photonic polarization synthesizer and analyzer","2026","Light: Science and Applications","15","1","309","","","1","10.1038/s41377-026-02405-3","https://www.scopus.com/pages/publications/105044193144?origin=resultslist","Polarization-resolved control and measurement of optical fields are essential for a wide range of photonic systems, including coherent communication, polarimetric sensing, and quantum information processing. We present a photonic integrated circuit architecture that enables the generation and analysis of arbitrary polarization states. The device provides reconfigurable access to the full polarization degree of freedom of coherent light within a single integrated platform. We experimentally demonstrate arbitrary polarization state generation spanning the Poincaré sphere, as well as Stokes vector measurement on a chip. Unlike conventional Stokes measurements that rely on direct detection, the polarization state in this architecture is inferred from the phase settings required to interferometrically combine polarization-demultiplexed optical fields. As a result, the optical signal itself does not need to be detected or absorbed and remains available for subsequent optical-domain processing. The devices are fabricated in a commercial foundry using CMOS-compatible processes, enabling scalable and reproducible integration. By combining polarization generation and analysis in a compact and stable photonic circuit, this work eliminates the need for external polarization optics and provides a foundation for robust, polarization-enabled photonic integrated systems. © The Author(s) 2026.","Integrated optics; Light polarization; Optical communication; Optical systems; Photonic devices; Photonic integrated circuits; Photonic integration technology; Arbitrary polarization; Coherent communication; Control and measurement; Integrated photonics; Measurements of; Optical field; Photonic systems; Polarization analyzers; Polarization state; Polarization synthesizer; Quantum optics","Article","Final","All Open Access; Gold Open Access; Green Open Access","Scopus","2-s2.0-105044193144"
"Pu H.; Ye J.; Gan Z.; Deng J.; Du Y.; Lei Z.; Yan L.; Xie X.; Zou X.; Pan W.","Pu, Hualin (58314737200); Ye, Jia (55261501600); Gan, Zongxin (57702007700); Deng, Jiongbin (58020482600); Du, Yongtao (57959332300); Lei, Ziyi (60562536600); Yan, Lianshan (24777727100); Xie, Xiaojun (56226485900); Zou, Xihua (59664728900); Pan, Wei (7402219762)","58314737200; 55261501600; 57702007700; 58020482600; 57959332300; 60562536600; 24777727100; 56226485900; 59664728900; 7402219762","Dynamically reconfigurable multi-channel filters enabled by reflectivity-engineered Fabry–Pérot cavities","2026","Optics and Laser Technology","204","","116232","","","0","10.1016/j.optlastec.2026.116232","https://www.scopus.com/pages/publications/105047650569?origin=resultslist","Integrated photonic filters are key building blocks for classical optical communications, microwave photonics, and quantum photonics. Although multi-channel filters have been widely investigated, flexible control of the number of transmission channels remains limited by the absence of a unified theoretical framework and systematic experimental validation. In conventional structures such as microring resonators, reconfiguration typically affects all resonance channels simultaneously, making independent channel control difficult. Here, we propose an integrated Fabry–Pérot (FP) cavity filter that enables simultaneous tuning of both the number of transmission channels and their spectral positions. Inspired by traditional FP cavities used in passive sensing, we integrate the FP structure into an actively reconfigurable filter and engineer asymmetric mirror reflectivities to dynamically adjust the channel count. Waveguide Bragg gratings (WBGs) with excellent stopband characteristics serve as the cavity mirrors, with their reflectivities tuned via the thermo-optic effect. By setting both mirrors to high reflectivity or by setting one high and the other low, the resonance strength within the overlapping stopband can be flexibly controlled. As a proof of concept, we demonstrate dynamic switching among three-channel, two-channel, and single-channel states, with channel shifts of 10.34 nm, 10.77 nm, and 2.90 nm, respectively. The proposed architecture bridges a key gap in reconfigurable filter design and is fully compatible with standard fabrication processes, offering attractive scalability for large-scale photonic integration. © 2026 Elsevier Ltd","Bandpass filters; Bragg gratings; Cavity resonators; Fabry-Perot interferometers; Microwave filters; Microwave photonics; Mirrors; Optical communication; Optical filters; Optical resonators; Optical waveguides; Passive filters; Photonic devices; Photonic integration technology; Quantum optics; Reconfigurable architectures; Transmissions; Fabry-Perot cavity; Integrated photonics; Multichannel filters; Number of transmissions; Reconfigurable; Reconfigurable filters; Silicon photonics; Transmission channels; Tunable optical filters; Waveguide Bragg grating; Silicon photonics","Article","Final","","Scopus","2-s2.0-105047650569"
"Wang T.; Guo Z.; Fu Z.; Xu Z.; Niu B.; Wen G.; Li J.","Wang, Tian (60753922600); Guo, Zirui (57680081300); Fu, Ziyi (58963752900); Xu, Zhuowang (59517611000); Niu, Binghui (59855213500); Wen, Guilin (59830442400); Li, Jianmei (57189305388)","60753922600; 57680081300; 58963752900; 59517611000; 59855213500; 59830442400; 57189305388","Unified Geometric-Phase metasurface for tunable Dual-Band Full-Polarization Terahertz wavefront control","2026","Optics and Laser Technology","204","","116018","","","0","10.1016/j.optlastec.2026.116018","https://www.scopus.com/pages/publications/105045549298?origin=resultslist","Precise and simultaneous control of orthogonal polarization states across discrete spectral windows remains a fundamental challenge in terahertz (THz) photonics. Here, we demonstrate a unified geometric phase platform for multifunctional and reconfigurable wavefront engineering based on a phase-change metasurface. By exploiting Pancharatnam-Berry (PB) phase modulation with anisotropic polarization coupling of the symmetry-engineered S-shaped meta-atom, the metasurface achieves dual-band high-efficiency polarization conversion ratio (PCR > 0.8) for both circular polarization (CP) and linear polarization (LP). The corresponding operating bands are 0.43–0.99 and 2.46–2.63 THz for CP, and 0.47–1.00 and 2.23–2.39 THz for LP. Incorporating Sb2S3 further introduces an active and asymmetric tuning degree of freedom, where a refractive-index variation from 2.6 to 3.6 induces a 14–16 % redshift in both bands, with the low-frequency bandwidth reduced to about 85 % of its original value, while the high-frequency bandwidth remains nearly unchanged. Building on this mechanism, the metasurface supports polarization-multiplexed wavefront manipulation at 0.5 THz, including anomalous reflection, symmetric beam splitting, and orbital angular momentum (OAM) generation. Moreover, a phase superposition strategy enables focused OAM, achieving simultaneous point focusing and helical phase control within a single device. These results establish a general and reconfigurable paradigm for integrated polarization- phase control in THz metasurfaces, with potential applications in high-capacity communications, adaptive sensing, and compact photonic integration. © 2026 Elsevier Ltd","Adaptive optics; Circular polarization; Degrees of freedom (mechanics); Geometry; Light polarization; Metamaterials; Phase control; Photonic integration technology; Photonics; Terahertz waves; Wavefronts; Dual Band; Full polarization; Full-polarization control; Geometric phase; Metasurface; Phase Change; Polarization control; Tera Hertz; Terahertz metasurface; Wavefront engineering; Phase change materials; Refractive index","Article","Final","","Scopus","2-s2.0-105045549298"
"Meng Y.; Hu Q.; Vatankhah E.; Liu Z.; Wang W.; Hall N.A.","Meng, Yuqi (57825527000); Hu, Qiyun (60753417000); Vatankhah, Ehsan (57761641700); Liu, Zihuan (57826193700); Wang, Wei (60753201800); Hall, Neal A. (7201554519)","57825527000; 60753417000; 57761641700; 57826193700; 60753201800; 7201554519","An integrated monolithic photonic accelerometer with on-chip fringe-counting","2026","Microsystems and Nanoengineering","12","1","273","","","0","10.1038/s41378-026-01410-1","https://www.scopus.com/pages/publications/105045506224?origin=resultslist","Photonic integrated circuits have transformed optical communication and information processing, yet their potential for precision inertial sensing remains largely untapped. To date, photonic accelerometers have been constrained by readout complexity, limited dynamic range, and insufficient experimental validation. Here we present the design, modelling, and experimental characterization of an integrated photonic accelerometer that combines high sensitivity with substantially enhanced dynamic range via phase-unwrapping. The device achieves a measured noise floor of 2.0µg/Hz, with a pathway towards ~10ng/Hz through simultaneous scaling of the input optical power and the number of waveguide loops on the cantilever — together projected to bring the input-referred shot-noise-limited sensitivity to the thermal-mechanical noise floor. By incorporating ellipse-fitting-based phase-unwrapping, the sensor enables accurate phase recovery over a substantially expanded measurement range, yielding a 39 dB improvement in dynamic range compared to a conventional Mach–Zehnder interferometer. To our knowledge, this is the first photonic integrated circuit accelerometer to incorporate fringe-counting functionality in a monolithic chip, and the first systematic study of such a strategy in integrated photonic inertial sensors. The photonic hardware enabling open-loop fringe counting — two Mach–Zehnder interferometers with a nominal quarter-wavelength inter-arm path-length offset, whose actual inter-interferometer phase difference is recovered from an in-situ ellipse fit — is monolithically integrated on the silicon-nitride chip, while the ellipse-fit phase-unwrapping algorithm runs in post-processing without active biasing or feedback control. These results establish integrated photonics as a promising platform for high-dynamic-range inertial sensing and a route to chip-scale accelerometers that could surpass existing chip-based technologies. © The Author(s) 2026.","Dynamics; Floors; In situ processing; Indium compounds; Inertial navigation systems; Integrated circuit design; Interferometers; Monolithic integrated circuits; Optical communication; Photonic devices; Photonic integrated circuits; Photonic integration technology; Recovery; Silicon photonics; Dynamic range; Fringe counting; Inertial sensing; Integrated photonics; Mach-Zehnder; Monolithics; Noise floor; Phase-unwrapping; Photonics Integrated Circuits; Zehnder interferometers; Accelerometers","Article","Final","All Open Access; Gold Open Access; Green Open Access","Scopus","2-s2.0-105045506224"
"Qin Z.; Shi X.; Zhu L.; Zhao L.; Le M.; Jia W.; Tai Y.; Liu G.; Luo T.; Yang R.","Qin, Zhihao (59957664700); Shi, Xinrui (60016373700); Zhu, Ling (55993429000); Zhao, Luning (60895570400); Le, Meixin (60895752500); Jia, Wanqi (60010311100); Tai, Yunhao (59287791300); Liu, Guangli (57189619424); Luo, Tingting (57360113300); Yang, Runhuai (53664674000)","59957664700; 60016373700; 55993429000; 60895570400; 60895752500; 60010311100; 59287791300; 57189619424; 57360113300; 53664674000","A multifunctional soft microrobot for untethered targeted delivery and temperature mapping","2026","Chemical Engineering Journal","548","","181374","","","0","10.1016/j.cej.2026.181374","https://www.scopus.com/pages/publications/105050658237?origin=resultslist","Wireless intelligent microrobots offer a promising solution for precision medicine in deep physiological lumens. However, overcoming the limitation of single-functionality and achieving efficient coordination between autonomous microenvironment sensing and mechanical actuation within a single microsystem remains a significant challenge. Herein, we report a wireless soft microrobot (T-SMR) based on intelligent nanocomposite materials that integrates magnetically controlled shape morphing with dynamic temperature-mapping capabilities. Owing to the deep integration of anisotropically magnetized particles and thermoresponsive microcapsules within the polymer network, the system can undergo a controllable conformational transformation from a two-dimensional planar configuration to a tightly coiled three-dimensional helical structure under magnetic actuation, enabling non-destructive cargo encapsulation and active transportation. Meanwhile, the proposed R/B chromaticity ratio method successfully decoupled the optical interference from magnetic components under a stable unfolded configuration, enabling highly sensitive local temperature spatial mapping and reconstruction of thermal distribution maps within the core pathological fever range of 38–43 °C. Ex vivo porcine stomach experiments further demonstrated its integrated theranostic potential for lesion identification and site-specific drug release on realistic biological interfaces. This work provides a new strategy for the development of next-generation adaptive minimally invasive theranostic platforms. © 2026 Elsevier B.V.","Data communication equipment; Data communication systems; Encapsulation; Intelligent materials; Mapping; Microrobots; Soft magnetic materials; Theranostics; Magnetic actuation; Magnetically controlled shape; Mechanical actuations; Micro robots; Microenvironments; Multifunctionals; Targeted delivery; Temperature mapping; Temperature sensing; Theranostics; Targeted drug delivery","Article","Final","","Scopus","2-s2.0-105050658237"
"Liu D.; Hu L.; Shi Y.; Lei Z.","Liu, Daqian (55975450700); Hu, Lei (60337280400); Shi, Yuntao (24722421900); Lei, Zhenwu (49861707600)","55975450700; 60337280400; 24722421900; 49861707600","Dual-RIS enhanced ISAC with movable antennas: Dead zone sensing","2026","Physical Communication","79","","103297","","","0","10.1016/j.phycom.2026.103297","https://www.scopus.com/pages/publications/105046570480?origin=resultslist","In a single reconfigurable intelligent surface (RIS) aided integrated sensing and communication (ISAC) system utilizing a fixed position antenna (FPA) array to serve blocked targets, the performance is constrained by limited dead zone coverage and insufficient spatial degrees of freedom (DoFs). A movable antenna (MA)-enhanced dual-RIS-aided ISAC architecture is proposed in this paper to mitigate these issues. In this framework, the dual-RIS is utilized to establish cooperative virtual line-of-sight (LoS) links for extended range, while the system gain is further enhanced by exploiting the channel reshaping capability of MAs. A joint optimization problem is formulated to maximize the minimum beampattern gain at the dual-RIS via the joint design of the beam covariance matrix, phase shifts, and MA positions. An alternating optimization strategy employing alternating direction method of multipliers (ADMM), semidefinite relaxation (SDR) with Gaussian randomization, and successive convex approximation (SCA) is proposed to tackle this problem. Furthermore, discrete phase shifts for the dual-RIS are considered to accommodate practical hardware constraints. Numerical results demonstrate that the dual-RIS system outperforms the single-RIS benchmark by 126% in beampattern gain, through the additional beamforming gain and spatial diversity. Additionally, the MA scheme yields a 43.7% gain over the FPA case. © 2026 Elsevier B.V.","Approximation algorithms; Approximation theory; Beam forming networks; Communication channels (information theory); Covariance matrix; Degrees of freedom (mechanics); Interlocking signals; Beam pattern; Communications systems; Dead zones; Dual-reconfigurable intelligent surface; Integrated sensing; Integrated sensing and communication; Movable antenna; Performance; Reconfigurable; Sensing systems; Beamforming","Article","Final","","Scopus","2-s2.0-105046570480"
"Islam M.S.; Singh K.; Zhao Y.; Singh N.; Qarony W.","Islam, Md Sakibul (60311352400); Singh, Kuldeep (60311228300); Zhao, Yunhe (60311228400); Singh, Nitesh (60311163400); Qarony, Wayesh (57193005714)","60311352400; 60311228300; 60311228400; 60311163400; 57193005714","Spin-photon qubits for scalable quantum network","2026","Light: Science and Applications","15","1","301","","","0","10.1038/s41377-026-02345-y","https://www.scopus.com/pages/publications/105043621725?origin=resultslist","Solid-state quantum light sources offer a scalable pathway for interfacing stationary spin qubits with flying photonic qubits, forming the backbone of future quantum networks. Telecom-band spin-photonic qubits, operating in the 1260–1675 nm wavelength range, are particularly well-suited for long-distance quantum communication due to minimal loss in standard optical fibers. Achieving scalability, however, hinges on fulfilling several stringent criteria: coherent spin-state control, deterministic and indistinguishable single-photon emission, and integration with nanophotonic structures that enhance radiative properties, such as lifetime, coherence, and photon indistinguishability. This study explores the state-of-the-art spin-photonic qubits across solid-state platforms, including diamond color centers, silicon carbide defect centers, quantum dots, and two-dimensional materials. Special attention is given to silicon-based emitters, particularly G, T, C- and Ci-centers, which promise monolithic integration with complementary metal-oxide-semiconductor (CMOS) technology and telecom-band operation. We classify these systems based on spin-photon interface availability, CMOS process compatibility, and emitter scalability. We also discuss recent advances in cavity quantum electrodynamics (cQED), including Purcell enhancement and quality factor engineering in integrated photonic (circuits) environments. The work highlights emerging demonstrations of quantum networking over metropolitan scales and outlines the trajectory toward chip-scale quantum photonic integrated circuits (QPICs). It combines deterministic emitter creation, coherent spin manipulation, and quantum information processing. These developments pave the way for global quantum networks, enabling secure communication, distributed quantum computing, and quantum-enhanced sensing. © The Author(s) 2026.","CMOS integrated circuits; Nanophotonics; Optical communication; Optical fibers; Particle beams; Photonic devices; Photonic integrated circuits; Photonic integration technology; Photons; Quantum communication; Quantum cryptography; Quantum optics; Qubits; Scalability; Semiconductor quantum dots; Silicon photonics; Spinning (fibers); Coherent spin state; Deterministics; Optical-; Photon qubits; Photonic qubits; Quantum network; Spin qubit; Stringents; Telecom bands; Wavelength ranges; MOS devices; Silicon carbide","Review","Final","All Open Access; Gold Open Access; Green Open Access","Scopus","2-s2.0-105043621725"
"Tian W.; Zhou W.; Luo Z.; Zhang Y.","Tian, Wencheng (60352781600); Zhou, Wenjian (60822500900); Luo, Zhongqiang (39762137800); Zhang, Yuanfei (60352437000)","60352781600; 60822500900; 39762137800; 60352437000","OTFS channel estimation in highly dynamic wireless environments: Key technologies, applications, and future challenges","2026","Physical Communication","79","","103331","","","0","10.1016/j.phycom.2026.103331","https://www.scopus.com/pages/publications/105049040906?origin=resultslist","As sixth-generation mobile communications (6G) evolve toward Space-Air-Ground Integrated Networks (SAGIN) and high-mobility scenarios, the performance of traditional orthogonal frequency division multiplexing (OFDM) technology is limited by severe Doppler shifts. Orthogonal time-frequency-space (OTFS) modulation technology transforms time-varying channels into quasi-static channels through signal processing in the delay-Doppler (DD) domain, making it a key technology for addressing the challenges of high-mobility communications. This paper provides a comprehensive review of OTFS technology. First, it explains the modulation principles of OTFS and its core characteristics in the DD domain. Second, it systematically classifies channel estimation methods, covering pilot-based, channel sparsity-based (compressed sensing/Bayesian learning), and deep learning-based methods. Subsequently, the paper explores the integrated design of OTFS with Integrated Sensing and Communication(ISAC), Reconfigurable Intelligent Surface (RIS), and MIMO technologies, as well as the current status of its applications in typical scenarios such as Vehicle-to-Everything (V2X), Unmanned Aerial Vehicles (UAVs), and Low Earth Orbit (LEO) satellites. Finally, the paper summarizes the key challenges currently facing OTFS and outlines future research directions. © 2026 Elsevier B.V.","Antennas; Communication channels (information theory); Communication satellites; Compressed sensing; Deep learning; Doppler effect; Earth (planet); Frequency estimation; Frequency modulation; Satellite communication systems; Time varying networks; Vehicle to vehicle communications; 6g; Delay-dopple domain; Doppler; High mobility; Key technology applications; Orthogonal time-frequency modulation; Technology challenges; Time frequency; Time-frequency space; Wireless environment; Channel estimation","Review","Final","","Scopus","2-s2.0-105049040906"
"Wang S.; Liang D.; Zheng Z.; Qin M.; Chen Y.; Sheng J.; Chen S.; Li L.; Zeng C.; Pan A.; Cheng J.; Sun D.","Wang, Shiyu (59330259500); Liang, Delang (57216529447); Zheng, Zhi (59206385200); Qin, Mingyang (60108537000); Chen, Yuchun (59978584100); Sheng, Jie (60262609700); Chen, Shula (35730977600); Li, Lin (57211232593); Zeng, Changgan (7103181397); Pan, Anlian (59660373200); Cheng, Jinluo (55492634100); Sun, Dong (55979097000)","59330259500; 57216529447; 59206385200; 60108537000; 59978584100; 60262609700; 35730977600; 57211232593; 7103181397; 59660373200; 55492634100; 55979097000","Gate-tunable mid-infrared electroluminescence from Te/MoS2 p-n heterojunctions","2026","Light: Science and Applications","15","1","333","","","0","10.1038/s41377-026-02402-6","https://www.scopus.com/pages/publications/105045576113?origin=resultslist","Mid-infrared (MIR) emitters are critical components in advanced photonic systems, driving progress in fields such as chemical sensing, environmental monitoring, medical diagnostics, thermal imaging and free-space communications. Conventional MIR emitters based on III–V heterostructures rely on complex epitaxial growth on rigid lattice-matched substrates and suffer from limited integration compatibility with CMOS or flexible platforms. Recent MIR emitters based on two-dimensional (2D) materials such as black phosphorus (BP) is more suitable for on-chip applications but faces challenges related to stability and emission efficiency. Based on the recently discovered highly efficient photoluminescence of Te, we demonstrate a gate-tunable mid-infrared light-emitting diode based on a van der Waals heterojunction formed by multilayer transition metal dichalcogenide (TMD) MoS2 and tellurium (Te). The device emits polarized electroluminescence (EL) centered at 3.5 μm under forward bias at 25 K, and the EL persists up to 80 K with reduced intensity. Gate control of the MoS2 Fermi level modulates the band alignment and injection efficiency, enabling dynamic tuning of the EL intensity. The emission remains spectrally stable under varying bias and gating, indicating robust band-edge recombination. These results establish the Te/TMD heterostructure as a promising platform for integrated polarized mid-infrared optoelectronics. © The Author(s) 2026.","Black Phosphorus; Chemical detection; Chemical sensors; Efficiency; Electroluminescence; Infrared devices; Infrared imaging; Integrated optoelectronics; Photonic devices; Sulfur compounds; Tellurium compounds; Van der Waals forces; Chemical sensing; Critical component; In-field; Mid-infrared emitters; Midinfrared; MoS 2; P-n heterojunctions; Photonic systems; Transition metal dichalcogenides (TMD); Tunables; Heterojunctions","Article","Final","All Open Access; Gold Open Access; Green Open Access","Scopus","2-s2.0-105045576113"
"Salahandish M.; Soofi H.; Vahed H.","Salahandish, Mohammad (57908573100); Soofi, Hadi (36835603600); Vahed, Hamid (18038586600)","57908573100; 36835603600; 18038586600","Silicon Photonic Wavelength-Selective Switch Using Reconfigurable Bimodal Waveguides With Air Holes","2026","IEEE Photonics Journal ","18","5","6601407","","","0","10.1109/JPHOT.2026.3706369","https://www.scopus.com/pages/publications/105043823011?origin=resultslist","This study, introduces a reconfigurable, wavelength-selective silicon photonic switch based on a bimodal waveguide with periodic air cavities. Using the finite-difference time-domain (FDTD) method, both fundamental and higher-order TE modes are analyzed, focusing on the effects of air cavity radius and thermally induced refractive index changes on the transmission spectrum. Thermal tuning enables dynamic shifting of allowed photonic bands within the 1549-1553 nm range with enhanced spectral selectivity due to slow-light effects. The switch achieves a high sensitivity of 400 nm/RIU, a quality factor of 3876, and a figure of merit of 1000 \text{RI}{{\mathrm{U}}^{ - 1}}, indicating excellent accuracy and low energy loss. Improved modal coupling from the periodic structure supports its application in compact photonic integrated circuits, offering superior tunability for high-speed optical communication and sensing compared to conventional designs. © 2009-2012 IEEE.","Energy dissipation; Laser optics; Optical communication; Optical waveguides; Periodic structures; Photonic devices; Photonic integrated circuits; Refractive index; Slow light; Air cavity; Air holes; Bimodal waveguide; Finite difference time domains; High-order; Reconfigurable; Silicon photonics; Time-domain methods; Wavelength-selective; Wavelength-selective switches; Silicon photonics","Article","Final","All Open Access; Gold Open Access","Scopus","2-s2.0-105043823011"
"You Z.; Lv N.; Ren M.; Qi C.","You, Zhiyuan (57723550700); Lv, Na (59157798600); Ren, Mingjian (57555393200); Qi, Cheng (57737715700)","57723550700; 59157798600; 57555393200; 57737715700","ISAC beamforming for low-altitude wireless scenarios: Iterative Riemannian optimization on the complex sphere manifold","2026","Signal Processing","247","","110671","","","2","10.1016/j.sigpro.2026.110671","https://www.scopus.com/pages/publications/105037433248?origin=resultslist","This paper studies unmanned aerial vehicle (UAV)-enabled integrated sensing and communication (ISAC) aiming to achieve both sensing and communication functions. The UAV, deployed as an aerial access point (AP), leverages strong line-of-sight (LoS) air-to-ground (A2G) links to communicate with user equipments (UEs) and detect non-cooperative targets. The core challenge in ISAC beamforming design stems from the highly nonconvex nature of key performance metrics, namely the communication sum‑rate (SR) and the sensing Cramér-Rao lower bound (CRLB). To address the resulting bi-objective non-convex optimization problem, we propose a Riemannian optimization algorithm on the complex sphere manifold (IROCSM), which is designed to prioritize convergence speed on the premise of guaranteed communication/sensing performance. Since the original objective function is analytically smooth, its complex structure induces potentially non-smooth numerical behavior in the Riemannian gradient on the manifold, we construct smooth surrogate functions for the joint communication and sensing objectives to adapt to manifold optimization, while embedding the transmit power constraint into the complex sphere manifold to transform the original constrained optimization problem into an unconstrained one. In contrast to conventional relaxation-based approaches, this manifold optimization framework retains the problem’s nonconvexity while exploiting the geometric advantages to avoid relaxation errors. Consequently, the approach accelerates convergence without incurring approximation errors. Furthermore, convergence analysis confirms that the algorithm converges to a local optimal and Pareto frontier analysis quantitatively characterizes the tradeoff between communication and sensing performance. Simulation results demonstrate that IROCSM converges far faster than other approaches, delivering comparable SR and CRLB performance while maintaining superior computational efficiency in large-scale antenna scenarios. © 2026 Elsevier B.V. All rights are reserved, including those for text and data mining, AI training, and similar technologies.","Aircraft detection; Antennas; Approximation algorithms; Beamforming; Constrained optimization; Convex optimization; Cooperative communication; Cramer-Rao bounds; Data mining; Iterative methods; Pareto principle; Aerial vehicle; Beamforming design; Crame-Rao lower bounds; Cramer Rao lower bound; Integrated sensing; Integrated sensing and communication; Nonconvex optimization; Riemannian optimizations; Sum-rate; Unmanned aerial vehicle; Computational efficiency; Unmanned aerial vehicles (UAV)","Article","Final","","Scopus","2-s2.0-105037433248"
"Bi A.; Zhou Y.","Bi, Anqi (60001111500); Zhou, Yulin (57161088200)","60001111500; 57161088200","Sensing-driven CSI acquisition in backscatter-assisted mmWave ISAC networks","2026","Physical Communication","79","","103313","","","0","10.1016/j.phycom.2026.103313","https://www.scopus.com/pages/publications/105047840844?origin=resultslist","Integrated Sensing and Communications (ISAC) enables high-resolution sensing but suffers from severe link blockages. To address this issue, we propose a sensing-based CSI acquisition and resource allocation framework for BD-assisted ISAC networks, where backscatter devices (BDs) provide a low-cost solution for establishing virtual Line-of-Sight (LoS) links while avoiding the prohibitive overhead incurred by traditional pilot-based channel state information (CSI) acquisition. By exploiting ISAC echo signals, the base station (BS) directly estimates the angle-of-departure (AoD) and distance of each BD. Then the CSI parameters are reconstructed by combining user location information. Then we formulate a joint optimization problem of BD reflection coefficients and BS transmit power to maximize the system sum-rate. Simulation results demonstrate that the proposed framework significantly improves the system sum-rate compared with conventional baseline schemes. © 2026","Backscattering; Communication channels (information theory); Mergers and acquisitions; Mobile telecommunication systems; Backscatter communication; Channel-state information; Communications networks; Information acquisitions; Integrated sensing; Integrated sensing and communication; Resources allocation; Sensing networks; Sensing-based; Sum-rate; Resource allocation","Article","Final","","Scopus","2-s2.0-105047840844"
"Ge L.; Sadhu A.","Ge, Liangfu (57209056473); Sadhu, Ayan (36665194500)","57209056473; 36665194500","An end-to-end IoT framework for road defect and air quality inspection via mobile sensing and camera-LiDAR fusion","2026","Computer-Aided Civil and Infrastructure Engineering","50","","100145","","","0","10.1016/j.cacaie.2026.100145","https://www.scopus.com/pages/publications/105045102858?origin=resultslist","Regular inspection of environmental and road network conditions is indispensable for urban maintenance, directly impacting public safety and economic sustainability in cities and communities. However, current practices heavily rely on manual efforts by specialized inspectors and engineers, lacking an integrated urban scanning system that supports automated data collection, analysis, communication, and visualization while yielding timely decision-making. To address this gap, this paper proposes an end-to-end mobile scanning framework for the inspection of urban roads and environment based on Internet of Things (IoT), robotic sensing and edge intelligence. Unlike traditional approaches that treat data acquisition and analysis as separate stages, this framework performs multi-sensor fusion (location, image, and point cloud) directly at the edge. Specifically, a lightweight attention-enhanced YOLOv11 instance segmentation model is adapted for on-device inference and integrated with an efficient camera-LiDAR calibration strategy to enable the localization and quantification of road defects directly at the edge. To reconcile the trade-off between communication bandwidth and coverage in complex urban environments, a hybrid data transmission strategy is developed: raw high-dimensional data is buffered locally, while critical semantic indicators are transmitted via Long Range Wide Area Network (LoRaWAN). This ensures robust edge-to-cloud connectivity even in cellular blind spots. Finally, a customized web interface integrates these heterogeneous data streams to provide users with timely updated, interactive spatiotemporal visualization. The framework is validated through two scales of field experiments, demonstrating its effectiveness in providing continuous assessments of road conditions updated every 2.02 s and environmental quality updated every 30 s, thereby advancing intelligent infrastructure management and urban informatics. © 2026 The Author(s).","Data acquisition; Data communication systems; Data visualization; Decision making; Defects; Fusion reactions; Highway administration; Highway planning; Information fusion; Inspection; Motor transportation; Roads and streets; Semantic Web; Sensor data fusion; Urban planning; Visualization; Edge intelligence; End to end; Mobile camera; Mobile platform; Mobile sensing; Quality inspection; Regular inspections; Road network; Robotic sensing; Urban scanning; air quality; environmental quality; lidar; robotics; sustainability; visualization; Economic and social effects; Internet of things","Article","Final","All Open Access; Hybrid Gold Open Access","Scopus","2-s2.0-105045102858"
"Haggam R.A.; Jayabal R.; Mehar K.; Jangid S.K.; Nanda J.; M S.H.; Nagappan B.; Vaghela D.R.; Ismoilov M.","Haggam, Reda A. (10139278500); Jayabal, Ravikumar (58104159900); Mehar, Kulmani (56530709300); Jangid, Satish Kumar (57824462600); Nanda, Jajneswar (55433636900); M, Shahul Hameed (60778073200); Nagappan, Beemkumar (58531241500); Vaghela, Divyesh Rameshbhai (57679532600); Ismoilov, Mirjalol (60581414300)","10139278500; 58104159900; 56530709300; 57824462600; 55433636900; 60778073200; 58531241500; 57679532600; 60581414300","Chemometric and machine-learning strategies for calibration transfer and uncertainty quantification in portable optical analytical systems","2026","Chemometrics and Intelligent Laboratory Systems","278","","105848","","","0","10.1016/j.chemolab.2026.105848","https://www.scopus.com/pages/publications/105046617719?origin=resultslist","Spectral and imaging data generated by portable optical analytical instruments are being increasingly subjected to chemometric and machine-learning analysis. Instrument variability, illumination conditions, and use on various instruments often degrade predictive performance and thus limit the transferability and the quantitative robustness of models. In this review, the methods for calibration transfer and domain adaptation with widely used modern chemometrics techniques, direct standardization (DS), piecewise direct standardization (PDS), orthogonal signal correction (OSC), canonical correlation analysis (CCA) as well as emerging deep-learning transfer approaches such as low-rank adaptation and adversarial domain alignment are scrutinized. The performance of various linear and nonlinear regression methods, e.g., partial least squares regression (PLS-R), support vector regression (SVR), Gaussian process regression (GPR), convolutional neural networks (CNNs), and multimodal late-fusion frameworks, are evaluated in multiple aspects by data requirements, robustness, interpretability, and cross-instrument generalizability. Special attention is given to uncertainty-aware modeling including but not limited to bootstrap prediction interval, Bayesian variance estimation, and integrated uncertainty budget following guidelines from metrology. A comprehensive protocol is developed, which integrates stepwise protocols for data acquisition, normalization against references, transfer-learning calibration, drift detection, and uncertainty propagation to perform independent quantitative analyses. By promoting the development of methods yielding transferable, uncertainty-calibrated models rather than the best single-instrument model, the framework allows development of intelligent laboratory systems with the capability of making traceable, decision-grade predictions across different sensing modalities. © 2026 Elsevier B.V.","Analytical models; Barium compounds; Calibration; Convolutional neural networks; Data acquisition; Data communication systems; Deep learning; Gaussian distribution; Learning algorithms; Learning systems; Least squares approximations; Support vector regression; Transfer learning; Uncertainty analysis; Calibration transfer; Chemometric modeling; Chemometrices; Chemosensing; Learning strategy; Machine-learning; Optical chemosensing; Optical-; Uncertainty; Uncertainty quantifications; bootstrapping; calibration; chemometrics; chemosensing; clinical practice guideline; convolutional neural network; correlation analysis; deep learning; degradation; diagnostic test accuracy study; federated learning; human; illumination; laboratory device; machine learning; nonlinear regression analysis; optics; partial least squares regression; prediction; protocol; quantitative analysis; review; standardization; support vector machine; transfer of learning; uncertainty; Budget control","Review","Final","","Scopus","2-s2.0-105046617719"
"Moznebi A.-R.; Laribi H.; Moez K.; Mirzavand R.","Moznebi, Ali-Reza (57189025082); Laribi, Hamidreza (57222575795); Moez, Kambiz (7801503813); Mirzavand, Rashid (16039806000)","57189025082; 57222575795; 7801503813; 16039806000","Batteryless wireless tilt sensor with self-calibration capability for structural health monitoring","2026","Communications Engineering","5","1","155","","","0","10.1038/s44172-026-00700-w","https://www.scopus.com/pages/publications/105050036799?origin=resultslist","Aging infrastructures require constant monitoring to prevent major disasters. Accurate tilt detection is vital in determining the instability of bridges and foundations; however, existing systems depend on batteries, cables, and periodic calibration. We present a battery-free wireless tilt sensor based on a dual-band microwave structure that allows self-calibration against varying environmental effects and distance ambiguity. The sensor uses harvested energy from signals transmitted by a reader and integrates sensing, communication, and antenna functionalities into one device. The measurement results show that tracking the phase difference between two bands mitigates environmental factors. A 36° phase shift over a tilt range of -10° to +10° is observed, corresponding to a sensitivity of 1.8° of measured phase per 1° of actual tilt. The system is fully integrated, IoT-ready, and facilitates easy integration into a sensor network. It also creates a reliable platform for monitoring critical infrastructures in real-time to ensure rapid measurement of tilts from multiple sensors. © The Author(s) 2026.","Bridges; Calibration; Critical infrastructures; Disaster prevention; Public works; Secondary batteries; Sensor networks; Ageing infrastructures; Battery-less; Calibration capabilities; Existing systems; Health monitoring; Major disasters; Self calibration; Structural health; Tilt detection; Tilt sensor; Structural health monitoring","Article","Final","All Open Access; Gold Open Access; Green Open Access","Scopus","2-s2.0-105050036799"
"Mesogiti I.; Theodoropoulou E.; Lyberopoulos G.; Setaki F.; Anastasopoulos M.; Tzanakaki A.; Guttierez J.; Castellanos G.; Jorswieck E.; Diez L.; Frascolla V.; Nikaein N.","Mesogiti, Ioanna (35272924900); Theodoropoulou, Eleni (35320330800); Lyberopoulos, George (6603041412); Setaki, Foteini (57208839073); Anastasopoulos, Markos (8524103200); Tzanakaki, Anna (6602473333); Guttierez, Jesus (60757697900); Castellanos, German (59238464100); Jorswieck, Eduard (7003871700); Diez, Luis (57206525024); Frascolla, Valerio (35147921800); Nikaein, Navid (12139968700)","35272924900; 35320330800; 6603041412; 57208839073; 8524103200; 6602473333; 60757697900; 59238464100; 7003871700; 57206525024; 35147921800; 12139968700","A Methodology for the Technoeconomic Assessment of ISAC-Enabled Network Deployments","2027","IFIP Advances in Information and Communication Technology","796 IFIPAICT","","","102","115","0","10.1007/978-3-032-30507-7_6","https://www.scopus.com/pages/publications/105045684059?origin=resultslist","6G networks will rely on highly heterogeneous and disaggregated infrastructures, while access networks must meet stringent coverage and performance requirements while incorporating Integrated Sensing and Communication (ISAC) as a native capability, introducing challenges in sensing performance, coverage, and resource requirements. AI/ML techniques are expected to play a key role in enabling adaptive and efficient network operation. To this end, transport networks will need to support diverse deployments, including macro and dense micro radio units as well as distributed and cloud-based RAN architectures (D-RAN, O-RAN), while converging fronthaul, backhaul, and sensing traffic over multi-technology wireless and optical infrastructures. Such complex deployments depend on geography, feasibility, traffic demand, technologies’ availability and scalability, and cost. Therefore, early-stage techno-economic evaluation of alternative deployment options is essential to identify cost drivers, optimize design choices, and assess sensing-related architectural options, enabling sustainable and economically viable 6G network planning. This paper proposes a methodology to perform technoeconomic analysis of ISAC-enabled 6G networks and provides insights on technoeconomic factors affecting deployment options of network sensing in 6G networks. © IFIP International Federation for Information Processing 2027.","Computer architecture; Distributed computer systems; Mobile telecommunication systems; Network architecture; Optical communication; 6g network; Access network; Integrated sensing; Integrated sensing and communication; Network deployment; Performance requirements; Stringents; Techno-economic assessment; Techno-economics; Transport networks; Economic analysis","Conference paper","Final","","Scopus","2-s2.0-105045684059"
"He Y.; Dada A.C.","He, Yan (60203801600); Dada, Adetunmise C. (37114259600)","60203801600; 37114259600","Broadband achromatic metalens for the short-wave infrared","2026","Scientific Reports","16","1","22398","","","0","10.1038/s41598-026-49825-0","https://www.scopus.com/pages/publications/105045000257?origin=resultslist","The 1.8-2.3 m band lies within the short-wavelength infrared (SWIR) region and serves as a key operational window for a wide range of applications, including quantum sensing, molecular spectroscopy, and free-space quantum and classical optical communication. Despite its significance, optical devices operating in this band still face two major challenges: chromatic aberration across the wide spectral range and the difficulty of integration due to bulky optical elements. Metalenses are composed of subwavelength nanostructures that locally control the phase and group delay of light, enabling precise wavefront shaping and broadband dispersion compensation. These capabilities make them highly promising for use in infrared optical systems, particularly in applications such as focusing and imaging for compact integrated devices. In this study, we propose a metalens design based on a CaF substrate, where each nanocell consists of a single-bar silicon structure. These nanocells are periodically arranged with a 900 nm period, enabling precise control of dispersion and phase. By systematically fine-tuning the bar length and width, the design enables simultaneous dispersion compensation and phase modulation, achieving stable focusing performance over a broad spectral range. Finite-Difference Time-Domain (FDTD) simulations demonstrate effective suppression of chromatic aberration across 1800–2300 nm, with simulated focal-length variation within 6% of the target value. We further analyze the polarization distribution across the focal spot and find a weak wavelength dependence of the degree of polarization (DoP), which we attribute to the spatially varying polarization state in the high-NA focal region together with the wavelength-dependent anisotropic response of the nanostructures. Meanwhile, this design offers a compact, broadband, and high-performance approach for beam collimation and wavefront shaping in the SWIR band, showing promising potential for applications in quantum communication and sensing systems. © The Author(s) 2026.","nanomaterial; silicon; article; collimator; controlled study; dispersion; infrared radiation; optical instrumentation; polarization; simulation; visual system","Article","Final","All Open Access; Gold Open Access; Green Open Access","Scopus","2-s2.0-105045000257"
"Khamis A.; Shaban H.A.; Fayed H.A.; Aly M.H.","Khamis, Amr (60331401700); Shaban, Heba A. (35732039200); Fayed, Heba A. (35172724300); Aly, Moustafa H. (7006129809)","60331401700; 35732039200; 35172724300; 7006129809","Hybrid real-synthetic dataset framework for robotic hazard detection in industrial environments","2026","Scientific Reports","16","1","1628","","","2","10.1038/s41598-025-33603-5","https://www.scopus.com/pages/publications/105027347424?origin=resultslist","The increasing complexity of industrial environments requires the development of real-time hazard detection and environmental monitoring using intelligent robotic systems. This paper introduces RoboFusion, an integrated framework that combines Autonomous Mobile Robots (AMRs), fixed sensing nodes, and a novel hybrid dataset generation pipeline for data-driven industrial safety. Deployed in a functioning industrial testbed, RoboFusion collected real-time telemetry over 180 days using four sensor suites: two fixed units and two additional units mounted on Near-Field Communication (NFC) guided AMRs, each equipped with 12 sensors sampling at one-minute intervals. This deployment yielded approximately one million multi-modal sensor records, including temperature, humidity, gas concentrations, air quality, and pressure. Data streams were processed onboard using ESP32 microcontrollers, and they were transmitted via Message Queuing Telemetry Transport (MQTT) to an Internet of Things (IoT) cloud platform. The scarcity and imbalance of hazard events in real collected data create a challenge for effective model training. RoboFusion addresses this issue through a structured synthetic dataset generation framework. This framework augments non-hazardous data using statistical augmentation techniques, and it simulates hazardous data through multi-phase curve fitting, spatial propagation modeling, and location-aware hazard scenarios. The resulting synthetic dataset improves coverage of rare and safety-critical scenarios while maintaining consistency with real-world dynamics. Evaluation across four machine learning models, namely Random Forest (RF), Support Vector Machine (SVM), Extreme Gradient Boosting (XGBoost), and Multi-Layer Perceptron (MLP), demonstrates significant cross-domain gains. As an example, hazard F1 scores improved from 0.47 to 0.85 for the RF model, and from 0.16 to 0.79 for the SVM model when models trained on synthetic data were tested against real hazard events. RoboFusion therefore delivers a reproducible robotic sensing platform and an openly accessible hybrid dataset. It introduces a novel approach to hazard simulation that mimics real-world hazards and supports the development of resilient Artificial Intelligence (AI) systems for industrial hazard detection and autonomous safety intelligence. © The Author(s) 2025.","article; diagnosis; hybrid","Article","Final","All Open Access; Gold Open Access; Green Open Access","Scopus","2-s2.0-105027347424"
"Lindayani L.; Taryudi T.; Mutiar A.; Darmawati I.; Calisanie N.N.P.","Lindayani, Linlin (57196439352); Taryudi, Taryudi (57003576500); Mutiar, Astri (57412226400); Darmawati, Irma (57221288049); Calisanie, Nyayu Nina Putri (58161337900)","57196439352; 57003576500; 57412226400; 57221288049; 58161337900","A human-centered VR-IoT implementation framework for disaster preparedness and response: A Sendai-aligned pilot feasibility study","2026","Progress in Disaster Science","31","","100707","","","0","10.1016/j.pdisas.2026.100707","https://www.scopus.com/pages/publications/105049543948?origin=resultslist","Disaster risk reduction requires tools that connect preparedness training, real-time situational awareness, and recovery support across stakeholder groups. This original research reports the design and pilot feasibility evaluation of a human-centered virtual reality and Internet of Things (VR-IoT) framework for disaster preparedness, emergency response, and supervised post-disaster psychological recovery. The framework was developed through an iterative human-centered design process and organized around a closed-loop architecture that links distributed sensing, edge-cloud processing, transparent alerting, immersive simulation, and feedback for system improvement. A descriptive pilot evaluation generated primary data from 50 stakeholders: community members, emergency responders, and mental health professionals. Technical indicators met predefined feasibility thresholds, including mean end-to-end latency of 420 ms, mean packet loss of 1.8%, and mean frame rate of 72.4 frames per second. Overall usability was high (mean System Usability Scale score 80.4), and most participants reported no or mild VR-related symptoms. Preparedness indicators improved descriptively after simulation exposure, including decision accuracy, task completion time, and self-reported confidence. The findings support the feasibility of an integrated VR-IoT framework for disaster management. However, response and recovery components were assessed mainly for supervised feasibility rather than real-world effectiveness. The study contributes primarily through system-level integration and implementation logic, not through new VR, sensing, or communication methods. The technical cutoffs were pilot progression criteria, and the single-arm design does not support causal effectiveness claims. Further controlled, longitudinal, and degraded-infrastructure testing is required. Copyright © 2026. Published by Elsevier Ltd.","accuracy assessment; disaster management; feasibility study; research work; risk assessment; virtual reality","Article","Final","All Open Access; Gold Open Access; Green Open Access","Scopus","2-s2.0-105049543948"
"Wu X.; Li W.; Feng L.; Wang Z.; Jin S.; Yang Z.; Zhao D.; Yan H.; Fan Q.; Shi Y.; Wang Y.; Mao Y.; Zhang J.","Wu, Xiaoyong (57207987293); Li, Wanchong (57203876092); Feng, Lu (57193273267); Wang, Zhe (59774312300); Jin, Shicheng (59369276800); Yang, Zaiqing (59774771000); Zhao, Dongxu (59775006100); Yan, Haozhen (60381870100); Fan, Qiulin (60382218700); Shi, Yuhao (60381993800); Wang, Yan (59774541600); Mao, Yu (59774312400); Zhang, Jinsong (57952980200)","57207987293; 57203876092; 57193273267; 59774312300; 59369276800; 59774771000; 59775006100; 60381870100; 60382218700; 60381993800; 59774541600; 59774312400; 57952980200","Aloe leaf-inspired and machine learning-driven porous carbon/FeSiAl flake metamaterials for low-frequency ultra-wideband electromagnetic absorption","2026","Journal of Colloid and Interface Science","722","","141020","","","0","10.1016/j.jcis.2026.141020","https://www.scopus.com/pages/publications/105042780382?origin=resultslist","Ultra-wideband, high-efficiency, and lightweight electromagnetic wave absorbers are crucial for communication, radar, and intelligent sensing systems. However, in the low-frequency band, the operating wavelength of incident waves far exceeds the characteristic dimensions of the material structure, hindering the generation of sufficient equivalent electromagnetic responses. This leads to poor impedance matching and inadequate energy dissipation, representing a significant bottleneck for achieving low-frequency ultra-wideband absorption. Herein, a bio-inspired aloe leaf-like electromagnetic metamaterial absorber is proposed. It utilizes porous carbon as a dielectric loss framework, with magnetic units periodically introduced on the upper and lower surfaces to construct a complementary dielectric–magnetic loss system. By synergizing intrinsic material losses with structural effects to regulate gradient impedance matching and multi-scale dielectric/magnetic losses, the absorber achieves electromagnetic wave localization and an “electromagnetic cage” effect. The absorber maintains a reflection loss below −10 dB across the 0.8–50 GHz range. At the lowest operating frequency of 0.8 GHz, it has a thickness of only 25.6 mm (approximately 1/15 of the wavelength) and an areal density of 0.18 g cm−2. This study provides a new paradigm for the integrated material-structure design of ultra-wideband electromagnetic absorbers. © 2026 Elsevier Inc.","Circular waveguides; Dielectric losses; Dielectric materials; Electromagnetic wave absorption; Electromagnetic wave propagation; Electromagnetic waves; Impedance matching (electric); Learning systems; Machine learning; Magnetic materials; Metamaterials; Porous carbon; Porous materials; carbon; Bio-inspired structure; Broadband absorption; Electromagnetic wave-absorbing metamaterial; Electromagnetics; Machine-learning; Magneto-dielectric synergy; Magneto-dielectrics; Porous carbons; Structured design; Ultrawide band; Aloe; Article; coating (procedure); decomposition; depth of field; electromagnetic radiation; electron diffraction; excitation; machine learning; miscibility; scanning electron microscopy; thermostability; X ray diffraction; absorption; article; controlled study; frequency; human; impedance; thickness; Ultra-wideband (UWB)","Article","Final","","Scopus","2-s2.0-105042780382"
"Shu Z.; Li Y.; Liu X.; Xiao Y.; Huang J.; Xu H.; Wang Z.; You L.; Li H.","Shu, Zhiyun (57849495100); Li, Yuchi (59588409900); Liu, Xiaoyu (55857982400); Xiao, You (57220212076); Huang, Jia (57193617190); Xu, Hongxin (60536234000); Wang, Zhen (60645297900); You, Lixing (57931447100); Li, Hao (58607052800)","57849495100; 59588409900; 55857982400; 57220212076; 57193617190; 60536234000; 60645297900; 57931447100; 58607052800","Multiuser entanglement distribution network across cryogenic nodes enabled by integrated photonic chips","2026","npj Quantum Information","12","1","106","","","0","10.1038/s41534-026-01262-7","https://www.scopus.com/pages/publications/105044414355?origin=resultslist","Emerging quantum networks unlock the potential for distributed quantum computing, secure quantum communication and enhanced quantum sensing. Toward practical deployment of quantum networks, the interconnections among various quantum systems, particularly cryogenic platforms for generation, storage and detection of quantum states, must be established. Here, we demonstrate a scalable multiuser entanglement distribution network across cryogenic nodes employing integrated photonic chips. Broadband entangled photon pairs are emitted by a silicon supplier chip, and then multiplexed and distributed to heterogeneously integrated receiver chips consisting of silicon pump filters and superconducting nanowire single-photon detectors. A five-user fully connected quantum network is implemented utilizing ten pairs of entangled photons, and all measured raw visibilities significantly exceed the classical limit, expanding the application scope of quantum networks to cryogenic regimes. Our results pave the way for realizing future practical quantum networks bridging different quantum systems. © The Author(s) 2026.","Cryogenics; Distributed computer systems; Particle beams; Photonic devices; Photonic integrated circuits; Photonic integration technology; Quantum communication; Quantum computers; Quantum cryptography; Quantum entanglement; Quantum optics; Silicon photonics; Broadband entangled photons; Distributed quantum computing; Entangled photon pairs; Entanglement distribution; Integrated photonics; Multiusers; Photonic chips; Quantum network; Quantum state; Quantum system; Photons","Article","Final","All Open Access; Gold Open Access","Scopus","2-s2.0-105044414355"
"Lorenzen J.; Wang K.; Kilinc M.; Pergament M.; Garcia-Blanco S.M.; Kärtner F.X.; Singh N.","Lorenzen, Jan (58142023400); Wang, Kai (58142160200); Kilinc, Muharrem (57391589300); Pergament, Mikhail (6701913611); Garcia-Blanco, Sonia M. (6603177815); Kärtner, Franz X. (7005259503); Singh, Neetesh (55507055400)","58142023400; 58142160200; 57391589300; 6701913611; 6603177815; 7005259503; 55507055400","Zero-PDG silicon photonic amplifier with high saturation power and low noise figure","2026","Nature Communications ","17","1","5670","","","1","10.1038/s41467-026-74486-y","https://www.scopus.com/pages/publications/105043447622?origin=resultslist","High-power amplifiers are of great importance in many optical systems deployed in optical sensing, ranging, medical surgery and more. Likewise, high-gain, low-noise amplifiers with low polarization dependence are critical components of long-range optical communication systems. Integrated photonic solutions show great potential in challenging application fields thanks to their drastic reduction in size, weight and cost, but coming at the expense of low optical power due to reduced energy storage capacity in small devices. Recently, the large mode area (LMA) technology, which is known for dramatically increasing the energy storage capacity and saturation power of fiber amplifiers, has been brought to the chip-level, allowing for watt-level amplification directly from the chip. Here we demonstrate a silicon photonic LMA amplifier capable of both high-power amplification with output saturation powers > 115 mW and high small-signal gain up to 30 dB with a 3.6 dB noise figure on-chip, which we achieved by suppressing parasitic lasing with index-matching glue on the chip facets. Furthermore, we present a method to tune and completely nullify the polarization dependent gain (PDG). We believe that the PDG-tunability combined with the low-noise, high-gain and high-power amplification positions it as a potentially disruptive technology for next-generation integrated amplifiers across a range of applications. © The Author(s) 2026.","glue; silicon; amplification; communication; energy storage; optical method; polarization; silicon; amplifier; article; controlled study; disruptive technology; low noise amplifier; noise; nonhuman; optical instrumentation; polarization; power amplifier; visual system","Article","Final","All Open Access; Gold Open Access; Green Open Access","Scopus","2-s2.0-105043447622"
"Alkhoury L.; Moore T.; Swissler P.; Hill N.J.; Shah S.A.; Kam M.","Alkhoury, Ludvik (57217181767); Moore, Tony (58028086100); Swissler, Petras (57207878032); Hill, N. Jeremy (7404770839); Shah, Sudhin A. (24554596800); Kam, Moshe (7005569608)","57217181767; 58028086100; 57207878032; 7404770839; 24554596800; 7005569608","TinZr: A compact wireless ESP32-C3 platform for multi-modal physiological sensor integration and data acquisition","2026","HardwareX","28","","e00833","","","0","10.1016/j.ohx.2026.e00833","https://www.scopus.com/pages/publications/105049044448?origin=resultslist","Microcontrollers have become central to wearable technologies. As these systems continue to evolve, both form factor and functional integration have become critical design considerations. In this study, we present TinZr, a compact, wireless, and open-source ESP32-C3-based microcontroller that serves as a central hub for interfacing with external sensing modules, data logging, and wireless transmission. The TinZr integrates an inertial measurement unit (IMU), an onboard battery management circuit, Wi-Fi and Bluetooth Low Energy, a microSD card reader, and multiple GPIOs supporting digital, analog, I2C, SPI, and UART interfaces. The complete system measures only 25 mm × 25 mm, making it well-suited for wearable applications. All production files, including printed circuit board (PCB) design, firmware, and a 3D model of a wearable enclosure, are publicly available. Three primary use cases for TinZr are demonstrated: (a) multi-device communication and coordination, (b) wireless IMU data acquisition, and (c) simultaneous multi-modal physiological signal acquisition using external electrocardiography (ECG) and photoplethysmography (PPG) sensing modules. The TinZr supports both real-time data streaming via Wi-Fi/BLE and local logging to a microSD card. Local logging makes the TinZr suitable for extended research experiments and field studies where continuous wireless connectivity may not be available. An accompanying Arduino library, TinZrConnect, is provided to facilitate programming and integration with existing systems. Overall, the combination of compact design, wireless flexibility, and open-source accessibility makes TinZr a versatile solution for various sensing applications. © 2026 The Authors","Biomedical signal processing; Data acquisition; Data communication systems; Data integration; Electrocardiography; Human computer interaction; Integrated circuit design; Integration; Low power electronics; Microcontrollers; Open source software; Open systems; Physiology; Printed circuit boards; Wearable computers; Wearable sensors; Wi-Fi; Wireless local area networks (WLAN); Data-logging; ESP32-c3 microcontroller; Microsd data logging; Multi-device coordination; Multi-devices; Multi-modal; Multimodal physiological signal acquisition; Physiological signal acquisitions; Wearable devices; Wireless communications; Printed circuit design","Article","Final","All Open Access; Gold Open Access; Green Open Access","Scopus","2-s2.0-105049044448"
"Sun Z.; Yu B.; Dong C.; Yu C.; Sheng L.; Cui Z.; Liu Y.; Lu Z.; Chen B.; Xie D.; Huang Z.; Zeng S.; Ou Q.","Sun, Zhiyuan (58413353900); Yu, Binhong (59675206700); Dong, Chao (58730429500); Yu, Chengjun (59675206600); Sheng, Lianghe (59393493600); Cui, Zhe (57193844560); Liu, Yaming (59858351000); Lu, Zhenni (60028253200); Chen, Bingda (57189025111); Xie, Daixi (57950425000); Huang, Zhandong (57221145331); Zeng, Songshan (56423110300); Ou, Qingdong (55582504200)","58413353900; 59675206700; 58730429500; 59675206600; 59393493600; 57193844560; 59858351000; 60028253200; 57189025111; 57950425000; 57221145331; 56423110300; 55582504200","Dual-Mode Sensor with Saturated Mechanochromic Structural Color Enhanced by Black Conductive Hydrogel for Interactive Rehabilitation Monitoring","2026","Nano-Micro Letters","18","1","110","","","14","10.1007/s40820-025-01963-2","https://www.scopus.com/pages/publications/105027285028?origin=resultslist","Mimicking Cyanocitta stelleri feathers, we developed a dual-mode sensor with strain-sensing and mechanochromic functions by using black conductive polymer hydrogel (CPH) substrate to enhance hydroxypropyl cellulose’s structural color. The synthesized CPH, with >88% visible-light absorption, enhances color saturation by absorbing scattered light and suppressing background interference, enabling vivid mechanochromism. Fortified by noncovalent bonds, it also functions as a robust, sensitive sensor. Unlike traditional single-mode sensors, this integrated sensor offers real-time visual and digital feedback, improving rehabilitation assessment accuracy and interactivity. © The Author(s) 2026.","Accuracy; Color; Feedback; Hydroxypropyl Cellulose; Interference; Light Absorption; Monitoring; Saturation; Human computer interaction; Patient monitoring; Visual communication; Conductive hydrogel; Conductive Polymer; Dual mode sensor; Hydroxypropyl cellulose; Polymer hydrogels; Rehabilitation monitoring; Strain sensing; Structural color; Synthesised; Visible light absorption; Color; Hydrogels; Light absorption","Article","Final","All Open Access; Gold Open Access; Green Open Access","Scopus","2-s2.0-105027285028"
"Guo Y.; Li J.; Fei R.; Wang H.; Shen X.; Ren X.; Wu T.","Guo, Yufan (58265202200); Li, Junhuai (8700247900); Fei, Rong (8287538800); Wang, Huaijun (56034093800); Shen, Xuyao (60726889800); Ren, Xiang (60333570100); Wu, Ting (55943448000)","58265202200; 8700247900; 8287538800; 56034093800; 60726889800; 60333570100; 55943448000","Contactless abnormal respiration monitoring: A time–space–frequency CSI ratio map approach for breathing pattern recognition","2026","Measurement: Journal of the International Measurement Confederation","287","","122467","","","1","10.1016/j.measurement.2026.122467","https://www.scopus.com/pages/publications/105043994814?origin=resultslist","Breathing patterns are vital physiological signals, with abnormal variations serving as early indicators of disease, thereby necessitating innovative non-invasive solutions for continuous respiratory monitoring. However, existing channel state information (CSI)-based methods mainly rely on time-domain features, overlooking intrinsic frequency–spatial topological relationships among subcarriers, which limits their ability to capture complex respiratory dynamics. To address this, we propose a novel contactless breathing pattern recognition framework that exploits time–space–frequency representations derived from CSI ratio maps, where subcarriers are modeled as graph nodes to explicitly characterize their topology. CSI ratios across receiving antennas are computed to enhance the signal-to-noise ratio, followed by Hampel filtering, median smoothing and Butterworth filtering to suppress noise and obtain high-fidelity respiratory signals. Multi-carrier frequency and spatial diversity are further leveraged to construct RGB-like CSI images encoding integrated features. To model structural dependencies, we propose GCBTNet, which integrates graph attention convolution (GAT) for non-Euclidean frequency–spatial modeling, a 1D-CNN for local dynamics extraction, a Bi-LSTM for temporal dependency learning, and a Transformer encoder for global representation. Extensive experiments demonstrate that the proposed method outperforms state-of-the-art approaches, achieving 98.94% indoors and 95.05% in corridors. Cross-subject evaluation achieves 90.87%, with an average inference latency of 3.605 ms, thereby demonstrating the preliminary feasibility of the proposed method for contactless respiratory monitoring. © 2026 Elsevier Ltd","Bioelectric phenomena; Biomedical signal processing; Communication channels (information theory); Median filters; Patient monitoring; Pattern recognition; Respirators; Respiratory mechanics; Signal encoding; Signal to noise ratio; Time domain analysis; Biomedical signals processing; Breathing patterns; Channel-state information; Contact less; Contactless respiration monitoring; Deep learning; Respiration monitoring; Respiratory pattern; Respiratory pattern recognition; Wifi sensing; Deep learning","Article","Final","","Scopus","2-s2.0-105043994814"
"Chhea K.; Lee J.-R.","Chhea, Kimchheang (57220183288); Lee, Jung-Ryun (7601482859)","57220183288; 7601482859","Enhancing fairness in energy efficiency and peak age of information in low earth orbit-aided unmanned aerial vehicle-integrated sensing and communication networks: Attention-aided multi-agent proximal policy optimization approach","2026","Engineering Applications of Artificial Intelligence","181","","115492","","","0","10.1016/j.engappai.2026.115492","https://www.scopus.com/pages/publications/105043387072?origin=resultslist","The integration of unmanned aerial vehicles (UAVs) into space-air-ground integrated networks (SAGIN) has emerged as a promising paradigm for enabling flexible and efficient integrated sensing and communication (ISAC) systems. However, simultaneously optimizing energy efficiency (EE) and peak Age of Information (PAoI) fairness in such systems remains a critical challenge, particularly under the heterogeneous demands of non-orthogonal multiple access (NOMA) networks with partial observability and dynamic user environments. In this paper, we investigate the joint maximization of time-average EE and PAoI fairness in a UAV-aided ISAC system within SAGIN, formulating a multi-variable optimization problem over UAV trajectory, beamforming vectors, user equipment (UE) association, and mode selection, subject to energy budgets, minimum sensing requirements, quality of service guarantees, and UAV mobility constraints. The problem is reformulated as a decentralized partially observable Markov decision process (Dec-POMDP) and addressed by a proposed attention-aided multi-agent proximal policy optimization (A-MAPPO) algorithm. The attention mechanism is specifically designed to appropriately weigh different UEs’ contributions and cope with a varying set of observable UEs under partial observation. Performance evaluations demonstrate that A-MAPPO outperforms baseline methods including MADDPG, traditional MAPPO, Multi-Agent Dynamic QMIX (MADQMIX), and gradient search (GS) in joint EE and PAoI fairness optimization. Furthermore, analysis of the trade-off between time-average EE and PAoI fairness reveals that achieving PAoI fairness is generally more feasible than achieving EE fairness. © 2026 Elsevier Ltd.","Antennas; Budget control; Cost effectiveness; Deep learning; Markov processes; Multi agent systems; Optimization; Orbits; Quality of service; Unmanned aerial vehicles (UAV); Vehicle to vehicle communications; Aerial vehicle; Air grounds; Energy; Fairness; Integrated sensing; Integrated sensing and communication; Multi agent; Peak age of information; Policy optimization; Reinforcement learnings; Economic and social effects","Article","Final","","Scopus","2-s2.0-105043387072"
"Feng X.; Li K.; Wang S.; Wang R.; Yang W.","Feng, Xuehao (59517768600); Li, Kun (60219445300); Wang, Shuolei (60381075400); Wang, Ruiqian (57199209511); Yang, Wenguang (57218198435)","59517768600; 60219445300; 60381075400; 57199209511; 57218198435","Bioinspired photothermal-humidity responsive BOPP/GO actuators for integrated sensing and water-surface monitoring","2026","Sensors and Actuators B: Chemical","466","","140241","","","1","10.1016/j.snb.2026.140241","https://www.scopus.com/pages/publications/105040607747?origin=resultslist","Dual-stimulus-responsive soft actuators are promising for intelligent microrobotics, yet their practical application is often restricted by poor environmental adaptability and a lack of integrated functions. In this study, we fabricated a biaxially oriented polypropylene/graphene oxide (BOPP/GO) bilayer actuator using a straightforward solution-casting method, achieving optimal performance at a 23.53 wt% GO loading. Structural analysis confirms that strong interfacial hydrogen bonding between BOPP and GO improves mechanical stability and reduces the intrinsic anisotropy of the BOPP film. The actuator responds to both light and humidity, allowing for rapid, reversible morphing that mimics natural plant movement. By utilizing the Marangoni effect, we achieved precise linear locomotion and directional steering under near-infrared (NIR) irradiation. The system can support up to 80 times its own weight, perform programmable grasping and releasing via magnetic attraction, and generate power through electromagnetic induction (peak electromotive force: 17.7 mV). We integrated these capabilities into a microrobot equipped with wireless temperature and humidity sensing for real-time water-surface monitoring. Additionally, we developed a light-responsive swarm system capable of autonomous assembly, disassembly, and NIR-controlled width adjustments for navigating complex trajectories. These results present a practical framework for designing multifunctional soft actuators tailored for environmental monitoring and collaborative robotic applications. © 2026 Elsevier B.V.","Actuators; Data communication equipment; Electromotive force; Infrared devices; Mechanical stability; Microrobots; Actuator swarm; Biaxially oriented polypropylene/graphene oxide bilayer actuator; Biaxially oriented polypropylenes; Bilayer actuators; Dual-stimulus responsiveness; Electromagnetics; Graphene oxides; Marangoni effects; Soft robotics; Stimuli responsiveness; Electromagnetic induction","Article","Final","","Scopus","2-s2.0-105040607747"
"Razzaghi A.; Hasanzadeh S.; Karimi H.","Razzaghi, Ali (59214255400); Hasanzadeh, Saeed (54889801500); Karimi, Hamid (57208596607)","59214255400; 54889801500; 57208596607","IoT-enabled microgrids for energy management and demand response: A review and future trends","2026","Energy Strategy Reviews","68","","102363","","","0","10.1016/j.esr.2026.102363","https://www.scopus.com/pages/publications/105051121847?origin=resultslist","The rapid advancement of digital energy infrastructures has accelerated the transition toward internet of things (IoT)-enabled microgrids capable of autonomous monitoring, coordination, and optimization of distributed resources. By integrating sensing, communication, and intelligent control, microgrids can enhance local energy management, support demand-side flexibility, and interact effectively with higher-level grid operations. This paper presents a comprehensive review of recent developments in IoT-assisted energy management strategies within microgrids, with particular emphasis on demand response (DR) mechanisms and price-aware operational scheduling. The text looks at various applications within residential sectors, such as the coordination of smart appliances, distributed energy generation, and the integration of electric vehicles (EVs). It emphasizes the role that bidirectional charging technologies, including vehicle-to-grid (V2G) and grid-to-vehicle (G2V), play in promoting cost-effective and reliable operations. Existing studies have extensively investigated IoT-integrated DR through real-time load monitoring, automated appliance scheduling, dynamic pricing, EV coordination, and optimization-based energy management. However, the practical deployment of these approaches remains constrained by heterogeneous communication protocols and devices, the secure collection and processing of large volumes of real-time data, and the computational and operational complexity associated with coordinating multiple distributed resources. The review assesses communication architectures, optimization methods, and control platforms that support scalable and interoperable microgrid operations. It discusses key challenges related to interoperability, data management, and system complexity. Additionally, it explores emerging trends such as AI-driven decision-making, decentralized control paradigms, and adaptive IoT frameworks, which are promising directions for future research and implementation. © 2026 The Authors.","Automation; Cost effectiveness; Decentralized control; Decision making; Demand response; Distributed computer systems; Distributed energy; Information management; Intelligent buildings; Internet of things; Interoperability; Microgrids; Smart homes; Smart power grids; Vehicles; Demand response; Distributed resources; Energy; Energy infrastructures; Future trends; Internet of thing; Microgrid; Optimisations; Smart grid; Smart homes; Energy management","Article","Final","All Open Access; Gold Open Access","Scopus","2-s2.0-105051121847"
"Yu D.; Geng Z.; Huang Y.; Tong Y.; Xia Y.; Liu M.; Huang Y.; Xiang C.","Yu, Di (58680406700); Geng, Zhaoting (57863392300); Huang, Yuhao (57216375883); Tong, Yitian (56158489000); Xia, Yu (60422272800); Liu, Mingfei (59560294400); Huang, Yaoran (57224862736); Xiang, Chao (57190426694)","58680406700; 57863392300; 57216375883; 56158489000; 60422272800; 59560294400; 57224862736; 57190426694","Resonator-enhanced distributed Bragg reflector lasers","2026","Light: Science and Applications","15","1","142","","","1","10.1038/s41377-026-02249-x","https://www.scopus.com/pages/publications/105031789895?origin=resultslist","Narrow-linewidth lasers are pivotal components for advanced optical communications, precision metrology, and microwave photonics. The drive towards low-cost, high-volume manufacturing has fueled intense interest in integrated platforms for high-coherence optical sources. However, state-of-the-art integrated low-noise lasers are fundamentally constrained by trade-offs between linewidth, tunability, and operational robustness, often sacrificing one to achieve the others. Here, we introduce and experimentally demonstrate a new class of integrated lasers—resonator-enhanced distributed Bragg reflector (RE-DBR) lasers—that overcome these limitations, simultaneously achieving ultra-narrow linewidths, wide mode-hop-free tunability, and universal turnkey operation. The RE-DBR laser architecture incorporates a grating-assisted ring resonator that serves as a compact external cavity, providing narrow-band optical feedback to enable single-wavelength lasing. Importantly, the resonator enhancement enables RE-DBR lasers to circumvent the traditional linewidth-tunability trade-off inherent to conventional DBR lasers. Furthermore, unlike self-injection-locked lasers, RE-DBR lasers maintain high optical coherence and stable operation across a broad current tuning range, enabling robust, turnkey performance. As a proof of concept, we demonstrate a RE-DBR laser with a 24 Hz Lorentzian linewidth, 34 GHz mode-hop-free tuning range, and universal turnkey operability, all realized with an external cavity of only 0.56 million loaded Q and a sub-4 mm2 footprint. These results establish RE-DBR lasers as a cost-effective, high-performance integrated alternative to bulky, expensive benchtop lasers, enabling advancement in a wide variety of applications including telecommunications, sensing, and metrology. © The Author(s) 2026.","Cost effectiveness; DBR lasers; Distributed Bragg reflectors; Distributed feedback lasers; Laser optics; Linewidth; Microwave photonics; Optical communication; Optical resonators; Reflection; Tuning; Bragg reflector laser; Distributed-bragg-reflectors; External cavity; Narrow linewidth lasers; Optical-; Performance; Precision metrology; Trade off; Tunabilities; Tuning ranges; Economic and social effects","Article","Final","All Open Access; Gold Open Access; Green Open Access","Scopus","2-s2.0-105031789895"
"Wang B.; Guo X.; Feng Z.; Zhao Y.","Wang, Bo (57199068474); Guo, Xintong (60738697300); Feng, Zhiyuan (57226361509); Zhao, Yanping (55726063900)","57199068474; 60738697300; 57226361509; 55726063900","RIS-aided joint radar sensing and communications: Covert beamforming design","2026","Digital Signal Processing: A Review Journal","184","","106398","","","0","10.1016/j.dsp.2026.106398","https://www.scopus.com/pages/publications/105044586141?origin=resultslist","This paper proposes a covert beamforming design scheme with Reconfigurable Intelligent Surface (RIS) to enhance the transmission security of Integrated Sensing and Communication (ISAC) systems. The proposed scheme ensures that the ISAC signals transmitted from the base station (BS) remain undetectable to potential eavesdroppers, thereby achieving physical-layer information covertness. To realize this objective, this study focuses on the coordinated beamforming design between the BS and the RIS, with explicit consideration of two types of noise uncertainty models that an eavesdropper may adopt to improve its detection capability. By analyzing the minimum detection error probability achievable by the eavesdropper under an optimal detection strategy and adopting it as a key metric for the covertness constraint, we aim to design a beamforming strategy that maintains this error probability at a high level, thereby effectively ensuring reliable covert transmission. Furthermore, this work derives closed-form expressions for the Fisher Information Matrix (FIM) and the Cramér–Rao Bound (CRB) in the RIS-assisted ISAC system and formulates an optimization problem that minimizes the lower bound of sensing error under both covertness and communication quality constraints. Owing to the strong coupling among optimization variables, the resulting problem is highly non-convex. To address this issue, we propose an alternating optimization framework, which decomposes the original problem into two subproblems: active beamforming and passive beamforming. These subproblems are efficiently solved by using techniques such as successive convex approximation (SCA) and convex preserving transformation. Simulation results demonstrate that the proposed algorithm effectively enhances both the covertness and sensing performance under various parameter configurations, while reliably maintaining the communication quality for legitimate users. © 2026 Elsevier Inc.","Error detection; Fisher information matrix; Mathematical transformations; Matrix algebra; Network layers; Optimal detection; Communication quality; Communications systems; Covert beamforming design; Crame Rao bounds; Integrated sensing; Integrated sensing and communication; Reconfigurable; Reconfigurable intelligent surface,; Sensing systems; Sub-problems; Beamforming","Article","Final","","Scopus","2-s2.0-105044586141"
"Amatebelle E.C.; Mshelia Z.H.; Ogundeji A.A.","Amatebelle, Ekang C. (59727132700); Mshelia, Zachariah H. (58994953600); Ogundeji, Abiodun A. (36601119000)","59727132700; 58994953600; 36601119000","Flood vulnerability assessment along the eThekwini east coastline, South Africa","2026","Progress in Disaster Science","31","","100692","","","1","10.1016/j.pdisas.2026.100692","https://www.scopus.com/pages/publications/105048129774?origin=resultslist","Coastal regions are physically and socio-economically important. The eThekwini coastal city in South Africa is particularly vulnerable to flooding due to climate change. Despite recurrent flood events, research that integrates the physical and socio-economic dimensions of vulnerability remains limited. Flood vulnerability assessments based on limited criteria and components may yield results that are neither sufficiently detailed nor accurate. Consequently, this study aims to develop an integrated flood vulnerability assessment (IFVA) approach using the Geographic Information System (GIS)-based Analytical Hierarchy Process (AHP) framework. A participatory approach, based on seven (7) key informant interviews and three (3) focus group discussions, was thematically analysed to supplement the GIS model output. Thirteen criteria, grouped under two vulnerability components (physical and socio-economic), were assessed. The criteria were weighted using the AHP framework and integrated to generate separate vulnerability indices. The integrated flood vulnerability map was then developed by combining the physical and socio-economic vulnerability indices. The results show that 56% and 5% of the study area are highly and very highly vulnerable to flooding, respectively. These areas are concentrated in informal settlement hotspots, particularly Umlazi and Dakota, and in low-lying areas around Durban Bay and the uMkomazi and Mbokodweni River catchments. Moderate vulnerability accounted for 34% of the area, whereas very low and low vulnerability zones represented 1% and 4.24%, respectively. Qualitative findings identified several key drivers of high flood vulnerability. These include historically disadvantaged communities, social inequality, limited community engagement, communication gaps, blocked drainage systems, and the expansion of informal settlements, particularly in the southern part of the study area. The study demonstrates that an integrated geospatial framework can enhance flood vulnerability assessment and support stakeholder decision-making for sustainable planning in the area. © 2026 The Authors.","Durban Harbour; eThekwini; KwaZulu-Natal; South Africa; analytical hierarchy process; coast; flooding; GIS; participatory approach; remote sensing; vulnerability","Article","Final","All Open Access; Gold Open Access","Scopus","2-s2.0-105048129774"
"Cai X.; Wan R.; Ding R.; Wu J.; Li J.; Zhang K.; Lu J.; Hazarika D.; Xu L.; Ni J.; Xuan W.; Ma Y.; Jin H.; Dong S.; Luo J.","Cai, Xinyu (58065721400); Wan, Rui (59194012100); Ding, Rui (57476162200); Wu, Jianhui (57216081053); Li, Jie (57955116400); Zhang, Kaihang (58597189300); Lu, Jiaqi (58803618900); Hazarika, Dinku (58866982100); Xu, Liangquan (57221682299); Ni, Jiafeng (58130591600); Xuan, Weipeng (55821246000); Ma, Yungui (55955784400); Jin, Hao (36444955700); Dong, Shurong (8338413500); Luo, Jikui (8389079800)","58065721400; 59194012100; 57476162200; 57216081053; 57955116400; 58597189300; 58803618900; 58866982100; 57221682299; 58130591600; 55821246000; 55955784400; 36444955700; 8338413500; 8389079800","Multi-mode piezoelectric radiation-based microantennas and miniaturized wireless sensing unit driven by bulk acoustic waves","2026","Nature Communications ","17","1","3847","","","1","10.1038/s41467-026-70058-2","https://www.scopus.com/pages/publications/105037343850?origin=resultslist","Wireless sensing systems enable real-time, non-contact monitoring for next-generation intelligent platforms. Ideal wireless sensing systems feature compact, low power consumption, and long communication range. Here we report a miniaturized wireless sensing system with an integrated acoustic-resonance-driven piezoelectric microantenna (PE μ-antenna) with a 0.0196 mm2 active area. The PE μ-antenna integrated on a film bulk acoustic resonator (FBAR) achieves dual-frequency radiation at 1.85 GHz and 3.91 GHz with gains of –32.96 dBi and –20.5 dBi, respectively. The μ-antennas achieve over four orders of magnitude radiation efficiency enhancement and volume reduction compared with existing piezoelectric transmitters. We further extend this approach to high-overtone bulk acoustic resonators with high quality factors for wireless sensing. The system enables temperature and strain sensing with a transmission range up to 1 m, demonstrating state-of-the-art miniaturization and transmission performance among wireless sensing systems. This work establishes a scalable platform for ultracompact wireless sensors and communication nodes in biomedical, wearable, and aerospace applications. © The Author(s) 2026.","aluminum; molybdenum; nitrite; scandium; acoustic wave; communication; electromagnetic radiation; frequency analysis; magnetic property; performance assessment; Article; controlled study; miniaturization; noise reduction; piezoelectricity; radiofrequency radiation; shock wave; space; temperature; thin film (procedure); volume; wireless communication; article; human; miniaturization; nonhuman; sensor; wearable device","Article","Final","All Open Access; Gold Open Access; Green Open Access","Scopus","2-s2.0-105037343850"
"Tao Y.; Feng H.; Fang Y.; Xie X.; Zeng Y.; Wu Y.; Ge T.; Zhang Y.; Chen Z.; Tao Z.; Xu J.; Shu H.; Wang X.; Yu X.; Wang C.","Tao, Yuansheng (57202856932); Feng, Hanke (57224370448); Fang, Yuan (57203373086); Xie, Xiangzhi (57220953396); Zeng, Yuansong (57196947944); Wu, Yifan (60136362700); Ge, Tong (58489339200); Zhang, Yiwen (57433770900); Chen, Zhaoxi (57222098481); Tao, Zihan (57222297914); Xu, Jie (57145165600); Shu, Haowen (57193763632); Wang, Xingjun (7501856447); Yu, Xianghao (57189044606); Wang, Cheng (55700880900)","57202856932; 57224370448; 57203373086; 57220953396; 57196947944; 60136362700; 58489339200; 57433770900; 57222098481; 57222297914; 57145165600; 57193763632; 7501856447; 57189044606; 55700880900","Integrated photonic ultrawideband real-time spectrum sensing for 6G wireless networks","2026","Nature Communications ","17","1","3666","","","6","10.1038/s41467-026-70389-0","https://www.scopus.com/pages/publications/105036176452?origin=resultslist","Real-time spectrum sensing (RT-SS) is an essential technology for the upcoming sixth-generation (6G) networks, enabling dynamic spectrum management to support emerging integrated sensing and communication (ISAC) applications. However, conventional electronic and photonic RT-SS solutions face challenges in achieving ultrawide measurement range, compact size, and low latency, simultaneously. Here, we demonstrate an integrated photonic RT-SS system covering microwave to sub-terahertz bands on a thin-film lithium niobate (TFLN) platform. The TFLN chip integrates a broadband electro-optic (EO) modulator for signal loading, an EO microring filter bank for high-speed parallel frequency-to-time mapping, and an EO comb for channel referencing. The system achieves an analysis bandwidth of 57.5 GHz and measurable frequency up to 120 GHz, at a low latency of < 110 ns. The RT-SS system is further validated through a proof-of-concept ISAC demonstration, where a radar adaptively accesses underutilized spectral regions for high-quality ranging under dynamic communication interferences. Our work provides a compact solution for high-efficiency spectrum management in 6G ISAC networks. © The Author(s) 2026.","lithium; article; bandwidth; latent period; microwave radiation; proof of concept; velocity","Article","Final","All Open Access; Gold Open Access; Green Open Access","Scopus","2-s2.0-105036176452"
"Zhou Y.; Jing H.; Zhang W.; Ma X.; Fang W.; Huang S.; Chen X.; Gao W.","Zhou, Yong (43961687500); Jing, Haiaoyun (60439127200); Zhang, Wei (56783210200); Ma, Xiaohui (57013707300); Fang, Wentan (57226895754); Huang, Song (57204286497); Chen, Xiaolin (57224957990); Gao, Weiqing (7402756815)","43961687500; 60439127200; 56783210200; 57013707300; 57226895754; 57204286497; 57224957990; 7402756815","Mid-infrared low-loss Huygens’ meta-waveguide based on the resonant Kerker effect","2026","Optics Communications","619","","133560","","","0","10.1016/j.optcom.2026.133560","https://www.scopus.com/pages/publications/105043688990?origin=resultslist","The current mid-infrared integrated waveguide platforms continue to face persistent challenges, including multi-wavelength incompatibility and high propagation loss. Herein, we propose and design a low-loss Huygens' meta-waveguide operating in the 4 μm wavelength band by exploiting the Kerker effect. The meta-waveguide consists of a periodic array of germanium nano-antennas. By optimizing the geometric parameters of each nano-antenna, coherent interference between electric and magnetic dipole resonances is achieved, resulting in highly directional forward scattering. Furthermore, we engineer the inter-particle spacing and perform a band structure analysis of the infinite periodic array, which supports guided modes below the light line and thereby effectively suppresses radiation loss. Numerical simulations demonstrate that the proposed waveguide exhibits propagation losses below 3.1 dB/cm over the 3850–3900 nm range and below 7.0 dB/cm over the 3900–4050 nm range. The Huygens' regime over the investigated wavelength range is further corroborated by multipole decomposition and electric-field distributions. Our Huygens’ meta-waveguide is compatible with standard CMOS fabrication processes, offering a promising pathway toward low-loss, high-density photonic integration in the mid-infrared band, with potential applications in molecular sensing, thermal imaging, and free-space communications. © 2026 Elsevier B.V.","Antenna arrays; Coherent scattering; Electric fields; Electric losses; Optical waveguides; Periodic structures; Thermography (imaging); 'current; Huygen' meta-waveguide; Huygens; Integrated waveguides; Kerke effect; Low-loss; Midinfrared; Multipolar decomposition; Periodic arrays; Propagation loss; Forward scattering","Article","Final","","Scopus","2-s2.0-105043688990"
"Rahbari doust M.; Azghani M.","Rahbari doust, Mohammad (60513420800); Azghani, Masoumeh (37080058700)","60513420800; 37080058700","Off-grid FMCW-based radar and communication system with iterative decoder","2026","Digital Signal Processing: A Review Journal","184","","106485","","","0","10.1016/j.dsp.2026.106485","https://www.scopus.com/pages/publications/105049593746?origin=resultslist","Integrated sensing and communication (ISAC) has emerged as a promising technology for improving spectrum utilization by enabling radar sensing and wireless communication within a unified platform. In this paper, we consider an FMCW-based Radar and Communication (FRaC) system employing index modulation (IM) for autonomous vehicle applications and address two important challenges: the grid mismatch in radar parameter estimation and the high computational complexity of communication decoding. For radar sensing, we propose an off-grid estimation framework that successively refines the range, velocity, and angle estimates using local first-order approximations and block-sparse recovery. For the communication receiver, we propose a low-complexity iterative decoder for the IM symbols that estimates the transmitted symbol vector in the continuous domain through gradient-descent iterations and subsequently maps the continuous-domain estimates to the corresponding symbols in the discrete codebook via a quantization step, thereby avoiding the exhaustive search required by maximum-likelihood (ML) detection. In addition, essential theoretical properties of the proposed methods are investigated, including the derivation of the Cramér-Rao lower bound (CRLB) together with the analyses of local identifiability and algorithm behavior. Simulation results demonstrate that the proposed off-grid estimation method substantially improves parameter estimation accuracy, while the proposed iterative decoder achieves a significant reduction in computational complexity with only a modest degradation in bit-error-rate performance compared with ML detection. Copyright © 2026. Published by Elsevier Inc.","Bit error rate; Computational complexity; Continuous wave radar; Frequency modulation; Gradient methods; Maximum likelihood estimation; Parameter estimation; Radar signal processing; Signal receivers; Tracking radar; Vector quantization; Vehicle to vehicle communications; Communications systems; FMCW radar; Index modulation; Integrated sensing; Integrated sensing and communication; Iterative decoder; Off-grid estimation; Off-grids; Parameters estimation; Radar sensing; Iterative decoding","Article","Final","","Scopus","2-s2.0-105049593746"
"Mejri I.; Zrelli A.; Ezzedine T.","Mejri, Ikbel (57201780272); Zrelli, Amira (57189366140); Ezzedine, Tahar (6506334376)","57201780272; 57189366140; 6506334376","An integrated, simulation-based framework linking satellite fire patterns and wireless sensor network planning in Tunisia","2026","Scientific Reports","16","1","16184","","","1","10.1038/s41598-026-46885-0","https://www.scopus.com/pages/publications/105040152707?origin=resultslist","Wildfire risk assessment and monitoring remain critical challenges in Mediterranean ecosystems, particularly in North Africa, where recurrent ignition patterns threaten forested landscapes and rural livelihoods. This study presents an integrated, simulation-based framework that links retrospective satellite fire observations with spatial wildfire risk estimation and wireless sensor network (WSN) deployment analysis in Tunisia. Historical NASA FIRMS VIIRS fire detections (2022–2025) are analyzed using multiple spatial clustering algorithms to identify persistent ignition corridors. Supervised learning models, evaluated under spatial cross-validation and strict temporal splits, are employed to generate static wildfire occurrence likelihood surfaces. A ConvLSTM model is examined as an exploratory component to assess short-term spatiotemporal patterns in fire activity. Wildfire risk information is subsequently incorporated into a simulation-based, multi-objective WSN deployment framework solved using Particle Swarm Optimization (PSO). Simulation results obtained under idealized assumptions indicate that hotspot-informed WSN deployment strategies can reduce average inter-node distance by approximately 28% and communication energy consumption by approximately 35% relative to a uniform grid baseline. While the proposed framework does not constitute an operational early-warning system, it provides a reproducible methodology for translating satellite-derived wildfire risk information into monitoring infrastructure planning, with relevance for fire-prone regions in Tunisia and similar Mediterranean environments. © The Author(s) 2026.","article; diagnosis; energy; fire; human; remote sensing; simulation; Tunisia; wildfire","Article","Final","All Open Access; Gold Open Access; Green Open Access","Scopus","2-s2.0-105040152707"
"Zhou H.; Qi J.; Zhao X.; Duan Z.; Xie F.; Zheng Y.; Duan W.; Chu J.; Zhang R.","Zhou, Hong (59245078900); Qi, Jiao (59415958600); Zhao, Xuanbo (59508004700); Duan, Zhongtao (57231240900); Xie, Fengxian (45961747700); Zheng, Yuxiang (7404836697); Duan, Weibo (12791142100); Chu, Junhao (7402880878); Zhang, Rongjun (7404864740)","59245078900; 59415958600; 59508004700; 57231240900; 45961747700; 7404836697; 12791142100; 7402880878; 7404864740","Polarimetric photodetector based on quasi-1D Ta2NiSe5/2D MoSe2 heterojunction with polarization inversion for multidimensional optical encoding and artificial vision","2027","Journal of Materials Science and Technology","288","","","34","43","0","10.1016/j.jmst.2026.08.040","https://www.scopus.com/pages/publications/105050148962?origin=resultslist","Polarization-sensitive photodetectors capable of simultaneously resolving optical intensity and polarization state provide expanded information dimensions for remote polarization imaging, optical communication, and artificial vision. However, most existing systems rely on external polarization optics or exhibit weak coupling between spectral and polarization degrees of freedom, limiting their integration and information-processing capability. Here, we report a mixed-dimensional heterojunction by integrating quasi-1D Ta2NiSe5 with 2D MoSe2. Through interfacial band alignment and built-in electric field formation, the heterostructure device enables effective dark current suppression and dual-band polarization-spectral response capability. The Ta2NiSe5/MoSe2 photodetector exhibits broadband photodetection covering ultraviolet to near-infrared (200–1500 nm), with a high detectivity of 1.8 × 1010 Jones, a responsivity of 2340 mA /W, and an external quantum efficiency exceeding 717%, together with a fast temporal response of 48.5 μs. In addition, the device displays competitive polarization sensitivity with a polarization ratio value of 5.6 at 638 nm. More importantly, it delivers a strong polarization-sensitive response together with a pronounced wavelength-controlled polarization eigenstate switching behavior, where orthogonal polarization responses are realized between the visible (405 nm) and infrared (808 nm) regimes. Taking advantage of the multidimensional response characteristics, we demonstrated its polarization-spectral multiplexed imaging, multi-channel optical communication, and convolutional neural network-assisted image recognition, achieving an accuracy approaching 99%, highlighting the capability of the device for integrated sensing and computing. This work develops a functional heterostructure for multidimensional optoelectronics and provides a promising strategy toward next-generation intelligent vision systems, polarization communication technologies, and neuromorphic photonic devices. © 2026","Computer vision; Degrees of freedom (mechanics); Infrared detectors; Molybdenum compounds; Optical communication; Optical data processing; Photonic devices; Photonic integration technology; Photons; Polarization; Tantalum compounds; Vision; Visual communication; Optical encoding; Optical intensities; Optical-; Photo detection; Polarization imaging; Polarization inversions; Polarization sensitive; Polarization-sensitive photodetection; Van der Waal; Van der waal heterostructure; Anisotropy; Heterojunctions; Van der Waals forces","Article","Final","","Scopus","2-s2.0-105050148962"
"Al Satai H.","Al Satai, Haitham (60050012300)","60050012300","Underwater optical integrated sensing and communication as a networked architecture: A survey of communication, localization, alignment, and task-driven autonomy","2026","Optical Switching and Networking","62","","100882","","","0","10.1016/j.osn.2026.100882","https://www.scopus.com/pages/publications/105046543893?origin=resultslist","Underwater optical integrated sensing and communication is emerging at the intersection of high-rate underwater optical links, optical localization, beam alignment, docking guidance, and autonomous underwater vehicle networking. Existing studies often treat these functions separately, either as physical-layer communication links, localization algorithms, or robotics demonstrations. This survey argues that such a separation is insufficient because underwater optical links are governed by the same variables that sensing and control must estimate: range, orientation, pointing error, receiver field of view, blockage, water attenuation, scattering, turbulence, and platform mobility. The paper therefore reviews underwater optical sensing-communication integration as a networked architecture problem. It organizes work from January 2020 to April 2026 around five research questions covering the distinction between related and true integrated sensing and communication systems, the role of device/link/network/application layers, maturity of the literature, protocol mechanisms, and deployment readiness. The survey develops a four-layer architecture, separates adjacent enablers from true and networked integrated sensing and communication contributions, proposes a six-level maturity score, and compares representative systems in terms of communication performance, sensing observable, localization or guidance metric, validation method, water condition, mobility, topology, and network function. The review further analyzes candidate protocol mechanisms for directional medium access control, pose-aware routing, optical-acoustic handover, topology control, docking-station access, and multi-autonomous-underwater-vehicle coordination. The central finding is that the field has strong device-, link-, localization-, and docking-level evidence, but remains weak at the network layer. Future progress requires quantitative communication-sensing-network metrics, reproducible testbeds, switching criteria for optical-acoustic operation, failure recovery mechanisms, and experimentally validated architectures that connect optical observations to network decisions. © 2026 Elsevier B.V.","Autonomous underwater vehicles; Autonomous vehicles; Computer architecture; Docking; Fiber optic networks; Integrated optics; Internet protocols; Network layers; Network topology; Optical communication; Optical links; Underwater acoustics; Underwater optical wireless communication; Autonomous underwater vehicle networking; Autonomous underwater vehicles]; Hybrid acoustic-optical network; Integrated sensing; Integrated sensing and communication; Optical-; Optical-wireless communications; Underwater localization; Underwater optical network; Vehicle networkings; Network architecture","Review","Final","","Scopus","2-s2.0-105046543893"
"Chang C.-M.; Chang P.-H.; Chow C.-W.","Chang, Chun-Ming (60236120000); Chang, Po-Hao (60736291400); Chow, Chi-Wai (55479344800)","60236120000; 60736291400; 55479344800","Indoor human visible light positioning using optical camera geometry and multilayer perceptron-based error compensation towards VLC-based integrated sensing and communication","2026","Optics Communications","620","","133584","","","0","10.1016/j.optcom.2026.133584","https://www.scopus.com/pages/publications/105044496070?origin=resultslist","Visible light communication (VLC) has gradually evolved from conventional lighting-communication integration toward the convergence of lighting, communication, and sensing functionalities, commonly referred to as VLC-based integrated sensing and communication (ISAC). Indoor visible light positioning (VLP) has attracted significant attention; however, most existing VLP studies mainly focus on receiver (Rx) localization based on received signal strength (RSS) or optical signal measurements, while human ground-plane localization using pose keypoints remains relatively less explored. In this work, we propose and experimentally demonstrate an indoor human ground-plane VLP system by integrating You-Only-Look-Once-Pose (YOLO-Pose), optical camera geometry, and multilayer perceptron (MLP)-based error compensation. YOLO-Pose is employed to detect human body keypoints and light-emitting-diode (LED) positions from captured images, while camera calibration and geometric projection are used to map the ankle midpoint of the detected human skeleton onto the floor plane in world coordinates, thereby providing a baseline geometry-based localization result. An MLP-based compensation model is then introduced to predict correction offsets in the x- and y-directions. Proof-of-concept experimental results show that, for the test trajectory, the proposed scheme reduces the mean localization error from 10.64 cm to 0.98 cm and the root mean square error (RMSE) from 12.44 cm to 1.42 cm. In addition, a preliminary optical wireless data transmission experiment is demonstrated using the same LED infrastructure, where directly modulated LED signals are separated by different radio-frequency (RF) carrier frequencies. These results show the potential of the proposed localization-oriented framework as a step towards indoor VLC-based ISAC applications. © 2026 Elsevier B.V.","Cameras; Compensation (personnel); Error compensation; Geometry; Indoor positioning systems; Light emitting diodes; Light transmission; Multilayers; Optical multilayers; Visible light communication; Integrated sensing; Integrated sensing and communication; Light positioning; Lightemitting diode; Localisation; Multilayers perceptrons; Visible light; Visible light communication; Visible light positioning; Signal receivers","Article","Final","","Scopus","2-s2.0-105044496070"
"Cai Y.; Ma S.; Shang L.; Hao X.; Zhang J.; Wang J.; Liu X.; Xu B.","Cai, Yonghao (60877297000); Ma, Shufang (8579864100); Shang, Lin (57204826919); Hao, Xiaodong (57214330312); Zhang, Jing (57196383413); Wang, Jiahui (57543091300); Liu, Xinyi (60877060000); Xu, Bingshe (34668667400)","60877297000; 8579864100; 57204826919; 57214330312; 57196383413; 57543091300; 60877060000; 34668667400","Research progress on infrared photodetectors based on low-dimensional black phosphorus materials","2027","Physica E: Low-Dimensional Systems and Nanostructures","185","","116668","","","0","10.1016/j.physe.2026.116668","https://www.scopus.com/pages/publications/105050425471?origin=resultslist","Infrared (IR) detection is critical for night vision, spectroscopic sensing, and optical communications. Traditional IR photodetectors suffer from inherent limitations: high fabrication costs, mandatory cryogenic cooling, and poor silicon process compatibility. Low-dimensional materials offer a promising alternative, featuring tunable bandgaps, high carrier mobility, and strong light–matter interactions. Black phosphorus (BP) stands out for its layer-dependent direct bandgap, high carrier mobility, and remarkable in-plane anisotropy. However, although dark current can be partially suppressed via low-bias or photovoltaic modes, intrinsic thermally generated carriers remain a core bottleneck for room-temperature mid-infrared BP photodetectors compared with mature bulk systems. Most existing reviews focus on two-dimensional (2D) exfoliated BP flakes and their basic optoelectronic performance. From a multi-dimensional low-dimensional structure perspective, this review systematically summarizes recent advances in BP-based IR photodetectors. First, it introduces BP photodetection fundamentals and emerging physical phenomena—polariton field enhancement, ultrafast carrier dynamics, and moiré exciton engineering—with a critical comparison to other mainstream IR materials. It then covers BP's crystal structure, intrinsic properties, and synthesis strategies for zero-dimensional (0D), one-dimensional (1D), and two-dimensional (2D) BP nanostructures. Addressing BP's critical environmental instability, it clarifies the underlying degradation mechanism and summarizes mainstream stabilization approaches. It further reviews device architectures from single-pixel detectors and integrated focal plane arrays to printable imagers, revealing core performance-governing mechanisms. Finally, it identifies key challenges and prospects for stable, high-performance BP IR photodetectors. © 2026 Elsevier B.V.","Black Phosphorus; Carrier mobility; Convergence of numerical methods; Crystal structure; Degradation; Excitons; Infrared detectors; Phosphorus; High carrier mobility; Infrared detection; Infrared photodetector; Low dimensional; Low-dimensional materials; Night vision; Performance; Photo detection; Photodetection mechanism; Two-dimensional; Photons","Review","Final","","Scopus","2-s2.0-105050425471"
"Zhao J.; Zheng J.; Wei K.; He Q.; Zhang C.; Tian C.; Wang Q.; Liu X.; Yang G.; Qu H.; Zheng H.; Zheng Y.","Zhao, Jiaying (60778216500); Zheng, Jia (60778145400); Wei, Kezheng (60778254100); He, Qingshan (57993592100); Zhang, Chunlin (57214916928); Tian, Chenfu (60627716800); Wang, Qixian (57200945400); Liu, Xiufei (57188858842); Yang, Guojun (57993592200); Qu, Hua (54884455300); Zheng, Hongting (35075606900); Zheng, Yi (17136681500)","60778216500; 60778145400; 60778254100; 57993592100; 57214916928; 60627716800; 57200945400; 57188858842; 57993592200; 54884455300; 35075606900; 17136681500","Single-atom nanozyme-based wireless microfluidic sensing platform for noninvasive hyperuricemia diagnosis","2026","Biosensors and Bioelectronics","313","","119098","","","0","10.1016/j.bios.2026.119098","https://www.scopus.com/pages/publications/105046593316?origin=resultslist","Hyperuricemia is characterized by abnormally elevated serum uric acid (UA) levels. Persistent hyperuricemia not only triggers gout but also causes damage to the kidneys and cardiovascular system. Therefore, utilizing non-invasive diagnostic methods for early and continuous monitoring is crucial for preventing disease progression. Herein, we reported a portable wireless electrochemical sensing platform constructed from SA-Pt/rGO/MOF catalysts prepared via photochemical deposition of platinum single atoms (Pt SAs) on reduced graphene oxide/metal-organic framework (rGO/MOF) composites. The designed single-atom catalysts (SACs) exhibited exceptional electrocatalytic activity toward UA oxidation, and the fabricated sensing platform demonstrated a broad linear detection range (1-1000 μM) and relatively low detection limit (1.12 μM), with excellent selectivity and reproducibility. To enhance direct biofluid analysis, we designed a hydrophilic surface-modified microfluidic device for enhanced collection efficiency. Building upon this device, the integrated wireless microfluidic electrochemical platform enabled quantitative UA analysis and correlation studies in serum and saliva from 10 hyperuricemia patients and 10 healthy volunteers, demonstrating promising clinical utility. This work not only extended SACs applications to ultrasensitive biomarker detection but also provided a feasible strategy for developing next-generation non-invasive point-of-care testing (POCT) devices. © 2026 Elsevier B.V.","Biosensing Techniques; Catalysis; Electrochemical Techniques; Equipment Design; Graphite; Humans; Hyperuricemia; Lab-On-A-Chip Devices; Limit of Detection; Metal-Organic Frameworks; Platinum; Uric Acid; Wireless Technology; Atoms; Body fluids; Catalyst activity; Catalyst selectivity; Chemical detection; Diagnosis; Fluidic devices; Graphene; Hydrophilicity; Noninvasive medical procedures; Platinum compounds; Reduction; artificial enzyme; biological marker; graphene; metal organic framework; platinum; single atom nanozyme; unclassified drug; uric acid; graphene oxide; graphite; uric acid; Electrochemicals; Hyperuricemia; Metalorganic frameworks (MOFs); Point-of-care testing; Sensing platforms; Single-atom catalyst; Single-atoms; Uric acid detection; Uric acids; ]+ catalyst; Article; cardiovascular system; catalysis; clinical article; continuous glucose monitoring; controlled study; diagnostic test accuracy study; energy dispersive X ray spectroscopy; field emission scanning electron microscopy; human; hyperuricemia; kinetics; microfluidic analysis; point of care testing; quantitative analysis; reproducibility; transmission electron microscopy; X ray diffraction; blood; chemistry; devices; diagnosis; electrochemical analysis; equipment design; genetic procedures; hyperuricemia; lab on a chip; limit of detection; wireless communication; Electrochemical sensors","Article","Final","","Scopus","2-s2.0-105046593316"
"Semerikov S.O.; Nechypurenko P.P.; Vakaliuk T.A.; Mintii I.S.; Kolhatin A.O.","Semerikov, Serhiy O. (56375008500); Nechypurenko, Pavlo P. (57194519666); Vakaliuk, Tetiana A. (57211133927); Mintii, Iryna S. (57204971103); Kolhatin, Andrii O. (57203143857)","56375008500; 57194519666; 57211133927; 57204971103; 57203143857","Energy-efficient neuromorphic computing for ultra-low latency cognitive radio: a hardware-software co-design framework for 6 G spectrum intelligence","2026","Discover Artificial Intelligence","6","1","363","","","1","10.1007/s44163-026-01093-7","https://www.scopus.com/pages/publications/105037429985?origin=resultslist","Sixth-generation (6 G) wireless networks demand cognitive radio systems that simultaneously achieve sub-millisecond latency and sustainable energy consumption – requirements conventional artificial intelligence approaches cannot meet. This paper presents a hardware-software co-design framework integrating neuromorphic computing with cognitive radio to address both constraints through brain-inspired spiking neural networks (SNNs). We systematically analyze five neuromorphic platforms – Intel Loihi 2, IBM TrueNorth, SpiNNaker, SpiNNaker 2, and Intel Hala Point – using standardized benchmarks from the Intel Neuromorphic Deep Noise Suppression (N-DNS) Challenge, demonstrating sub-millisecond spectrum decisions (50-170 s end-to-end latency) with energy consumption reduced by 100-1000 (31 pJ per spike) compared to conventional GPU-based approaches (2.5−12.5 J per operation). Our framework provides three novel contributions: (1) a unified co-design methodology optimizing spike encoding, network topology, and hardware mapping jointly to achieve 3 efficiency gains over independent optimization; (2) quantitative design rules for encoding selection – rate coding for signal-to-noise ratios below -10 dB, temporal coding for latency requirements below 100 s, and population coding for reliability exceeding 99.9%; and (3) experimental validation achieving 97.6% classification accuracy on real-world spectrum data from industrial IoT deployments consuming only 31 mW average power. Through five detailed case studies spanning industrial automation (99.9% uptime over 6 months), vehicle-to-everything communications (98.7% collision avoidance), defense applications (95% reliability under 40 dB jamming), smart cities (100,000 sensors), and healthcare (15-year implant lifetime), we demonstrate neuromorphic cognitive radio’s practical viability. The framework addresses critical deployment barriers including device variability mitigation (±20% threshold compensation), cross-platform algorithm portability, and RF-to-spike conversion interfaces. These results establish neuromorphic computing as a foundational technology for energy-constrained, latency-critical 6 G wireless systems, with implications extending to radar processing, electronic warfare, and satellite communications. © The Author(s) 2026.","Automation; Benchmarking; Brain; Brain mapping; Cognitive systems; Computer hardware; Encoding (symbols); Green computing; Hardware-software codesign; Integrated circuit design; Internet of things; Mapping; Network coding; Program processors; Software design; Software reliability; Spurious signal noise; Wireless networks; 6 G wireless network; Brain-inspired computing; Dynamic spectrum allocations; Energy; Event-driven; Event-driven processing; Hardware/software codesign; Intel loihi; Low latency; Neural-networks; Neuromorphic computing; Spectrum sensing; Spiking neural network; Ultra-low latency; Cognitive radio","Review","Final","All Open Access; Gold Open Access; Green Open Access","Scopus","2-s2.0-105037429985"
"Ekrami M.; Roshani-Dehlaghi N.; Emam-Djomeh Z.; Behmadi H.; Azarpazhooh E.; Rui X.","Ekrami, Mohammad (55883288200); Roshani-Dehlaghi, Negar (58029763700); Emam-Djomeh, Zahra (16041822600); Behmadi, Homa (55326782900); Azarpazhooh, Elham (35338947300); Rui, Xin (55607978800)","55883288200; 58029763700; 16041822600; 55326782900; 35338947300; 55607978800","Emerging smartphone-based real-time monitoring for food freshness and spoilage assessment in stimuli-responsive smart packaging","2026","Applied Food Research","6","2","102616","","","0","10.1016/j.afres.2026.102616","https://www.scopus.com/pages/publications/105051040122?origin=resultslist","Smart packaging responsive to stimuli, coupled with smartphone-based sensing, could revolutionize the timely assessment of food freshness and spoilage throughout the supply chain. This review attempts to bridge the gap between smart packaging technologies responsive to chemical and physical stimuli (pH, temperature abuse, spoilage volatiles, etc.) and their translation into quantifiable digital signals through smartphone interfaces. For freshness and spoilage monitoring, “Four primary smartphone-integrated sensing modes are considered, RGB camera imaging, NFC-enabled systems, smartphone-assisted spectral analysis, and BLE sensors, while thermal imaging is discussed separately as a complementary temperature-monitoring modality. In this regard, machine learning is emerging as a valuable tool for neutralizing hardware variation, reducing false positive/negative outputs, and developing predictive models of spoilage. Other emerging interfaces, including QR codes as data gateways and IoT-enabled data ecosystems, are also discussed, while smartphone thermography is evaluated separately as a temperature-monitoring modality. On the other hand, with validated global standards and interoperable communication protocols, smartphone-based packaging moves the paradigm for food quality and spoilage monitoring from after-the-fact testing to proactive, data-driven assessment. A stepwise roadmap is proposed for validating and deploying these technologies for food-quality monitoring, early warning of spoilage-associated risks, and potential food-waste reduction. © 2026 The Author(s).","camera; communication protocol; ecosystem; food quality; food waste; machine learning; nonhuman; packaging; pH; predictive model; QR-code; review; sensor; smartphone; supply chain; temperature; temperature measurement; thermography","Review","Final","All Open Access; Gold Open Access","Scopus","2-s2.0-105051040122"
"Huang H.; Xue G.; Zhan J.; Yang Y.; Jia B.; Dong Z.; Deng Z.; Zhao X.","Huang, Heyuan (56742437200); Xue, Gang (60637009400); Zhan, Jianning (60147258400); Yang, Yu (58318862300); Jia, Ben (57296992400); Dong, Zhicheng (57306399900); Deng, Zexing (57194479969); Zhao, Xin (56941042200)","56742437200; 60637009400; 60147258400; 58318862300; 57296992400; 57306399900; 57194479969; 56941042200","Polymer-Based Flexible Wireless Sensors for Health Monitoring","2026","Nano-Micro Letters","18","1","398","","","9","10.1007/s40820-026-02233-5","https://www.scopus.com/pages/publications/105040974902?origin=resultslist","A system-level review of polymer-based flexible wireless sensors for epidermal, subcutaneous, and short-term implantable health monitoring is presented, elucidating the coupling among materials, interfaces, and wireless links. Materials design and application studies are systematically integrated to clarify how different material systems influence sensing performance, signal stability, and monitoring reliability. Key challenges and future trends are summarized, with emphasis on mitigating material-level noise, high sensitivity, multifunctional integration, and clinical translation potential. © The Author(s) 2026.","Flexible couplings; Interfaces (materials); Continuous monitoring; Flexible sensor; Health monitoring; In vivo continuous monitoring; In-vivo; Low-power wireless communications; Polymer based; System levels; System robustness; Wireless sensor; Data handling","Review","Final","All Open Access; Gold Open Access; Green Open Access","Scopus","2-s2.0-105040974902"
"Su J.; Yuan Y.; Dai Y.; Sun A.; Ran S.; Gao W.; Liu W.; Liu Y.; Lu L.; Zhang J.; Zeng C.; Dong B.; Li Y.; Chi N.; Xia J.; Chen J.; Zhou L.","Su, Jinwei (59513920400); Yuan, Yuqin (59376763700); Dai, Yiqi (59243376400); Sun, Aolong (57918481200); Ran, Shihuan (57809075700); Gao, Wei (57213264131); Liu, Wei (60380585000); Liu, Yinjun (58395653100); Lu, Liangjun (55413848500); Zhang, Junwen (35115864600); Zeng, Cheng (57204598259); Dong, Boyu (57643324800); Li, Yu (59319107300); Chi, Nan (7006655653); Xia, Jinsong (7402327158); Chen, Jianping (55087317500); Zhou, Linjie (60766127100)","59513920400; 59376763700; 59243376400; 57918481200; 57809075700; 57213264131; 60380585000; 58395653100; 55413848500; 35115864600; 57204598259; 57643324800; 59319107300; 7006655653; 7402327158; 55087317500; 60766127100","A broadband lithium tantalate-on-silicon nitride heterogeneous modulator for optical and terahertz communications and radar sensing","2026","Nature Communications ","17","1","9933","","","0","10.1038/s41467-026-76800-0","https://www.scopus.com/pages/publications/105051026071?origin=resultslist","Photonic integrated circuits have driven advances in optical interconnects, wireless communications, seamless sensing. Electro-optic modulators, which bridge the electronic and optical domains, act as the cornerstone of these systems. To address the ultra-broadband demands of next-generation information systems while enabling heterogeneous integration with other functional components, here we present a high-performance thin-film lithium tantalate-on-silicon nitride heterogeneous Mach-Zehnder modulator fabricated via micro-transfer printing. The device shows an insertion loss of 1.0 dB, an electro-optic bandwidth exceeding 110 GHz, and a power drift of ~0.3 dB over 72 h at quadrature bias. We employ the modulator for three typical scenarios in the applications of optical communications, fully photonic terahertz wireless communications, and radar sensing. It achieves optical data transmission rates beyond 375 Gbps, a record rate of 148 Gbps for wireless communications in the D-Band, and a range resolution of 1.2 cm with measured errors below 2 mm in the W-Band. These results pave the way for scalable, high-performance, cross-domain photonic chips for next-generation information networks. © The Author(s) 2026.","lithium; silicon nitride; data transmission; detection method; instrumentation; lithium; radar; wavelength; article; bandwidth; controlled study; integrated circuit; optics; printing; wireless communication","Article","Final","All Open Access; Gold Open Access; Green Open Access","Scopus","2-s2.0-105051026071"
"Gao X.; Hong Y.; Luo C.; Fan X.","Gao, Xin (60856803900); Hong, Yi (56984270100); Luo, Chuanwen (56896614200); Fan, Xin (57195226878)","60856803900; 56984270100; 56896614200; 57195226878","GSCF: A joint scheduling framework for service gap minimization and resource optimization in UAV-assisted edge computing","2027","Ad Hoc Networks","194","","104416","","","0","10.1016/j.adhoc.2026.104416","https://www.scopus.com/pages/publications/105050058793?origin=resultslist","Unmanned Aerial Vehicle-assisted Mobile Edge Computing (UAV-MEC) provides flexible communication and edge-computing support in infrastructure-scarce environments such as wide-area forest monitoring. In these environments, complex terrain and vegetation attenuation reduce the number of feasible air–ground links, while bursty sensing events generate many deadline-constrained tasks and increase both service-gap risk and scheduling scale. To address these coupled challenges, this paper proposes the Geometrized Scheduling and Clustering Framework (GSCF), which provides a structured approximate decomposition of the coupled scheduling problem. First, the Integrated Incremental Stream Clustering (IISC) algorithm aggregates spatially correlated and service-compatible current-slot raw tasks into traceable micro-clusters while preserving the data volume, CPU-cycle demand, earliest deadline, service type, and representative location required by subsequent decisions. Second, a location-dependent energy-aware generalized topology mechanism jointly accounts for projected residual energy, movement cost, regional migration penalty, and spatial proximity to construct candidate UAV regions and horizontal targets. Third, mode-specific feasible-edge screening builds a candidate graph; Minimum Cost Maximum Flow (MCMF) generates a complete candidate assignment, Karush–Kuhn–Tucker (KKT) conditions allocate UAV CPU resources, and aggregate validation with deterministic repair establishes constraint consistency. Experiments show that GSCF achieves the lowest system weighted cost and deadline-miss rate among the six evaluated algorithms. Compared with Distance-only and Static-Grid, it delays the first UAV-unavailability event by 16.60–19.85 and 56.45–60.00 slots, respectively. At a task load of 100, IISC reduces the solver time from 18.626 s to 1.295 s compared with No-IISC. © 2026 Elsevier B.V. All rights are reserved, including those for text and data mining, AI training, and similar technologies.","Aggregates; Antennas; Cost accounting; Forestry; Mobile edge computing; Power management; Response time (computer systems); Topology; Clusterings; Complete task offloading; Energy aware; Energy-aware topology planning; Maximum flows; Minimum cost; Minimum cost maximum flow; Stream micro-clustering; Task offloading; UAV-assisted MEC; Unmanned aerial vehicles (UAV)","Article","Final","","Scopus","2-s2.0-105050058793"
"Ali A.; Mehdi S.R.; Al-Azzawi A.A.; Lin S.; Jativa P.P.; Rahman W.U.; Bibi B.; Alkasem A.","Ali, Amjad (59283781400); Mehdi, Syed Raza (57218380386); Al-Azzawi, Alabbas A. (57202251113); Lin, Shulan (60797393800); Jativa, Pablo Palacios (57195428129); Rahman, Waseem Ur (60797303300); Bibi, Baseerat (57221012071); Alkasem, Ameen (57194068682)","59283781400; 57218380386; 57202251113; 60797393800; 57195428129; 60797303300; 57221012071; 57194068682","AI-enabled integrated sensing, communication, and illumination in VLC/LiFi networks for 6G: Recent advances and future perspectives","2026","Optical Switching and Networking","62","","100883","","","0","10.1016/j.osn.2026.100883","https://www.scopus.com/pages/publications/105047788138?origin=resultslist","Visible light communication (VLC) and light fidelity (LiFi) are emerging as promising optical wireless technologies for sixth-generation (6G) networks, offering high-capacity, spatially confined, and electromagnetic-interference-free wireless access by exploiting existing lighting infrastructure. Beyond conventional data transmission, the same optical infrastructure can simultaneously support illumination, indoor positioning, and environmental sensing, a convergence formally defined as lighting, sensing, and communication (LiSAC). This review presents an integrated perspective on AI-enabled LiSAC in VLC/LiFi networks for 6G. The fundamentals of VLC/LiFi, including the Lambertian channel model, intensity-modulated direct-detection constraints, and LiFi networking architecture, are first introduced. The evolution from communication-oriented VLC toward coordinated LiSAC, encompassing visible-light positioning achieving decimeter-to-centimeter accuracy and visible-light sensing demonstrating occupancy and gesture recognition above 90% accuracy, is then reviewed. The role of artificial intelligence across channel estimation, signal detection, adaptive dimming, localization, resource allocation, and handover is examined, with deep reinforcement learning demonstrating up to 48% data rate improvement and federated learning enabling privacy-preserving distributed optimization. Photonic and device-level enablers, including GaN micro-LEDs with bandwidths exceeding 800 MHz, perovskite quantum dot color converters with bandwidths 40 times greater than conventional phosphors, wavelength-shifting fiber-based detectors, and optical intelligent reflecting surfaces, are reviewed as the hardware foundation for 6G LiSAC systems. Finally, key challenges, including LOS blockage, multi-function trade-offs, dataset scarcity, hardware–algorithm mismatch, real-time implementation, privacy, and standardization, are discussed alongside a structured three-horizon research roadmap. The review highlights that future VLC/LiFi systems must move toward AI-native, photonic-integrated, privacy-aware, and experimentally validated architectures capable of supporting multifunctional 6G services. © 2026 Elsevier B.V.","Adaptive optics; Bandwidth; Data privacy; Deep reinforcement learning; Electromagnetic pulse; Human computer interaction; Interactive computer systems; Learning systems; Light emitting diodes; Light transmission; Photonic devices; Photonic integration technology; Real time systems; Signal interference; Visible light communication; 6g; Deep learning; Indoor positioning; Integrated sensing; Integrated sensing and communication; Light fidelity; Lighting, sensing, and communication; Optical intelligent reflecting surface; Optical-; Optical-wireless communications; Photonic integrations; Reflecting surface; Visible light; Wavelength-shifting fibers; Deep learning","Review","Final","","Scopus","2-s2.0-105047788138"
"Chang W.; Zhang S.; Yang Y.; Cao Y.","Chang, Weilin (60566747200); Zhang, Shiqiang (36992808400); Yang, Yongli (57201182899); Cao, Yang (56449681200)","60566747200; 36992808400; 57201182899; 56449681200","Decision-consistent online control for move-then-serve UAV-enabled integrated sensing and communication","2026","Vehicular Communications","61","","101061","","","0","10.1016/j.vehcom.2026.101061","https://www.scopus.com/pages/publications/105044840207?origin=resultslist","Move-then-serve control in vehicular integrated sensing and communication (ISAC) systems enabled by an unmanned aerial vehicle (UAV) requires the UAV to choose its motion before communication and sensing resources are optimized at the realized post-motion location. This timing turns mobility selection into a recourse decision in which each reachable location should be scored by the executable value obtained after local resource re-optimization at that same location. We develop a decision-consistent exact-execution controller (DCEE) for a UAV-assisted road corridor with data backlog, age of information (AoI), tracking uncertainty, flight cost, resource cost, and road-context cost. Lyapunov drift-plus-penalty is used as a causal reduction tool, while the central object is the executable post-motion value field. DCEE combines a smooth regularized design stage with unregularized post-motion resource execution. The analysis gives a statewise executed-value gap, primitive-error robustness, conditional long-run penalty/backlog guarantees, an explicit statewise Slater-type sufficient condition, a finite-candidate union (FC-Union) benchmark, and adaptive-altitude and multi-UAV recourse interfaces. The evaluation includes finite-family gap diagnostics, runtime and scalability tests, queue and slack diagnostics, model-sensitivity studies, deep reinforcement learning (DRL) baselines, and an altitude diagnostic. Under FC-Union, finite-family gaps are nonnegative, and all candidate evaluations satisfy the reference-eligibility test after deterministic rescue. In the lightweight balanced runtime diagnostic, DCEE averages 81.85 ms per slot for mobility-controller computation. In a held-out comparison with a shared unregularized post-motion backend, validation-tuned DCEE achieves lower mean penalty than proximal policy optimization (PPO), soft actor–critic (SAC), and deep deterministic policy gradient (DDPG) mobility policies and reduces average backlog by 66.2%–67.7%. In a compact altitude diagnostic, DCEE-3D reduces backlog from 239.356 to 209.267 at comparable penalty. © 2026","","Article","Final","","Scopus","2-s2.0-105044840207"
"Xiong R.; Liu C.; Li Z.; Zhang X.; Chen L.; Chen Y.; Zhang L.; Liu J.; Chen Y.; Zhou H.; Li H.; Li X.; Lei Z.; Xia Y.; Mou L.","Xiong, Rubing (59947604500); Liu, Chenfei (57427320100); Li, Zhiqi (59392694600); Zhang, Xinyu (59750295300); Chen, Lu (60683111700); Chen, Yuankai (55206916500); Zhang, Lu (60610175900); Liu, Jing (60758107400); Chen, Yongmei (59512345200); Zhou, Huanyu (59947560100); Li, Huayan (60803980100); Li, Xiang (60804079300); Lei, Zhibo (60803980200); Xia, Yong (59662799300); Mou, Lei (57193708385)","59947604500; 57427320100; 59392694600; 59750295300; 60683111700; 55206916500; 60610175900; 60758107400; 59512345200; 59947560100; 60803980100; 60804079300; 60803980200; 59662799300; 57193708385","Electrode multiplexing enables scalable continuous molecular monitoring in interstitial fluid","2026","Biosensors and Bioelectronics","313","","119132","","","0","10.1016/j.bios.2026.119132","https://www.scopus.com/pages/publications/105048076852?origin=resultslist","Continuous molecular monitoring in interstitial fluid could transform the real-time decoding of human physiology, but current wearable bioelectronics remain fundamentally constrained by hardware scaling, where each additional analyte typically requires dedicated sensing electrodes and circuitry. Here, we introduce an electrode multiplexing architecture that enables continuous multiplexed monitoring without increasing the number of electrodes. Central to this strategy is a dynamically reconfigurable ion-selective electrode that alternates between potentiometric sensing and counter electrode operation. This allows a single electrode to support multiple electrochemical modalities. Integrated with a nanoengineered gold nanoparticle-MXene interface and a microneedle-based wearable platform, the system enables continuous monitoring of glucose, lactate, and potassium ions in interstitial fluid with high sensitivity and operational stability through a wireless multiplexed sensing architecture (sensitivities of the glucose, lactate, and K+ sensors were 6.16 nA/mM, −1.77 nA/mM, and 55.86 mV/decade, respectively). The multiplexed sensor maintains stable electrochemical performance after repeated role-switching cycles while preserving ion sensitivity. Wireless in vivo monitoring in rats captured dynamic metabolic fluctuations with strong agreement to blood-based measurements, while human serum analysis demonstrated high clinical consistency across all analytes. By decoupling sensing dimensionality from hardware complexity, this work establishes electrode multiplexing as a scalable design principle for next-generation wearable bioelectronics and continuous molecular monitoring. © 2026 Elsevier B.V.","Animals; Biosensing Techniques; Continuous Glucose Monitoring; Electrochemical Techniques; Electrodes; Equipment Design; Extracellular Fluid; Glucose; Gold; Humans; Ion-Selective Electrodes; Lactic Acid; Metal Nanoparticles; Potassium; Rats; Wearable Electronic Devices; Chemical sensors; Decoding; Electrochemical electrodes; Electrophysiology; Fiber optic sensors; Glucose; Ions; Potentiometric sensors; Wearable sensors; glucose; glucose oxidase; gold nanoparticle; lactic acid; potassium ion; glucose; gold; lactic acid; metal nanoparticle; potassium; Analytes; Continuous molecular monitoring; Electrode multiplexing; Gold nanoparticle; Gold Nanoparticles; Interstitial fluids; Microneedle wearable sensor; Microneedles; Mxene; Sensing electrode; animal experiment; animal model; Article; bioelectronics; blood pressure; cell culture; continuous molecular monitoring; cyclic voltammetry; electrochemical analysis; Fourier transform infrared spectroscopy; human; human cell; HUVEC cell line; impedance spectroscopy; in vitro study; in vivo study; interstitial fluid; male; monitoring; nonhuman; rat; scanning electron microscopy; transmission electron microscopy; ultraviolet visible spectrophotometry; wireless communication; animal; chemistry; continuous glucose monitoring; devices; electrode; equipment design; extracellular fluid; genetic procedures; ion selective electrode; isolation and purification; wearable electronic device; Gold nanoparticles","Article","Final","","Scopus","2-s2.0-105048076852"
"Batistatos M.C.; Mazilu A.I.; Oliveira D.; Aguilar S.; Cruces J.; Kourtis M.-A.; Xilouris G.; Sagias N.","Batistatos, Michael C. (54942084700); Mazilu, Antonio Ion (58653674100); Oliveira, Diogo (60085201900); Aguilar, Sergio (57193116746); Cruces, Joaquín (60861106200); Kourtis, Michail-Alexandros (55248278600); Xilouris, George (14322527100); Sagias, Nikolaos (6603001607)","54942084700; 58653674100; 60085201900; 57193116746; 60861106200; 55248278600; 14322527100; 6603001607","Service-centric UAV edge nodes: Architecture and field validation","2026","AEU - International Journal of Electronics and Communications","217","","156583","","","0","10.1016/j.aeue.2026.156583","https://www.scopus.com/pages/publications/105050151349?origin=resultslist","Unmanned Aerial Vehicles (UAVs) have become increasingly popular across a wide range of civilian domains, from precision agriculture and environmental monitoring to infrastructure inspection and emergency response, driven by rapid advances in flight autonomy, onboard sensing and miniaturized computing hardware. Yet, for UAVs to move beyond mission-specific deployments and become truly integrated into daily operations, their role must evolve: rather than functioning as flight-centric platforms that execute predefined flight plans, they need to operate as service-centric edge computing nodes capable of dynamically hosting, executing and managing application services onboard. This paper presents a service-centric UAV edge node architecture that integrates lightweight Kubernetes (K3s) container orchestration on an ARM-based companion computer within a cloud–fog–edge continuum. The system enables dynamic deployment of containerized applications during flight, through a user-facing web portal. Recognizing that UAV operations in rural, remote or disaster-affected environments frequently encounter degraded or absent broadband terrestrial coverage, the paper further proposes and experimentally validates Narrowband IoT (NB-IoT) connectivity, both terrestrial and satellite, as an innovative alternative communication solution of last resort. To the best of our knowledge, this is the first experimental implementation of NB-IoT on UAV edge platforms. The NB-IoT link operates as a bidirectional channel, supporting uplink delivery of AI inference results and telemetry as well as downlink reception of mission commands such as arming, takeoff, waypoint updates and mode changes. Two complementary paths are evaluated: (i) terrestrial NB-IoT, providing near real-time connectivity validated through laboratory and real outdoor UAV flight tests with 0% packet loss across 324 messages and 1–2 s end-to-end latency; and (ii) Non-Terrestrial Network (NTN) NB-IoT via a real 5G LEO satellite testbed, demonstrating reliable store-and-forward data offloading under realistic orbital constraints. The results demonstrate that NB-IoT provides a viable, standards-based fallback connectivity layer for service-centric UAV edge systems operating beyond the reach of broadband networks. © 2026 The Authors","Antennas; Communication satellites; Computer architecture; Containers; Emergency services; Internet of things; Mobile telecommunication systems; Network architecture; Network security; Orbits; Portals; Precision agriculture; Satellite communication systems; Telecommunication services; Aerial vehicle; Container orchestration; Edge computing; Field validation; Narrow bands; NB-iot; Non-terrestrial network; Service-centric architecture; Terrestrial networks; Unmanned aerial vehicle; Edge computing; Unmanned aerial vehicles (UAV)","Article","Final","All Open Access; Hybrid Gold Open Access","Scopus","2-s2.0-105050151349"
"Alqudsi Y.; Alameri A.; Abdallah A.M.; Ahmed G.","Alqudsi, Yunes (57201277841); Alameri, Abdullah (60797302300); Abdallah, Ayman M. (55849879400); Ahmed, Gamil (57202507578)","57201277841; 60797302300; 55849879400; 57202507578","State-of-the-art and future directions in autonomous navigation for UAVs in GNSS-denied environments: A comprehensive review of techniques, architectures, and applications","2027","Information Fusion","138","","104714","","","0","10.1016/j.inffus.2026.104714","https://www.scopus.com/pages/publications/105047804106?origin=resultslist","The widespread deployment of Unmanned Aerial Vehicles (UAVs) in complex operational settings remains constrained by reliance on Global Navigation Satellite Systems (GNSS) for accurate positioning and attitude stabilization. This manuscript provides a comprehensive review of state-of-the-art methods and architectural frameworks that enable robust autonomous navigation in GNSS-denied, degraded, or jammed environments, including indoor spaces, underground tunnels, and dense urban canyons. The review establishes a clear taxonomy that classifies navigation strategies into relative localization methods (e.g., odometry and Simultaneous Localization and Mapping, SLAM) and global localization methods based on external references and prior maps. A comparative synthesis is presented across core sensing modalities, visual, LiDAR, and inertial, highlighting their strengths, limitations, and their integration within high-performance fusion pipelines such as Visual-Inertial Odometry (VIO) and LiDAR-inertial systems. The article further surveys advanced approaches, including Ultra-Wideband (UWB) localization, Terrain-Aided Navigation (TAN), radar-based navigation, and Deep Learning and Reinforcement Learning (DRL), and discusses their roles within integrated and cooperative navigation architectures. Key operational challenges are examined, with emphasis on Size, Weight, and Power (SWaP) constraints, environmental variability, failure detection and recovery, and the long-term drift that can arise in relative methods without absolute correction. Benchmark-oriented comparisons are also synthesized to clarify reported performance trends and practical trade-offs across representative navigation frameworks. The manuscript concludes by outlining research directions focused on efficient learning models, reliable multi-modal fusion, semantic-aware mapping, and certifiable resilience mechanisms to support safety-critical GNSS-denied missions such as infrastructure inspection, search and rescue, and environmental monitoring, with relevance to both research and industrial development. © 2026 Elsevier B.V.","Air navigation; Antennas; Architecture; Benchmarking; Communication satellites; Deep learning; Deep reinforcement learning; Fighter aircraft; Global positioning system; Industrial research; Inertial navigation systems; Learning systems; Mapping; Reinforcement learning; Space-based radar; Tunnels; Ultra-wideband (UWB); Unmanned aerial vehicles (UAV); Aerial vehicle; Autonomous navigation; Global navigation satellite system-denied; Global Navigation Satellite Systems; Localisation; Localization method; Odometry; Sensor fusion; Simultaneous localization and mapping; Visual-inertial odometry; Economic and social effects","Article","Final","","Scopus","2-s2.0-105047804106"
"Zhou F.; Wang Y.; Shan F.; Wu W.","Zhou, Fangyu (59907400000); Wang, Yiqian (59163924000); Shan, Feng (50263120400); Wu, Wenjia (56162549200)","59907400000; 59163924000; 50263120400; 56162549200","Enhancing routing in dynamic and dense networks through UWB swarm ranging for embodied intelligence","2026","Computer Networks","289","","112648","","","0","10.1016/j.comnet.2026.112648","https://www.scopus.com/pages/publications/105047931114?origin=resultslist","Embodied intelligence has emerged as a key direction in Artificial Intelligence and is playing an increasingly significant role across various domains. Small embodied agents/robots, such as Unmanned Aerial Vehicles (UAVs), operate in swarm mode based on embodied intelligence and provide greater sensing and processing capabilities compared to individual agents/robots. However, they also introduce new challenges: dynamic and dense networks formed by resource-constrained embodied intelligent agents demand real-time, low forwarding overhead networking protocol. We leverage our previously proposed Ultra-Wideband (UWB) Swarm Ranging Protocol, and (1) propose a UWB-based link quality estimation method that leverages real-time inter-agent ranging to enable faster and more accurate estimation of link states, thereby mitigating the impact of network dynamics. We then (2) formulate a novel Multi-Point Relays (MPR) selection problem that aims to effectively reduce forwarding overhead while ensuring the Quality of Service (QoS) provided by selected relay nodes. An approximation algorithm is proposed, and its approximation ratio is analyzed. We also (3) design an integrated message format that combines ranging and routing functionalities, which is implemented on resource-constrained agents with a 168 MHz MCU and 192 KB memory. Lastly, both simulations and real-world experiments show that, our protocol shortens the round-trip time by approximately 54.7% compared to classic AODV protocol, while improving the packet delivery rate by approximately 17.3% over OLSR protocol. We also open-source our implementation on GitHub, providing a reproducible platform for further research and development: https://github.com/SEU-NetSI/crazyflie-firmware.git. © 2026","Antennas; Approximation algorithms; Communication channels (information theory); Intelligent agents; Internet protocols; Mobile telecommunication systems; Quality of service; Swarm intelligence; Unmanned aerial vehicles (UAV); Ad-hoc networks; Agent robots; Dense network; Dynamic network; Embodied intelligence; Multi-point relay selection; Multi-points; Relay selection; Swarm ranging; Ultrawide band; Ad hoc networks; Ultra-wideband (UWB)","Article","Final","","Scopus","2-s2.0-105047931114"
"Roussos K.; Mardini M.; Salvi M.C.","Roussos, Konstantinos (36722299000); Mardini, Mahmoud (57220071557); Salvi, Maria Cristina (59678135900)","36722299000; 57220071557; 59678135900","Byzantine fortifications and their natural settings in crete: A geo-spatial analysis","2026","Journal of Archaeological Science: Reports","74","","105947","","","0","10.1016/j.jasrep.2026.105947","https://www.scopus.com/pages/publications/105045072610?origin=resultslist","Byzantine fortifications are increasingly understood from contemporary research not as isolated or static military structures but as elements integrated into their environmental, social, and historical settings. This study examines three Middle Byzantine fortifications in the Kissamos region of northwestern Crete: Polyrrhenia, Malathyros, and Rokka. The sites, which vary in type and scale, date to the late 10th to early 13th centuries AD. Their placement is assessed through a combination of archaeological methods, including Geographic Information Systems (GIS) and remote sensing, and additionally complemented with historical sources. The analysis considers the fortifications’ relative placement to nearby arable land, grazing areas, coastal access, and possible land routes. GIS results show that Polyrrhenia commanded wide views over the coastal plain and maintained intervisibility with Malathyros and Rokka, allowing for communication and coordinated defense. Malathyros, offered more limited coastal views, yet provided oversight toward the Spatha promontory and strengthened inland connectivity. Rokka oversaw fertile catchments and had quick access to the coast, functioning as a smaller but multifunctional stronghold. Least-cost path modeling indicates that the three fortified sites were within two to three hours walking distance, supporting mobility and resource access. Land use and land cover mapping confirms that the fortifications were embedded in productive agricultural and pastoral zones. These results suggest that the fortifications formed an interconnected system of defense, resource management, and communication rather than serving only as separate defensive outposts. They reflect a deliberate dual strategic objective, in which security and economic sustainability were intertwined, with fortifications safeguarding both population and production. This perspective enhances our broader understanding of how Byzantine frontier strategies integrated military needs with local resources and may offer a comparative framework for analyzing fortified landscapes, both in other areas of the island and across Greece or the wider Byzantine Empire. © 2026","","Article","Final","All Open Access; Green Open Access; Hybrid Gold Open Access","Scopus","2-s2.0-105045072610"
"Casanova A.; Alimohammadzadeh E.; McCormirk S.; Thomas Y.R.J.; Den Dulk R.; Baldi A.; Fernández-Sánchez C.; Ghaemmaghami A.M.; Mailley P.","Casanova, Ana (57214693622); Alimohammadzadeh, Elmira (59425833700); McCormirk, Scott (60720597000); Thomas, Yohann R.J. (54797142200); Den Dulk, Remco (55504837500); Baldi, Antoni (7101714600); Fernández-Sánchez, Cesar (6603408599); Ghaemmaghami, Amir M. (6602282789); Mailley, Pascal (55904171200)","57214693622; 59425833700; 60720597000; 54797142200; 55504837500; 7101714600; 6603408599; 6602282789; 55904171200","Integration of electrochemical sensors in organ-on-a-chip microfluidic platforms: Advances and perspectives","2026","Biosensors and Bioelectronics","311","","118981","","","1","10.1016/j.bios.2026.118981","https://www.scopus.com/pages/publications/105043624239?origin=resultslist","Electrochemical sensors integrated into organ-on-a-chip (OoC) — single-organ systems and more complex multi-organ (body-on-a-chip) — microfluidic platforms constitute a rapidly advancing interface between biosensing, microfluidics, and microphysiological systems (MPS), with major implications for biomedical research, drug discovery, toxicology, and personalized medicine. By transducing biochemical and biophysical events at the tissue–device interface into quantifiable electrical signals, these sensors enable real-time, label-free, and highly sensitive monitoring of metabolites, ions, barrier integrity, and cellular activity under physiologically relevant conditions. Within OoC and MPS platforms, electrochemical sensing can be implemented through different integration strategies, including on-chip configurations such as in-line and on-line sensing directly embedded within microfluidic channels, as well as off-chip approaches. The integration of miniaturized and multiplexed electrochemical sensors into MPS enables continuous and high-throughput functional monitoring of key physiological parameters, including metabolic activity variation, biomolecules gradients, barrier function, and responses to drugs and toxic compounds. Multi-OoC configurations benefit from electrochemical readouts to interrogate dynamic inter-organ communication and systemic responses, supporting more predictive human-relevant models. This is mostly relevant for new approach methodologies (NAMs), which aim to reduce animal experimentation while improving human relevance and predictive accuracy. Overall, electrochemical sensor–integrated OoC/MPS platforms represent powerful NAMs aligned with 3Rs (replacement, reduction, and refinement) principles, enabling high-throughput screening, improved physiological relevance, and enhanced predictive modeling for drug development and regulatory applications. In this review, we address recent advances in electrochemical sensor integration within OoC and MPS platforms, discussing fabrication strategies, sensing modalities, and system-level architectures, as well as current challenges and future perspectives. © 2026 The Authors.","Animals; Biosensing Techniques; Electrochemical Techniques; Equipment Design; Humans; Lab-On-A-Chip Devices; Microfluidic Analytical Techniques; Microphysiological Systems; Biomolecules; Diagnosis; Drug products; Electrochemical biosensors; Electrophysiology; Fluidic devices; Integration; Pathology; Personalized medicine; Physiological models; Throughput; Biosensing; Electrochemicals; Microfluidic platforms; Microphysiological system; Multimodal sensing; Multiplexed biosensing; New approach methodology; New approaches; Organ-on-a-chip; System platforms; animal experiment; biotransformation; body on a chip; drug concentration; drug development; electrochemical sensor; high throughput screening; high throughput sequencing; human; human cell; interorgan interaction; metabolite; microfluidics; nonhuman; organ on a chip; personalized medicine; predictive model; reduction (chemistry); review; sensor; animal; devices; electrochemical analysis; equipment design; genetic procedures; lab on a chip; microfluidic analysis; organ on a chip; Microfluidics","Review","Final","All Open Access; Green Open Access; Hybrid Gold Open Access","Scopus","2-s2.0-105043624239"
"Zhang Y.; Zhang X.; Fang X.; Zhao X.; Xiao C.; Fan M.; Zhang Y.; Liu Z.","Zhang, Yanjiao (60680424200); Zhang, Xiaohan (58067932900); Fang, Xinyi (60901574600); Zhao, Xuefei (58185932500); Xiao, Changhao (60901079100); Fan, Mengyue (60332617400); Zhang, Yuxin (57396420600); Liu, Zhen (55823599900)","60680424200; 58067932900; 60901574600; 58185932500; 60901079100; 60332617400; 57396420600; 55823599900","Brain-body crosstalk in T2DM: An integrative framework from central sensing to peripheral feedback","2026","Neuroscience and Biobehavioral Reviews","191","","106975","","","0","10.1016/j.neubiorev.2026.106975","https://www.scopus.com/pages/publications/105050700476?origin=resultslist","Brain-body crosstalk describes the dynamic and bidirectional interactions between the central nervous system and peripheral organs, whereby the brain regulates systemic physiology while peripheral signals reciprocally influence central function. The pathophysiology of type 2 diabetes mellitus (T2DM) has expanded beyond peripheral insulin resistance to encompass dysregulated bidirectional communication between the central nervous system and peripheral organs. Despite growing recognition of brain-body crosstalk in T2DM, existing studies have largely examined individual pathways in isolation, limiting an integrated understanding of neuro-metabolic regulation. Here, we conceptualize brain–body crosstalk as a hierarchical yet reciprocal network comprising central sensing and integration, peripheral execution, and feedback regulation, and further frame its disruption in T2DM as a self-reinforcing cascade of dysregulation. We systematically examine how central neural circuits modulate peripheral organs via autonomic and neuroendocrine outputs, and how peripheral metabolic, immune, and microbial signals feedback to reshape central function. Building on this integrative framework, we critically assess emerging neuromodulation strategies and highlight key unresolved questions. This framework positions T2DM as a disorder of progressively destabilized brain–body homeostasis and identifies critical points at which this pathological feedback loop may be therapeutically interrupted. © 2026 Elsevier Ltd. All rights are reserved, including those for text and data mining, AI training, and similar technologies.","brain; central nervous system; data mining; feedback system; homeostasis; human; insulin resistance; metabolic regulation; nerve cell network; neuromodulation; non insulin dependent diabetes mellitus; nonhuman; pathophysiology; review","Review","Final","","Scopus","2-s2.0-105050700476"
"Cheng K.; Zhang Z.; Chen J.; Li H.; Cheng Z.","Cheng, Kainan (60087538800); Zhang, Zhao (58660223800); Chen, Jizhou (60228275100); Li, Huiyong (41661627800); Cheng, Ziyang (57193567720)","60087538800; 58660223800; 60228275100; 41661627800; 57193567720","Enabling OFDM-based radar for moving target detection: A waveform design for enhanced Doppler tolerance and superior range sidelobes","2027","Signal Processing","250","","110824","","","0","10.1016/j.sigpro.2026.110824","https://www.scopus.com/pages/publications/105044539061?origin=resultslist","Orthogonal frequency division multiplexing (OFDM) has been widely adopted in integrated sensing and communication (ISAC) systems due to its flexible multi-carrier structure. However, strict subcarrier orthogonality makes OFDM highly sensitive to Doppler shifts, which leads to severe performance degradation in high mobility sensing scenarios. To address this issue, this paper proposes an OFDM radar waveform design that jointly enhances Doppler tolerance, suppresses range sidelobes, and controls the peak-to-average power ratio (PAPR). The resulting quartic fractional problem is formulated to shape the discrete ambiguity function (AF) toward a desired diagonal-ridge structure under unimodular and oversampled PAPR constraints. To solve this challenging problem, an efficient algorithm is developed by integrating Dinkelbach’s transform, the alternating direction method of multipliers (ADMM), and the majorization-minimization (MM) method. Simulation results verify the effectiveness and robustness of the proposed design. © 2026 Elsevier B.V. All rights are reserved, including those for text and data mining, AI training, and similar technologies.","Carrier communication; Classifiers; Data mining; Doppler effect; Mathematical transformations; Optimization; Structural design; Waveform analysis; Doppler tolerances; Integrated sensing; Moving target detection; Orthogonal frequency division multiplexing; Orthogonal frequency-division multiplexing; Peak-to-average power ratio; Peakto-average power ratios (PAPR); Range sidelobes; Sensing systems; Waveform designs; Orthogonal frequency division multiplexing","Article","Final","","Scopus","2-s2.0-105044539061"
"Reddy N.N.K.; Kummara V.K.; Kushvaha S.S.; Sreenivasulu K.V.; Reddy M.R.; Manna A.K.; Ghfar A.A.; Castellanos K.R.; Rosaiah P.; Reddy V.R.M.; Karthik T.V.K.; Chandrasekar P.V.; Wabaidur S.M.","Reddy, Nallabala Nanda Kumar (36682766600); Kummara, Venkata Krishnaiah (57202992129); Kushvaha, Sunil Singh (56152361300); Sreenivasulu, K.V. (55943450200); Reddy, M. Ramprasad (56035199200); Manna, Ashis K (57224438026); Ghfar, Ayman A (55443562300); Castellanos, Kevin Rueda (59516334600); Rosaiah, P. (55618659700); Reddy, Vasudeva Reddy Minnam (56524508600); Karthik, T.V.K. (57190382535); Chandrasekar, P.V. (56437996200); Wabaidur, Saikh Mohammad (24336563700)","36682766600; 57202992129; 56152361300; 55943450200; 56035199200; 57224438026; 55443562300; 59516334600; 55618659700; 56524508600; 57190382535; 56437996200; 24336563700","Bifunctional WO₃ NPs/p-Si heterojunction for integrated acetone gas sensing and broadband photodetection","2026","Sensors and Actuators A: Physical","410","P1","118215","","","0","10.1016/j.sna.2026.118215","https://www.scopus.com/pages/publications/105044976267?origin=resultslist","The light detection in the broadband ranging from ultraviolet to near infrared regime has engrossed substantial attention owing to several applications such as environmental monitoring, optical communication, spectral switching, infrared imaging and memory storage. In this work, we have used WO3 metal oxide semiconductor in the nano particle (NP) state with a wide bandgap as well as higher optical absorption coefficient presenting pronounced potential in the broadband (300–1100 nm) photodetection field. The prepared cost-effective Ag/WO3NPs/p-Si heterojunction photodetector (PD) devices were successfully interpreted by I-V data in dark/illumination, EQE, D*, responsivity and NEP as a function of annealing process. At 3 V bias, the superior photosensing parameters such as responsivity of 3261 A/W, specific detectivity of 3.1×1015- 9.7×1015 Jones and EQE of 2.1×105-4.7×105% were achieved. At 0 V, the 500 ℃ PD device exhibited superior (Formula presented) values of 810 ms/680 ms at 370 nm and 260 ms/380 ms at 1000 nm light illumination. Acetone was used as the target analyte to evaluate the gas sensing capabilities at 200 and 300 °C under variable flow rates (60–300 sccm) using nitrogen as a carrier gas; among the post-annealed samples, the 700 °C device exhibited the highest sensing response (74%) and the fastest dynamics, reaching response/recovery times as low as 15/45 s. Thus, our present work sheds light on the notable potential of Ag/WO3NPs/p-Si heterojunctions in the field of broadband photodetection as well as acetone gas sensing. © 2026 Elsevier B.V. All rights are reserved, including those for text and data mining, AI training, and similar technologies.","Acetone; Annealing; Chemical detection; Chemical sensors; Cost effectiveness; Digital storage; Gas detectors; Infrared detectors; Infrared imaging; Light absorption; Nanosensors; Optical data storage; Oxides; Photons; Signal detection; Tungsten compounds; Acetone gas; Acetone sensor; Bi-functional; Broadband photodetector; Gas sensing; Light detection; Near-infrared; Photo detection; Responsivity; Tungsten oxide; Heterojunctions","Article","Final","","Scopus","2-s2.0-105044976267"
"Venugopal A.A.; Amaljith A.S.; Varghese H.; Preethikumar G.; Mohamed A.P.; Chandran A.; Pillai S.","Venugopal, Adithya A. (57219016233); Amaljith, A.S. (60815538200); Varghese, Harris (57247444600); Preethikumar, Gopika (57223972858); Mohamed, A. Peer (60805977400); Chandran, Achu (55762999900); Pillai, Saju (58771295300)","57219016233; 60815538200; 57247444600; 57223972858; 60805977400; 55762999900; 58771295300","Biomimetic coiled PVDF-HFP Fiber-based flexible triboelectric nanogenerator for self-powered interactive electronics","2026","Chemical Engineering Journal","547","","180333","","","0","10.1016/j.cej.2026.180333","https://www.scopus.com/pages/publications/105048824722?origin=resultslist","Inspired by nature, biomimicry is an efficient approach for producing mechanically robust stretchable coiled nanoarchitectures that can be integrated with lightweight, wearable, energy-harvesting devices. Herein, we report electrospun poly(vinylidene fluoride-co-hexafluoropropylene) (PVDF-HFP) membranes with a bio-inspired coiled fiber architecture, which facilitates the development of crystalline domains enriched in the electroactive β- and γ- phases. This unique morphology imparts enhanced mechanical robustness, an exceptionally high electroactive phase content (91%), and improved contact electrification performance, making the membranes highly promising for energy harvesting and self-powered sensing applications. Remarkably, PVDF-HFP 3 exhibited a tensile strength of 6.17 ± 2.4 MPa, and an elongation at break of 271 ± 22%, which was higher than those of electrospun PVDF (25 ± 04%) and non-coiled PVDF-HFP 2 (195 ± 07%) samples. The triboelectric nanogenerator (TENG) device fabricated using PVDF-HFP 3 and polydimethylsiloxane (PDMS) as the triboelectric pair generated an open circuit voltage (VOC) of 1080 VPP, a short-circuit current density (JSC) of ∼15 mAPP m−2, and a peak power density of 1.3 W m−2 at an applied force of 10 N. These values represent a ten-fold enhancement over that of the non-coiled PVDF-HFP-based device. Furthermore, a self-powered wireless electronic drum (E-drum) was developed by integrating a PVDF-HFP/PDMS triboelectric sensor array with a 3D-printed ring-shaped structure and a custom-designed Arduino Uno R4 Wi-Fi platform, enabling the conversion of mechanical tapping inputs into digital signals. The system was integrated with an MP3 player module containing pre-stored drum sounds, allowing real-time audio output upon tapping. This demonstration highlights the practical potential of biomimetic coiled-fiber TENGs and opens new avenues for their application in wearable electronics, intelligent musical interfaces, and advanced human–machine communication systems. © 2026 Elsevier B.V.","Biomimetic processes; Fibers; Flexible electronics; Nanogenerators; Polydimethylsiloxane; Triboelectricity; Biomimetic coiled fiber; Electro actives; Electrospuns; Interactive smart electronic; Nanogenerators; Poly(vinylidene fluoride-co-hexafluoropropylene); Self-powered; Smart electronics; TENG; Open circuit voltage","Article","Final","","Scopus","2-s2.0-105048824722"
